site,section,title,summary,link,published,body,clustering_index
economic_times,technology,Adobe CEO Shantanu Narayen to step down after 18 years,"Adobe said the board has started the process of identifying the next CEO and will consider both internal and external candidates. ""Leading Adobe has been the privilege of a lifetime,"" Narayen said.",https://economictimes.indiatimes.com/tech/technology/adobe-ceo-shantanu-narayen-to-step-down-after-18-years/articleshow/129562877.cms,2026-03-13 18:19:56+00:00,,
economic_times,technology,Europe takes first step to banning AI-generated child sexual abuse images,Governments and regulators ​from Europe to Asia are cracking down on sexually ​explicit content generated by Elon Musk's xAI chatbot Grok on X as well as ​sexually intimate deepfakes produced by ⁠Grok.,https://economictimes.indiatimes.com/tech/artificial-intelligence/europe-takes-first-step-to-banning-ai-generated-child-sexual-abuse-images/articleshow/129563039.cms,2026-03-13 18:28:40+00:00,,
livemint,markets,"Wall St drops, set for weekly loss as war on Iran fuels inflation worries","USA-STOCKS/ (UPDATE 5, GRAPHIC):US STOCKS-Wall St drops, set for weekly loss as war on Iran fuels inflation worries",https://www.livemint.com/market/wall-st-drops-set-for-weekly-loss-as-war-on-iran-fuels-inflation-worries-11773427022756.html,2026-03-13 18:37:02+00:00,"* Q4 GDP slashed in half, PCE inflation remains elevated, capital goods orders disappoint
NEW YORK, March 13 (Reuters) - Wall Street was lower on Friday as investors monitored developments in the war on Iran and their potential effects on the global oil supply, nearing the end of a week in which markets whipsawed in tandem with crude prices.
All three major U.S. equity indexes were lower on the day, with tech weakness weighing the Nasdaq down the most, and were on course for weekly declines. Crude prices fluctuated before inching north of $100 per barrel, even after U.S. President Donald Trump temporarily eased sanctions on Russian oil in an effort to ease supply concerns.
""Tell me what oil prices will do today and I will tell you what stocks will do today,"" said Peter Cardillo, chief market economist at Spartan Capital Securities in New York. ""(Stocks) have had some steep declines, but in some cases they cut most of the earlier losses or even reversed in some cases.""
""I suspect that's going to continue to happen,"" Cardillo added. Trump's vow to hit Iran ""very hard over the next week,"" combined with reports that the conflict had spread to Lebanon, Kuwait, Iraq, the United Arab Emirates, Bahrain and Oman, has dimmed hopes of de-escalation and near-term resolution. Trump's comments prompted Iran to tighten its grip on the Strait of Hormuz, conduit for one-fifth of the world's oil. On Thursday, the International Energy Agency said the war will cause the largest-ever disruption in global crude supply. A deluge of mostly disappointing economic indicators was dominated by the Commerce Department's sharp downward revision to fourth-quarter GDP growth, which slashed its previously-stated estimate in half, to 0.7%. The Personal Consumption Expenditures report showed little movement in the U.S. Federal Reserve's preferred inflation gauge, while other data showed weakening demand for durable goods. Despite softer economic data, the U.S. Federal Reserve was expected to leave its key interest rate unchanged at the conclusion of next week's monetary policy meeting. With the threat of spiking oil prices further stoking inflation, the odds of a near-term rate cut are dwindling.
""Inflation remains elevated, and with the possibility of energy prices eventually moving into the pipeline, the Fed is likely to stay on hold for a longer period of time,” Cardillo said.
The Dow Jones Industrial Average fell 33.00 points, or 0.07%, to 46,644.85, the S&P 500 lost 31.21 points, or 0.47%, to 6,641.41 and the Nasdaq Composite lost 208.95 points, or 0.94%, to 22,103.03.
Among the 11 major sectors of the S&P 500, communication services were down most. Utilities enjoyed the largest percentage gain.
Amid mounting concerns over credit quality, the S&P 500 financial sector fell 3.3% on the week. Design software maker Adobe fell 5.3% as longtime CEO Shantanu Narayen will leave his role once a successor is appointed, renewing worries around its strategy as it grapples with AI disruption. Meta Platforms slid 4.1% after a report said the social media behemoth has postponed the release of its artificial intelligence model ""Avocado"" to at least May.
Declining issues outnumbered advancers by a 1.62-to-1 ratio on the NYSE. There were 55 new highs and 135 new lows on the NYSE.
On the Nasdaq, 1,623 stocks rose and 2,986 fell as declining issues outnumbered advancers by a 1.84-to-1 ratio.
The S&P 500 posted 13 new 52-week highs and 8 new lows while the Nasdaq Composite recorded 29 new highs and 167 new lows.
(Reporting by Johann M Cherian, Utkarsh Hathi in Bengaluru, Stephen Culp in New York; Editing by Maju Samuel, Devika Syamnath and David Gregorio)",
economic_times,industry-auto,Auto sector races to record February on double-digit sales growth,"Indian automobile sales surged in February, marking the highest ever for the month. Passenger vehicles, two-wheelers, and three-wheelers recorded double-digit growth. This robust performance follows recent GST reductions. The industry anticipates continued demand in March. However, ongoing West Asia conflict poses potential supply chain and export challenges. Manufacturers are monitoring geopolitical developments closely.",https://economictimes.indiatimes.com/industry/auto/auto-news/auto-sector-races-to-record-february-on-double-digit-sales-growth/articleshow/129563391.cms,2026-03-13 18:45:08+00:00,"Indian automobile sales surged in February, marking the highest ever for the month. Passenger vehicles, two-wheelers, and three-wheelers recorded double-digit growth. This robust performance follows recent GST reductions. The industry anticipates continued demand in March. However, ongoing West Asia conflict poses potential supply chain and export challenges. Manufacturers are monitoring geopolitical developments closely.
Choose your reason below and click on the Report button. This will alert our moderators to take action
Log out of your current logged-in accountand log in again using your ET Prime credentials  to enjoy all member benefits.
Trump temper on H-1B visas is forcing Indians to do these things to stay put in US
Why veterans like Reliance, L&T are on acquisition spree? Aswath Damodaran has an answer.
Huawei launches its own OS to compete with Google and Apple. But can it win beyond China?
Check the score based on the company's fundamentals, solvency, growth, risk & ownership to decide the right stocks.
Analyze the market sentiments & identify the trend reversal for strategic decisions.
Ask your stock queries & get assured replies by ET appointed, SEBI registered experts.
Read your daily newspaper in Digital View & get it delivered to your inbox everyday.",
livemint,markets,Dollar rises broadly as investors weigh Middle East risks,GLOBAL-FOREX/ (UPDATE 3):FOREX-Dollar rises broadly as investors weigh Middle East risks,https://www.livemint.com/market/dollar-rises-broadly-as-investors-weigh-middle-east-risks-11773427516643.html,2026-03-13 18:45:16+00:00,"NEW YORK, March 13 (Reuters) - The U.S. dollar rose across the board on Friday, set for a second straight weekly gain, as the war in the Middle East drove investors toward safe-haven assets and weighed on energy-sensitive currencies such as the euro.
President Donald Trump said the U.S. was going to be hitting Iran ""very hard over the next week"", shortly after issuing a partial 30-day waiver for purchases of sanctioned Russian oil, hoping to ease prices fuelled by the U.S.-Israeli war on Iran. A sharp and prolonged rise in oil prices would severely hurt the economies of Japan and the euro zone, which are heavily reliant on crude imports, while the United States would be relatively insulated, having been a net crude exporter for almost a decade.
""Global investors are unwinding cross-border exposures, pushing money into safe havens, and punishing currencies issued by net energy importers,"" said Karl Schamotta, chief market strategist at Corpay in Toronto.
The euro was 0.6% lower against the dollar at $1.14395. The dollar index, which measures the greenback's strength against a basket of currencies, was up 0.7% at 100.35. The index is up 1.5% for the week.
""As the war drags on, both Tehran and Washington have strong motivations for returning to the negotiating table and there are good reasons to suspect they could strike a face-saving bargain as soon as this weekend,"" said Schamotta.
INFLATION WATCH Data on Friday showed U.S. consumer spending increased slightly more than expected in January, which together with continued strength in underlying inflation and the dragging war in the Middle East, bolstered economists' views that the Federal Reserve would not resume cutting interest rates for some time.
""The latest personal consumption expenditures inflation data tells us that the inflation picture wasn’t looking good even before the Middle East crisis,"" Sonu ‌Varghese, global macro strategist at Carson Group, said in a note.
""An already large headache for the Federal Reserve is going to turn into an even larger one, and it’s likely the Fed will not cut rates in 2026 and may even start talking about rate hikes later this year,"" ‌Varghese said.
EURO PAIN Investors await the European Central Bank policy meeting next Thursday, while traders bet that surging oil prices could push the central bank to hike rates this year.
Still, economists remain wary of monetary tightening in economies where dependence on fuel imports means surging energy costs are likely to weigh on growth.
""It has become very clear that shipping through the Strait of Hormuz could be affected for a while,"" Jane Foley, head of FX strategy at Rabobank, said in a note.
""We have therefore reduced our EUR/USD forecasts on a 1- and 3-month view to 1.14 and 1.15 respectively from 1.16,"" she said.
Against the Japanese yen, the dollar rose to its strongest level since July 2024 and was last trading up 0.2% at 159.67 yen.
Japan is ready to take the necessary steps against yen moves that impact people's lives, Finance Minister Satsuki Katayama said on Friday, adding that she was in close contact with U.S. authorities on foreign exchange issues.
""Policymakers are likely to take a dim view of the effect that exchange rate weakness will have on already-soaring import bills,"" Schamotta said, noting that pressure to intervene to prop up the battered yen could increase in coming days and weeks.
Leading cryptocurrency bitcoin was 1.2% higher at $71,021, after rising to a nine-day high earlier in the session. (Reporting by Saqib Iqbal Ahmed in New York; Additional reporting by Stefano Rebaudo in London; Editing by William Maclean, Kirsten Donovan)",
economic_times,industry-auto,Urea shortage to halt goods movement? Auto industry warns diesel truck fleet could be immobilised,"Industry body Society of Indian Automobile Manufacturers (SIAM) has told the govt that supply uncertainties linked to the ongoing Iran war could disrupt the availability of TGU, which is essential for producing DEF required to operate these vehicles.",https://economictimes.indiatimes.com/industry/auto/auto-news/urea-shortage-to-halt-goods-movement-auto-industry-warns-diesel-truck-fleet-could-be-immobilised/articleshow/129563505.cms,2026-03-13 18:53:35+00:00,"Industry body Society of Indian Automobile Manufacturers (SIAM) has told the govt that supply uncertainties linked to the ongoing Iran war could disrupt the availability of TGU, which is essential for producing DEF required to operate these vehicles.
Choose your reason below and click on the Report button. This will alert our moderators to take action
Log out of your current logged-in accountand log in again using your ET Prime credentials  to enjoy all member benefits.
Trump temper on H-1B visas is forcing Indians to do these things to stay put in US
Why veterans like Reliance, L&T are on acquisition spree? Aswath Damodaran has an answer.
Huawei launches its own OS to compete with Google and Apple. But can it win beyond China?
Check the score based on the company's fundamentals, solvency, growth, risk & ownership to decide the right stocks.
Analyze the market sentiments & identify the trend reversal for strategic decisions.
Ask your stock queries & get assured replies by ET appointed, SEBI registered experts.
Read your daily newspaper in Digital View & get it delivered to your inbox everyday.",
livemint,markets,Yields mixed as PCE eases fears but oil keeps markets cautious,USA-BONDS/ (UPDATE 1):TREASURIES-Yields mixed as PCE eases fears but oil keeps markets cautious,https://www.livemint.com/market/yields-mixed-as-pce-eases-fears-but-oil-keeps-markets-cautious-11773428264214.html,2026-03-13 18:57:43+00:00,"* Jobs report overshadowed by oil price concerns (Updated in New York afternoon time)
NEW YORK, March 13 (Reuters) - U.S. Treasury yields were mixed on Friday after data showed the Federal Reserve's preferred inflation measure was in line with economists' expectations in January, while concerns over oil prices kept investors nervous about an uptick in price pressures. The Personal Consumption Expenditures price index increased 0.3% in January after rising 0.4% in December. Excluding the volatile food and energy components, the PCE price index rose 0.4% after a similar gain in December.
""The January core PCE wasn't quite as bad as feared,"" said Matt Bush, U.S. economist at Guggenheim Investments. The two-year note yield, which typically moves in step with Fed interest-rate expectations, fell three basis points to 3.732%. The yield on benchmark U.S. 10-year notes rose one basis point to 4.283%.
The yield curve between two- and 10-year notes steepened by around three basis points to 55 basis points.
Traders this week have pushed back expectations on when the U.S. Fed will cut rates as oil prices jump on supply disruptions caused by the U.S.-Israeli war on Iran.
Crude futures climbed on Friday as the Strait of Hormuz remained closed, but analysts were wary the weekend might bring surprise changes in the status of the war two weeks after it started. Traders are pricing in 22 basis points of cuts by year-end, down from more than 50 basis points before the war broke out, indicating rising doubts the Fed will make a second 25-basis-point cut by end-2026. Some analysts and economists view the pricing as potentially having gone too far.
""You would need to see a very large rise in energy sustained for several months to really have a meaningful impact on core inflation,"" said Bush, adding, ""The second component here is that an energy shock also is negative for economic growth in the labor market.""
""The labor market has already been in a fragile spot. So it's not clear-cut to me that higher oil prices would necessarily lead to a tighter path for Fed policy, given both sides of their dual mandate are going to be affected,"" Bush said.
Concerns over the recent surge in oil prices have largely overshadowed an unexpectedly weak jobs report for February.
""Front-end USD rates are likely to continue to trade with energy prices over the near term, however a protracted conflict can shift the focus from inflation to growth,"" Wells Fargo macro strategists said on Friday in a report. Other data on Friday showed that U.S. economic growth slowed more sharply in the fourth quarter than initially thought, while U.S. job openings increased in January, though hiring was lackluster.
The Fed is expected to keep interest rates unchanged at the conclusion of its two-day meeting on Wednesday.
Traders will focus on comments from Chair Jerome Powell for clues on how higher oil will impact Fed policy going forward. Policymakers will also update their interest rate and economic forecasts.
However, ""The Fed has a relatively high bar to out-hawk market expectations,"" Wells Fargo said.",
livemint,markets,European Stocks Erase Losses as Oil Slips Below $100 a Barrel,"European stocks rose Friday as oil prices slipped below $100 a barrel, following news reports of an Indian tanker’s passage from the Strait of Hormuz, a key shipping artery that’s been effectively shut amid the Iran war.",https://www.livemint.com/market/european-stocks-erase-losses-as-oil-slips-below-100-a-barrel-11773428264137.html,2026-03-13 18:57:43+00:00,"(Bloomberg) -- European stocks rose Friday as oil prices slipped below $100 a barrel, following news reports of an Indian tanker’s passage from the Strait of Hormuz, a key shipping artery that’s been effectively shut amid the Iran war.
The Stoxx Europe 600 was up 0.1% as of 12:25 p.m. in London, reversing earlier losses. The moves followed oil’s decline to just above $99 a barrel. India is said to have been in talks with Iran to secure the safe passage of more than 20 tankers, with news reports suggesting Iran had permitted India-flagged vessels to pass through the Strait.
The decline in the oil price also knocked bond yields lower and helped financials erase some of their earlier losses. However, defensives such as utilities and health care continued to outperform, while miners and consumer names stayed under pressure.
Among individual movers, BE Semiconductor Industries NV shares surged as much as 14% on a Reuters report that the semiconductor equipment firm is fielding takeover interest. Zalando rose as much as 9% after an upgrade from Bernstein. To the downside, Vivendi SE fell after revenue missed forecasts, while housebuilder Berkeley Group Holdings Plc dropped after warning the conflict was “weighing heavily on risk sentiment.”
European equities outperformed their US peers in the first two months of the year, amid optimism about fiscal spending and lower interest rates, but fears of a stagflation shock from the Iran war has weighed them down in March. European stock funds suffered their first outflow in six weeks at $200 million in the week through Wednesday, according to EPFR Global data cited by Bank of America Corp.
Meanwhiile, Germany’s DAX has produced a higher number of days with moves of 1% in either direction over the past month, adding a 10-day on Friday before paring the decline.
“With an oil price above $100 inflation expectations are probably too low, the longer this drags on the more worried I am for equity markets,” said Rhynhardt Roodt, chief investment officer of equities at Ninety One Plc.
Financial markets showed signs of frustration that the Iran conflict continues to rage on... The loss of momentum in the gold price weighed on the FTSE 100 as shares fell in precious metal producers Fresnillo and Endeavour Mining. More broadly, it was one of those days when nearly everything at the top end of the UK market was down. In the first half hour of trading, only Shell and Schroders were up.
Given the spike in equity market volatility and a more contained uptick in high yield credit spreads, both in Europe and the US, I think we are past a significant portion of deleveraging in risky assets. Historically, this is the time when investors should start to focus on what could improve down the road.
Markets are pricing in the risk of a longer conflict, which would hurt Europe and Asia more than the US.
You want more news on this market? Click here for a curated First Word channel of actionable news from Bloomberg and select sources. It can be customized to your preferences by clicking into Actions on the toolbar or hitting the HELP key for assistance. To subscribe to a daily list of European analyst rating changes, click here.",
reuters,world,US judge orders Trump administration to continue funding consumer watchdog agency - Reuters,"<a href=""https://news.google.com/rss/articles/CBMivAFBVV95cUxQSGdXRzN0RGFHMmlfengzOFBFTjJ3eDFoWjBuMTdqeDNPRzlVU24wczcyLXY2WU41clZWazBFUHRacERtR2w0V3loejdnZGt0ZXR3WXplbHlYNTJ0RHctblRHbGo4MzgwNDgzeGZHQnpfcEJRaTdEbEV1c0QtQUdhd0Y2RjUzTkZFZlZuZlFfaWlMa1hqdkJZaTJzbDUxT1lNYWFEdXNKU3I0dlZDdU9pcjZnOE5sbnRTUFE5eQ?oc=5"" target=""_blank"">US judge orders Trump administration to continue funding consumer watchdog agency</a>&nbsp;&nbsp;<font color=""#6f6f6f"">Reuters</font>",https://news.google.com/rss/articles/CBMivAFBVV95cUxQSGdXRzN0RGFHMmlfengzOFBFTjJ3eDFoWjBuMTdqeDNPRzlVU24wczcyLXY2WU41clZWazBFUHRacERtR2w0V3loejdnZGt0ZXR3WXplbHlYNTJ0RHctblRHbGo4MzgwNDgzeGZHQnpfcEJRaTdEbEV1c0QtQUdhd0Y2RjUzTkZFZlZuZlFfaWlMa1hqdkJZaTJzbDUxT1lNYWFEdXNKU3I0dlZDdU9pcjZnOE5sbnRTUFE5eQ?oc=5,2026-03-13 19:06:06+00:00,,
reuters,world,"Judge blocks subpoenas against Fed Chair Powell, DOJ to appeal - Reuters","<a href=""https://news.google.com/rss/articles/CBMirgFBVV95cUxNR19PbFVwMlN4MEg5ZDBLN0duQ0xtTDVtWEFLZTBUYTRJNUFjeWNsRDhMeGl6OUdtSXA1Z3VwUVl5dHhubm1XNEZGVnRPMTBFa1lBaDgwZ3JtYUFGOWRtaDRRM0dXVE50MTctWjY2Vk1vZUdtTWkyVXpqdEhhNi1OWjliUEJqV3BldzNXRDNjLWlvSGw5RlFOX1pteTVEN3VyMGlCa1V0UlhiaVlndlE?oc=5"" target=""_blank"">Judge blocks subpoenas against Fed Chair Powell, DOJ to appeal</a>&nbsp;&nbsp;<font color=""#6f6f6f"">Reuters</font>",https://news.google.com/rss/articles/CBMirgFBVV95cUxNR19PbFVwMlN4MEg5ZDBLN0duQ0xtTDVtWEFLZTBUYTRJNUFjeWNsRDhMeGl6OUdtSXA1Z3VwUVl5dHhubm1XNEZGVnRPMTBFa1lBaDgwZ3JtYUFGOWRtaDRRM0dXVE50MTctWjY2Vk1vZUdtTWkyVXpqdEhhNi1OWjliUEJqV3BldzNXRDNjLWlvSGw5RlFOX1pteTVEN3VyMGlCa1V0UlhiaVlndlE?oc=5,2026-03-13 19:25:05+00:00,,
livemint,companies,"JPMorgan, Partners Group Cancel UAE Events as War Drags On",JPMorgan Chase &amp; Co. and Partners Group Holding AG have canceled upcoming gatherings in the UAE as the Iran war prompts a rethink of events in the region.,https://www.livemint.com/companies/jpmorgan-partners-group-cancel-uae-events-as-war-drags-on-11773432504414.html,2026-03-13 20:08:24+00:00,"JPMorgan Chase & Co. and Partners Group Holding AG have canceled upcoming gatherings in the UAE as the Iran war prompts a rethink of events in the region.
Partners Group has moved its annual global gathering of investors to Switzerland from Abu Dhabi, people familiar with the matter said, declining to be identified discussing the matter. The client AGM will be held on April 13 and 14 near Zurich, they said.
JPMorgan is re-scheduling its MENA Global Opportunities Conference, an invitation-only event for institutional investors, corporate executives, and financial sponsors, other people said. The event was due to be held in Dubai on March 30 and 31.
A representative for Partners Group confirmed the changed location for its event. A spokesperson for JPMorgan declined to comment.
In recent years, the UAE has emerged as a magnet for hedge funds, private capital and global banks, with several setting up local offices and announcing plans to boost headcount in the region. Attacks on the UAE, part of an unprecedented Iranian response to US and Israeli strikes, have damaged the Gulf hub’s pitch as a regional safe haven.
Some Wall Street firms have responded to recent events by temporarily allowing staff in the United Arab Emirates to work remotely, or from other locations. Still, most firms have emphasized they expect the region to recover its allure once the region stabilizes.
The changes come after Token2049, one of crypto’s largest conferences globally, said it will no longer hold its Dubai event as planned next month. The two-day event will now be postponed to April 2027.
Partners Group plans to relocate members of its investment team to Abu Dhabi “as soon as the current situation has de-escalated,” Suhail Albaz, the firm’s chairman for the Middle East, Africa, and Central Asia, said in emailed comments.
Partners Group was one of the early private capital firms to establish a footprint in the Middle East, opening its Dubai office in 2010. The firm set up its Abu Dhabi regional headquarters in 2025 and CEO David Layton told Bloomberg Television on Tuesday that the firm still plans to open an office in Kuwait.
The Zug, Switzerland-based firm is working on plans to hold its 2027 client AGM in Abu Dhabi, the people said.
This article was generated from an automated news agency feed without modifications to text.",
reuters,world,"US judge temporarily blocks Trump from ending protections for 1,100 Somalis - Reuters","<a href=""https://news.google.com/rss/articles/CBMiqwFBVV95cUxOd3VUbF8wSjZVYUtobGNyUHdBX2M0VXFNQVg4N21fY3BUUXhYbEJTZUstVWhUbTVZaGZoQXZSRDY1TzhkYndBWnduWFhTZjE5bllaVEV3M1o0aUdpMFFLNlh0YXA3MXBaRWdNcUgxN0xJbWVJX2pfTUlxZmJjeGV6WEI3M19KcGhPUS1TZ2VTcUM4WllKZHhCT0NPeTd4WmVpdUZIMkQ0aXA2amc?oc=5"" target=""_blank"">US judge temporarily blocks Trump from ending protections for 1,100 Somalis</a>&nbsp;&nbsp;<font color=""#6f6f6f"">Reuters</font>",https://news.google.com/rss/articles/CBMiqwFBVV95cUxOd3VUbF8wSjZVYUtobGNyUHdBX2M0VXFNQVg4N21fY3BUUXhYbEJTZUstVWhUbTVZaGZoQXZSRDY1TzhkYndBWnduWFhTZjE5bllaVEV3M1o0aUdpMFFLNlh0YXA3MXBaRWdNcUgxN0xJbWVJX2pfTUlxZmJjeGV6WEI3M19KcGhPUS1TZ2VTcUM4WllKZHhCT0NPeTd4WmVpdUZIMkQ0aXA2amc?oc=5,2026-03-13 20:08:56+00:00,,
reuters,world,"US offers reward for information on Iran's supreme leader, senior officials - Reuters","<a href=""https://news.google.com/rss/articles/CBMivAFBVV95cUxPRWRBSW9DZHVCaHJYcWJwUXkzTjNCT1E4Z0dqREZjRGI0YnozaWx3VGJpTUZDOFdnR0hsZG5OaEdqamdXdUczN3pSZE9PSWduVW96X3FDRUxzU3NLSTZxLWlFX1lTM0hNT1FjYVNTMFRVeWltUHlpTFppTG5HVFpsZHVrY25odVdZRzdsU25pSjNBWlBpVHVqSmNrd28xOEF6RzFTa19XMnBoUUxHT2VOTTcteGoyam5kY1B1bA?oc=5"" target=""_blank"">US offers reward for information on Iran's supreme leader, senior officials</a>&nbsp;&nbsp;<font color=""#6f6f6f"">Reuters</font>",https://news.google.com/rss/articles/CBMivAFBVV95cUxPRWRBSW9DZHVCaHJYcWJwUXkzTjNCT1E4Z0dqREZjRGI0YnozaWx3VGJpTUZDOFdnR0hsZG5OaEdqamdXdUczN3pSZE9PSWduVW96X3FDRUxzU3NLSTZxLWlFX1lTM0hNT1FjYVNTMFRVeWltUHlpTFppTG5HVFpsZHVrY25odVdZRzdsU25pSjNBWlBpVHVqSmNrd28xOEF6RzFTa19XMnBoUUxHT2VOTTcteGoyam5kY1B1bA?oc=5,2026-03-13 20:18:34+00:00,,
livemint,companies,The KPop Demon Hunters’ Tourism Wave Is Just Getting Started,The Netflix film has already spurred increased interest in trips to Seoul. The way its fans are engaging with Korean culture makes it an even more notable phenomenon.,https://www.livemint.com/companies/the-kpop-demon-hunters-tourism-wave-is-just-getting-started-11773433247637.html,2026-03-13 20:20:47+00:00,"(Bloomberg) -- Honolulu-based Christine Kim was early on the KPop Demon Hunters travel trend. In fairness, her trip to Seoul with her husband and kids was already on the books before the Netflix film came out in June 2025. The plan, initially at least, was to visit grandparents. But then Rumi, Zoey and Mira, the movie’s protagonists, became her 5-year-old daughter’s idols, and the itinerary got rewritten in real time. When they visited a jimjilbang, or Korean spa, and the Namsan Tower, the setting for the rival Saja Boys’s final show in the movie, the Kims’ family trip turned into the ultimate bragging rights.
“My daughter seemed to be totally shocked that the places from the movie were real,” Kim says via text. “She was so excited, she was speechless.”
It wasn’t just her daughter who bought into the cultural moment. “I bought my son a black hanbok and gat [traditional clothing and hat] so he could be a Saja Boy for Halloween,” Kim recalls. “And when we went to the Nike Store at Myeongdong, my daughter made a T-shirt with a magpie bird on it because of the KPop Demon Hunters character.”
As of late 2025, KPop Demon Hunters remained Netflix’s most-watched original film of all time with more than 500 million views. In case you don’t have small children or somehow managed to escape the phenomenon, the animated action-musical produced by Sony Pictures Animation follows Huntrix, a K-pop girl group whose chart-topping hits help them take down demons that threaten humanity.
If it was the critical and commercial hit that nobody saw coming, as Korean-Canadian animator Maggie Kang recently told Bloomberg News’ Mishal Husain in a lengthy interview, it’s also now becoming the travel catalyst that nobody saw coming. According to data from Trip.com, in the three months after the movie’s release, global flight bookings to South Korea climbed 25% over the same period the year before, in what could be the latest film-driven travel obsession. (The stats don’t tease out the motivations for travel.)
After all, Korea was already booming as a destination among international tourists. But there are reasons to believe that KPDH has at least something to do with the spike. The broader hallyu phenomenon, also referred to as the Korean Wave, has clearly driven the rising global popularity of Korean culture and its connections to tourism.
Boy-band BTS has been a hallyu headliner since 2018, drawing hundreds of thousands of fans to Seoul for its concerts. Best picture winner Parasite and streaming thriller Squid Game played a role after their debuts in 2019 and 2021; girl-band Blackpink has had similar international success. The popularity of Korean skin-care and beauty videos, consumed mostly on TikTok by Generation Z, has also inspired plenty of long-haul vacations. KPDH’s influence adds to all of that.
In July 2025, the month following the debut of the hit song Golden on Spotify, according to Seoul’s city government, 1.36 million international travelers visited the capital city, 23.1% more than the year before. That immediate growth was attributed to tourists from China, Japan, Taiwan and the US, with the government saying their trips were “fueled by the KPop Demon Hunters craze,” a possible reflection of how the movie broke out regionally before becoming a broader, international phenomenon in the US and beyond.
This upward trend continued in the following months, helping South Korea achieve a record-breaking 18.9 million foreign tourists in 2025, according to data from the country’s tourism board.
That tourism spike may well outlast the movie’s initial burst of popularity, given that awards season is keeping it fresh in audiences’ minds. On Jan. 11, KPDH took home Golden Globes in the categories of best animated motion picture and best original song in a motion picture; it also won best song written for visual media at the 2026 Grammys and swept the animation-centric Annie Awards with 10 out of 10 possible wins. Now it’s heavily favored to take two Oscars on March 15. On March 12, Netflix confirmed a sequel is in the works.
Considering that long-haul trips take time to plan and tourism trends and statistics are often revealed on a quarterly or semi-annual basis, the ripples of KPDH’s influence in the travel sphere are just beginning to take shape.
Neil Hassall, who runs the Facebook group South Korea Travel Tips and Planning says KPop Demon Hunters fans have boosted the popularity of his group in a way he hasn’t seen since at least Squid Game. In June 2025 he had 65,000 members, he says; by January 2026, that number had almost doubled to 120,000.
In Seoul, Bukchon Hanok Village — the neighborhood of traditional homes where characters Rumi and Jinu meet up for the first time — has emerged as a must-visit destination for more than just architecture and history buffs. The movie’s fans have helped make it the setting for one of the top trending Seoul tours on Trip.com. Searches for the National Museum of Korea on Trip.com have also increased 34% year-over-year since the film’s release, as fans flock to the museum’s gift shop to buy movie merchandise.
Creatrip, a Korean travel platform that helps international visitors book restaurants, K-beauty services and hanbok rentals, has also benefited from the popularity of KPop Demon Hunters. Bookings for jimjilbangs and seshin  services, two types of bathhouse scrubs seen in the movie, were up 115% in the summer months after the movie’s release, compared with the spring months immediately prior. (It’s worth noting that spring and fall are usually a more popular time for travelers to visit Korea than summer.) During the same months of the year prior, they’d grown by just 17%.
Medical clinics focusing on acupuncture, cupping and a type of herbal medicine called hanyak — which Rumi tries to use to heal her voice — were up 409% in 2025 compared to the year prior, also according to Creatrip.
Data from the Berlin-based excursions booking site Get Your Guide shows similar growth. Takao Nishina, the company's regional manager for Japan and South Korea, says tour bookings for locations featured in the film — including Gyeongbokgung Palace, Sky Lotte World Tower, N Seoul Tower and Bukchon Hanok Village — have grown by more than 350% in 2025 compared to the year prior.
Pop-up cafes, character meet-and-greets in the Brooklyn-esque neighborhood of Seongsu-dong and other directly tied experiences are springing up to meet the moment. Kuala Lumpur-based physician Irina Ishak took her family to one such KPDH pop-up in Seongsu-dong in December, and considers it a highlight of their trip.
“The kids know all the characters and the moments in the movie,” Ishak says via text. “The pop-up was three floors with character cutouts and scenes to take a picture at each corner. There were a few interactive corners like finding a glow-in-a-dark Derpy cat print using a torch. The kids absolutely loved it.”  View this post on Instagram
Creatrip chief executive officer Haemin Yim believes the KPop Demon Hunters fervor is unlike anything Korea has seen in previous hallyu-driven tourism waves. In the past if people were coming for K-pop, she says, their goal was to see concerts, visit K-pop group agencies and go to cafes for “fandom-driven pilgrimage.” The appeal this film has had with English speakers — travelers from the US, UK, Canada and Australia — has given this wave much broader global traction and deeper engagement with aspects of Korean culture that stretch well beyond singing and dancing.
“Every major cultural element in the film — hanbok, jimjilbang, gimbap, samgyetang, K-pop dance, traditional medicine — is something a tourist can directly book and experience in Korea. The film essentially functions as a 90-minute showcase of Korean daily life, except it’s wrapped in a story that 500 million people watched,” she says.
Set-jetting, the trend in which people plan trips to places they’ve seen on screen, has been dominant elsewhere, to the point of causing overcrowding in some places. Hallstatt, Austria, has become an overtourism poster child ever since families realized it was the real-life inspiration for the kingdom of Arendelle in Frozen. And Disney’s Encanto has driven more moderate tourism traffic to Colombia’s coffee region, a place that was far off the radar for many international travelers beforehand. View this post on Instagram
In Seoul, KPop Demon Hunters’ fandom has not yet stoked concerns of overtourism, and it may never do so. Whereas most film- and television-inspired travelers focus their attention on a small number of highly recognizable locations, KPDH fans have myriad ways to step into Rumi, Mira and Zoey’s demon-slashing shoes. The way in which the film is spreading fans out to a variety of sites and experiences may in fact make it a poster child for what sustainable set-jetting could look like.
Kim, the Honolulu-based mom of two, says the movie is also trailblazing in other ways. “The artwork is beautiful, the music is great and it filled a void,” she says. “There aren’t a lot of movies with girl super heroes.”
(Updates with Get Your Guide tour growth in 16th paragraph, and awards wins in 10th.)",
reuters,world,"Zelenskiy says US sought postponement of talks on war settlement, Ukrainian media reports - Reuters","<a href=""https://news.google.com/rss/articles/CBMiswFBVV95cUxQR21ZdXBYaEh1MEhxM3hQajJhRlJXSGd3Y1NRemhIdUY1SGhBQ3FhT2lYdm1oNjY2YVowSnpNTW91c3ZzQktUbWwtR1pWX3JrRkt4X011akttYllvX1NhbTR1dmhYTXhxa3JCTDBieDZvekxBd0xQSEdxcDRfSjZwUUl2cVFzYXdCUTUyY3NreTJQcE9lbXEwMlNrc3MySEJoSTZ5ZzdxY3U2aWZWcVJISkNiVQ?oc=5"" target=""_blank"">Zelenskiy says US sought postponement of talks on war settlement, Ukrainian media reports</a>&nbsp;&nbsp;<font color=""#6f6f6f"">Reuters</font>",https://news.google.com/rss/articles/CBMiswFBVV95cUxQR21ZdXBYaEh1MEhxM3hQajJhRlJXSGd3Y1NRemhIdUY1SGhBQ3FhT2lYdm1oNjY2YVowSnpNTW91c3ZzQktUbWwtR1pWX3JrRkt4X011akttYllvX1NhbTR1dmhYTXhxa3JCTDBieDZvekxBd0xQSEdxcDRfSjZwUUl2cVFzYXdCUTUyY3NreTJQcE9lbXEwMlNrc3MySEJoSTZ5ZzdxY3U2aWZWcVJISkNiVQ?oc=5,2026-03-13 20:29:50+00:00,,
reuters,world,Kennedy Center President Grenell to transition out of his role - Reuters,"<a href=""https://news.google.com/rss/articles/CBMiowFBVV95cUxOYzVCZV9PVTQwN2ZfVEF0Q2ZoMTRUN1kzdE9DVTgwRXhVNm9VMFJ2N051c3JMdUoyRGIyUUJSc2tBNFI5N2V6UkhCM1U1SW5UaXlCaTU5dXl2dmRxX3NuREVpT3RNMk9VX0QwcWxsQk9hNG1EcjkxNFk3b3pzZzdoZTRFUFFTYml1OUFpR2Jza3E0UHY3Mm1tQjBTQUhyc3dBUVow?oc=5"" target=""_blank"">Kennedy Center President Grenell to transition out of his role</a>&nbsp;&nbsp;<font color=""#6f6f6f"">Reuters</font>",https://news.google.com/rss/articles/CBMiowFBVV95cUxOYzVCZV9PVTQwN2ZfVEF0Q2ZoMTRUN1kzdE9DVTgwRXhVNm9VMFJ2N051c3JMdUoyRGIyUUJSc2tBNFI5N2V6UkhCM1U1SW5UaXlCaTU5dXl2dmRxX3NuREVpT3RNMk9VX0QwcWxsQk9hNG1EcjkxNFk3b3pzZzdoZTRFUFFTYml1OUFpR2Jza3E0UHY3Mm1tQjBTQUhyc3dBUVow?oc=5,2026-03-13 20:46:53+00:00,,
reuters,world,UN official calls for humanitarian cargo to be allowed through Strait of Hormuz - Reuters,"<a href=""https://news.google.com/rss/articles/CBMiwAFBVV95cUxON2xEWkhmRmxuNVJfNnY4ZERJREZxMm5HYXVzUGdiT3VzSWF5d19aVnp4eUllcUdja2FhbWpjQXI4YmdIbks3aTU5MW1MUFRsSFAzdlZNNTJOdFA4MThUQjdsbjA1QnJ2bTZhamdNeVJxaDJPVWdIbjd1aG4xenJfdXpiTmt5UDd2TnIzQzRmRW9WaEFpdldTRW5nbEwtOXF4UU5RQmw5Z0g4dHZLeS1FaHlIT01sUExwenI3RVRZd2o?oc=5"" target=""_blank"">UN official calls for humanitarian cargo to be allowed through Strait of Hormuz</a>&nbsp;&nbsp;<font color=""#6f6f6f"">Reuters</font>",https://news.google.com/rss/articles/CBMiwAFBVV95cUxON2xEWkhmRmxuNVJfNnY4ZERJREZxMm5HYXVzUGdiT3VzSWF5d19aVnp4eUllcUdja2FhbWpjQXI4YmdIbks3aTU5MW1MUFRsSFAzdlZNNTJOdFA4MThUQjdsbjA1QnJ2bTZhamdNeVJxaDJPVWdIbjd1aG4xenJfdXpiTmt5UDd2TnIzQzRmRW9WaEFpdldTRW5nbEwtOXF4UU5RQmw5Z0g4dHZLeS1FaHlIT01sUExwenI3RVRZd2o?oc=5,2026-03-13 20:59:47+00:00,,
livemint,markets,EM Eyes Back-to-Back Weekly Slump as Iran War Sparks Risk-Off,Emerging-market assets are heading for their second week of losses as the Middle East crisis shows no signs of abating and concerns grow over the impact of high oil prices.,https://www.livemint.com/market/em-eyes-back-to-back-weekly-slump-as-iran-war-sparks-riskoff-11773435898598.html,2026-03-13 21:04:58+00:00,"Emerging-market assets are heading for their second week of losses as the Middle East crisis shows no signs of abating and concerns grow over the impact of high oil prices.
The MSCI Emerging Markets Index fell as much as 1.7% on Friday and was heading for a weekly loss of more than 2%. Currencies, meanwhile, declined to a fresh session low as the greenback and oil surged on reports the Pentagon is moving a Marine expeditionary unit to the Middle East, as Iran steps up its attacks on the Strait of Hormuz. The South African rand — often a measure of risk appetite, led losses, followed by Eastern European and Latin American currencies.
“The Middle East conflict and its repercussions for energy prices and broader market volatility have shaken EM assets’ defences,” Barclays analysts wrote in a Friday note. “While the duration of the war will likely be key to the broader outlook, external, fiscal and monetary policy buffers may bring some differentiation.”
South African stocks are heading for a correction, having fallen 10% since peaking in late February. Investors unwound bullish bets that made the country’s stock market one of the big gainers last year.
The sour market mood worsened after US President Donald Trump reacted to Iran’s defiance by threatening more attacks. On Friday, the US said it had stepped up strikes on Iran as the war hit the two-week mark and continued to upend energy flows and global markets.
“Risk sentiment suffers from the lasting conflict,” analysts at KBC Group including Mathias Van der Jeugt wrote in a note. “We expect these underlying market dynamic – high oil prices, rising interest rates, stronger dollar, weaker equities – to remain in place going into a very uncertain weekend.”
Concerns about the inflationary impacts of higher energy costs weighed on Treasuries, but short-dated notes outperformed as traders almost fully priced in a Federal Reserve rate cut this year.
The turmoil isn’t sparing even those developing nations that are less dependent on energy imports or whose bonds attractive yields. Citigroup Inc. said it had closed all remaining carry trades on high-yielding emerging currencies, including in the Brazilian real, the Mexican peso and the South African rand.
“We had already cut most of our EM carry trades early in the conflict,” Citi’s strategists including Dirk Willer said in a note. “We had kept a residual in the hope that oil would peak sooner rather than later, but today we take the remainder off, given an additional drawdown, to protect profits.”
The central bank in Nigeria, Africa’s largest oil producer, said it prepared contingency measures to stabilize its currency if it comes under pressure, even as the naira fell less than the rand and the Egyptian pound.
This article was generated from an automated news agency feed without modifications to text.",
reuters,world,"US-owned tanker attacked near Iraq was hit by unmanned boats, early findings show - Reuters","<a href=""https://news.google.com/rss/articles/CBMizwFBVV95cUxOakRHcHRLV2EwYnFzN2hYbWhua1RUYV83d0stREdDcnJPeUw4YnVHTnd1Rkl1djlBYWx5ZzBTSHQyMGhNNGwzMVh5bUQ1Y0pVVzY4c1RBYlkzUDQtcV9Ja0Q0WkxpOVlXOElpT29qdHd0WHNMT2N1ZDFsMnNqRHhnNEt1VllJY1pvc00tREJqYjBDUWJ0TmZuMTNzcFBma0NIa1dKUHhlbGxuVUNnM2hWNjVpc3djTzJucmMydmhvcU9NbF9XejBzZ1FQRG1iYWs?oc=5"" target=""_blank"">US-owned tanker attacked near Iraq was hit by unmanned boats, early findings show</a>&nbsp;&nbsp;<font color=""#6f6f6f"">Reuters</font>",https://news.google.com/rss/articles/CBMizwFBVV95cUxOakRHcHRLV2EwYnFzN2hYbWhua1RUYV83d0stREdDcnJPeUw4YnVHTnd1Rkl1djlBYWx5ZzBTSHQyMGhNNGwzMVh5bUQ1Y0pVVzY4c1RBYlkzUDQtcV9Ja0Q0WkxpOVlXOElpT29qdHd0WHNMT2N1ZDFsMnNqRHhnNEt1VllJY1pvc00tREJqYjBDUWJ0TmZuMTNzcFBma0NIa1dKUHhlbGxuVUNnM2hWNjVpc3djTzJucmMydmhvcU9NbF9XejBzZ1FQRG1iYWs?oc=5,2026-03-13 21:09:32+00:00,,
livemint,markets,Oaktree’s Poli Says Bigger Price Moves in Credit Are Coming,Oaktree Capital Management’s Danielle Poli says the moment for the distressed debt shop to scoop up the asset class in droves isn’t here yet as global credit markets remain relatively resilient.,https://www.livemint.com/market/oaktrees-poli-says-bigger-price-moves-in-credit-are-coming-11773439091408.html,2026-03-13 21:58:11+00:00,"(Bloomberg) -- Oaktree Capital Management’s Danielle Poli says the moment for the distressed debt shop to scoop up the asset class in droves isn’t here yet as global credit markets remain relatively resilient.
“There are opportunities currently to step in, but I think that the bigger opportunities for bigger price movement may be further down the line,” the portfolio manager said on Bloomberg TV’s Real Yield on Friday. “We haven’t seen a significant selloff in any way.”
Parts of the global credit markets have come under pressure from escalating geopolitical tensions, software debt defaults and fear around private credit funds limiting redemptions. Distressed debt managers make money when other investors need to sell credit assets — often at a large discount — to raise liquidity and redemption requests.
While discounts are “sizeable” for software and some professional services firms that are vulnerable to disruption from artificial intelligence, the highest quality part of the market is trading up, Poli said, therefore it’s difficult to say that it’s currently a “big step-in opportunity.”
Spreads on high-yield bonds have widened by roughly 3 basis points this week through Thursday, but are still hovering near historical tight levels, according to data compiled by Bloomberg, with average sub-investment grade yields around 7.1%.
Instead, Oaktree sees opportunities in diversifying credit, liquid debt and opportunistic situational lending. Poli said the firm is focusing on selectivity and picking individual securities, and pairing that within a multi-asset strategy where investors can shift toward relative value as the market moves.
“Things are moving relatively quickly, especially on the geopolitical front,” she said. “Today things may be calm, tomorrow things could get a little bit more choppy and we may want to step in a little more aggressively to buy.”",
reuters,world,US FAA lifts ground stop at the three Washington-area airports - Reuters,"<a href=""https://news.google.com/rss/articles/CBMilwFBVV95cUxQZWE1Z0d2Um41cV9CZ3ByVVZ5RzgxU05mczJWcWJlVWZBMHp6dnkwcWt3ZmtwM2Z2MnZnV3pVV29POWVKcnVTNlBrcGw1d3hQYUlxVjloWnJfMXpjOFZfQ0dVby1GQUVjSjI4eGR3ZE8yQ0dtNmcySFFsb1VRaW9hZ1l5cUFaMWkzLVBpUHNoRG5PbXVjMS1Z?oc=5"" target=""_blank"">US FAA lifts ground stop at the three Washington-area airports</a>&nbsp;&nbsp;<font color=""#6f6f6f"">Reuters</font>",https://news.google.com/rss/articles/CBMilwFBVV95cUxQZWE1Z0d2Um41cV9CZ3ByVVZ5RzgxU05mczJWcWJlVWZBMHp6dnkwcWt3ZmtwM2Z2MnZnV3pVV29POWVKcnVTNlBrcGw1d3hQYUlxVjloWnJfMXpjOFZfQ0dVby1GQUVjSjI4eGR3ZE8yQ0dtNmcySFFsb1VRaW9hZ1l5cUFaMWkzLVBpUHNoRG5PbXVjMS1Z?oc=5,2026-03-13 22:08:45+00:00,,
reuters,world,"Trump administration set to receive $10 billion fee for brokering TikTok deal, WSJ reports - Reuters","<a href=""https://news.google.com/rss/articles/CBMivgFBVV95cUxOREdabzJib29PUUptaWRyTXBBbklDU04yeGFFLXRKeFp0WHJCbzczdlpKanhfVXBKMkVnamNqZ1VaUlA2SnZ4RXVmem44VWZqY0h0MXlodWZCT20tUk4wcWdiaUVDTGVRSHpCalpBemszcmdTR2JSOF9NNUx1Rl9Ecy16dG5CZXNDcnJ2WGRtNVR2ajJMNy15LVlaX3Z4YVhqT3c2QzRxcENQWHFoMVFGU1BBcG5kcGFoM3MwZDJB?oc=5"" target=""_blank"">Trump administration set to receive $10 billion fee for brokering TikTok deal, WSJ reports</a>&nbsp;&nbsp;<font color=""#6f6f6f"">Reuters</font>",https://news.google.com/rss/articles/CBMivgFBVV95cUxOREdabzJib29PUUptaWRyTXBBbklDU04yeGFFLXRKeFp0WHJCbzczdlpKanhfVXBKMkVnamNqZ1VaUlA2SnZ4RXVmem44VWZqY0h0MXlodWZCT20tUk4wcWdiaUVDTGVRSHpCalpBemszcmdTR2JSOF9NNUx1Rl9Ecy16dG5CZXNDcnJ2WGRtNVR2ajJMNy15LVlaX3Z4YVhqT3c2QzRxcENQWHFoMVFGU1BBcG5kcGFoM3MwZDJB?oc=5,2026-03-13 22:09:24+00:00,,
reuters,world,"Iran war puts many in US on high alert, but synagogue attack shows limits - Reuters","<a href=""https://news.google.com/rss/articles/CBMitwFBVV95cUxNeXAzOHc4ZUlGU2N4eGtyem94Q2pUYmpYbjhYdGt1OTlrQ3ZlVml4WGQyemR1bkJXQkpCV0FMY3Btb2JtS3duNnFKbUNVZTRlRFZsc1lsTTVkNWhVcDdUUXRWS2RhSVBuZm5uQ1VTb1E0cVJvalJEME1uSW1QTlF6aFBfZ0Y4UG9CREJYVHBkT3N3Y2xRNEFiWTNJZXZxVnJoZ2ZTZGE4ODVVMldMeGFSYkhQNUlLUjA?oc=5"" target=""_blank"">Iran war puts many in US on high alert, but synagogue attack shows limits</a>&nbsp;&nbsp;<font color=""#6f6f6f"">Reuters</font>",https://news.google.com/rss/articles/CBMitwFBVV95cUxNeXAzOHc4ZUlGU2N4eGtyem94Q2pUYmpYbjhYdGt1OTlrQ3ZlVml4WGQyemR1bkJXQkpCV0FMY3Btb2JtS3duNnFKbUNVZTRlRFZsc1lsTTVkNWhVcDdUUXRWS2RhSVBuZm5uQ1VTb1E0cVJvalJEME1uSW1QTlF6aFBfZ0Y4UG9CREJYVHBkT3N3Y2xRNEFiWTNJZXZxVnJoZ2ZTZGE4ODVVMldMeGFSYkhQNUlLUjA?oc=5,2026-03-13 22:21:51+00:00,,
reuters,world,Fitch revises Rwanda's outlook to 'stable' on easing regional security tensions - Reuters,"<a href=""https://news.google.com/rss/articles/CBMiuwFBVV95cUxPODBwSWwySTVSdmE0Zy1zZ0tRcUp1WEhRYk5OblpEZ0JsMkpycWFVNUFoREF3ZEI0RHduRUtsZWlzcjlNSXZ5SkFTSWVlNEVJeVFhMlZuS05ZRm9lRDgwUms1LTl6MXJBWkhsRmw3bF9WNHNtaDlZYkpwemZrTDRQTnJZUVVCWE5mOV93UGFBdkJ5dUJGTDQyQXlvdDFqSzdyQ1VZRnZLVkVHdVdzYi1NVjhSMnU1VjF5UVk4?oc=5"" target=""_blank"">Fitch revises Rwanda's outlook to 'stable' on easing regional security tensions</a>&nbsp;&nbsp;<font color=""#6f6f6f"">Reuters</font>",https://news.google.com/rss/articles/CBMiuwFBVV95cUxPODBwSWwySTVSdmE0Zy1zZ0tRcUp1WEhRYk5OblpEZ0JsMkpycWFVNUFoREF3ZEI0RHduRUtsZWlzcjlNSXZ5SkFTSWVlNEVJeVFhMlZuS05ZRm9lRDgwUms1LTl6MXJBWkhsRmw3bF9WNHNtaDlZYkpwemZrTDRQTnJZUVVCWE5mOV93UGFBdkJ5dUJGTDQyQXlvdDFqSzdyQ1VZRnZLVkVHdVdzYi1NVjhSMnU1VjF5UVk4?oc=5,2026-03-13 22:26:20+00:00,,
reuters,world,Apple MacBook Neo emerges as company’s most repairable laptop in more than a decade - Reuters,"<a href=""https://news.google.com/rss/articles/CBMivwFBVV95cUxPS0NwcGFWTXlJUTE1U1EycGNqb3Fkclh4S3hoMnY3Z29qcm4xRHE0eV81a3A4V2FqdUhuem91c05YaFBPUmRHRWFOT195N3B2MWx2ZGdPaktNdTBRWGFJNnNRaGIycEZEak1KV0FHTy0wS0tIWVRzSVVYMGZ1X3NtWWlhVDZjX1N0YzNuS0NmSjZpMVNBc2hwd21keDVlblhNRkdxLUNEQXBZaTdmVmM1QmpaMkFVLWNDbjV4MXVDOA?oc=5"" target=""_blank"">Apple MacBook Neo emerges as company’s most repairable laptop in more than a decade</a>&nbsp;&nbsp;<font color=""#6f6f6f"">Reuters</font>",https://news.google.com/rss/articles/CBMivwFBVV95cUxPS0NwcGFWTXlJUTE1U1EycGNqb3Fkclh4S3hoMnY3Z29qcm4xRHE0eV81a3A4V2FqdUhuem91c05YaFBPUmRHRWFOT195N3B2MWx2ZGdPaktNdTBRWGFJNnNRaGIycEZEak1KV0FHTy0wS0tIWVRzSVVYMGZ1X3NtWWlhVDZjX1N0YzNuS0NmSjZpMVNBc2hwd21keDVlblhNRkdxLUNEQXBZaTdmVmM1QmpaMkFVLWNDbjV4MXVDOA?oc=5,2026-03-13 23:20:39+00:00,,
reuters,world,"Five US Air Force refueling planes hit in Iranian strike on Saudi Arabia, WSJ reports - Reuters","<a href=""https://news.google.com/rss/articles/CBMivAFBVV95cUxNay1OYk1XSDBJU0RfNGZMLXRMWUN2VE5KcHhpSDJNV1NYVzB1NVRkQTMxcnEtWnJWYkpkNlN5S0Jac0E3cURTOTdXdDh2dFRqY2tLV0l1NHhDUUE0RkhYblNCWE01dEdSQ0Rmd0hycnBTcDk3NGJJR0lWUmVtZTRiSm5jU0E1MWFjMV8wTnZzY3RMR05uMTl5d2VyeEF6YUd6Y3o0c0YwOUJtbmh6b1c0bHpfaE9wd0w0SkdKSQ?oc=5"" target=""_blank"">Five US Air Force refueling planes hit in Iranian strike on Saudi Arabia, WSJ reports</a>&nbsp;&nbsp;<font color=""#6f6f6f"">Reuters</font>",https://news.google.com/rss/articles/CBMivAFBVV95cUxNay1OYk1XSDBJU0RfNGZMLXRMWUN2VE5KcHhpSDJNV1NYVzB1NVRkQTMxcnEtWnJWYkpkNlN5S0Jac0E3cURTOTdXdDh2dFRqY2tLV0l1NHhDUUE0RkhYblNCWE01dEdSQ0Rmd0hycnBTcDk3NGJJR0lWUmVtZTRiSm5jU0E1MWFjMV8wTnZzY3RMR05uMTl5d2VyeEF6YUd6Y3o0c0YwOUJtbmh6b1c0bHpfaE9wd0w0SkdKSQ?oc=5,2026-03-13 23:25:45+00:00,,
livemint,markets,Stocks to buy under  ₹200: Mehul Kothari of Anand Rathi recommends three shares to buy or sell,"Stocks to buy under  ₹200: Mehul Kothari of Anand Rathi recommends three shares to buy or sell — Shree Renuka Sugars, Suzlon Energy, and Adani Power",https://www.livemint.com/market/stock-market-news/stocks-to-buy-or-sell-shree-renuka-sugars-suzlon-energy-adani-power-mehul-kothari-anand-rathi-three-shares-to-buy-11773421152303.html,2026-03-13 23:44:10+00:00,"The broader markets underperformed, with midcap and smallcap indices declining by nearly 2.5–3%, while sectors like Auto, Metals, PSU Banks, and Private Banks were among the worst hit amid rising oil prices and risk-off sentiment. Market volatility surged, with India VIX spiking sharply, making it one of the most turbulent weeks in recent times for Indian equities.
Speaking on the outlook for the Nifty 50 index, Mehul Kothari of Anand Rathi said the index is approaching the gap zone near 22,900, which formed in April 2025 during the earlier phase of the rally. Interestingly, the index has now retraced nearly 61.8% of the entire rally from the low of 21,743 to the recent high of 26,373, bringing it close to an important technical support area.
“A decisive move below 22,900 could open the doors for the 22,800 – 21,800 zone, which may remain volatile and confusing for traders due to the absence of strong intermediate supports. On the upside, the immediate hurdle stands near 23,500, which also coincides with Friday’s high, and a sustained move above this level would be required for the index to regain short-term stability,” Mehul Kothari said.
Advising investors to remain cautious amid developments around the US-Iran war, Mehul Kothar of Anand Rathi said traders should avoid aggressive new positions and focus more on risk management and hedging existing exposure. A sustained move above 23,500 may help restore confidence, while holding above the 22,900 support zone would be crucial for maintaining the broader structure.
On the outlook of the Bank Nifty index, the Anand Rathi expert said, “We had been maintaining a cautious stance on Bank Nifty, primarily due to the rising trendline resistance visible on the longer-term charts.”
Kothari said that 53,500 remains a crucial level to watch. A decisive move below this level could open the room towards the 52,000 zone, as there are limited immediate supports in between. On the upside, a recovery above 54,700 would be important for Bank Nifty to regain short-term strength and stabilise after the recent sharp correction.
Regarding short-term stock picks, Mehul Kothari of Anand Rathi recommended these three shares: Shree Renuka Sugars, Suzlon Energy, and Adani Power.
Disclaimer:This story is for educational purposes only. The views and recommendations above are those of individual analysts or broking companies, not Mint. We advise investors to check with certified experts before making any investment decisions.
Asit Manohar has nearly two decades of experience in the mainstream media. In this period, he has served esteemed media organisations like NDTV Profit...Read More",
livemint,companies,"Jindal Steel's Thyssenkrupp buy talks in gridlock, a new suitor stirs the pot","Jindal Steel International is seeking clarity on pension liabilities, retrenchment costs and German government support for a cleaner steel transition, while Thyssenkrupp wants details on the bidder’s post-acquisition investment and financing plans.",https://www.livemint.com/companies/naveen-jindal-thyssenkrupp-steel-acquisition-talks-11773390729695.html,2026-03-14 00:30:11+00:00,"Mumbai: Six months after steel magnate Naveen Jindal made an unsolicited bid to acquire the steel assets of Germany’s Thyssenkrupp AG, the two sides have hit an impasse over three key sticking points, according to two people familiar with the matter.
Jindal Steel International, the Indian bidder, is seeking clarity on the pension liabilities and retrenchment costs it would inherit with the asset. The company also wants to know how much fiscal support the German government would provide to help fund the transition from blast furnace-based steelmaking to relatively cleaner operations, in line with support extended by other European governments to their domestic steelmakers. However, Thyssenkrupp first wants Jindal to disclose its post-acquisition investment plans for the asset and explain how it intends to finance them, one of the two people said.
This follows an intensive technical inspection, where executives and consultants from the Indian side made multiple visits to the Duisberg-based steel mill of Thyssenkrupp as well as its downstream facilities across Germany to evaluate the quality of the asset. From the Indian side, the negotiations are being led by Naveen Jindal, his son Venkatesh and Narendra Misra, director of European operations of Jindal.
While the technical inspection is complete and negotiations have progressed to financial discussions, neither side wants to make a commitment first, resulting in an impasse over what is effectively a four-way deal between Jindal, Thyssenkrupp, employee unions, and the German government.
The impasse comes at a time when US-based investment fund Flacks Group has evinced interest in Thyssenkrupp, increasing competition for the company,Reutersreported earlier this week. Interestingly, the Flacks Group is also negotiating the takeover of Italy’s Acciaierie d'Italia, another major asset for which Jindal had unsuccessfully made an acquisition bid last year. The investment fund did not immediately respond toMint’s request for a comment.
To be sure, neither Jindal nor Thyssenkrupp have given up on the deal and negotiations are on to resolve the differences, both the people quoted above clarified.
“It is right, that we are continuing confidential discussions with Jindal Steel International and employee representatives regarding a possible sale of thyssenkrupp Steel,"" a spokesperson for Thyssenkrupp toldMintin an email response, declining to comment further on the progress of the negotiations.
""The non-binding, indicative purchase offer from Jindal Steel International is subject to all relevant parameters—including valuation, obligations, and future investments—being addressed directly between the parties in the ongoing due diligence process and in the course of any contract negotiations,” the spokesperson said.
“Such pauses are hardly uncommon in cross-border acquisitions of this scale. Each side is, quite naturally, attempting to de-risk the transaction—the buyer seeking clarity on labour and restructuring liabilities, the seller seeking financial commitment to offset its own risks,” said Monish G. Chatrath, managing partner of MGC Global Risk Advisory.
Jindal Steel International made an unsolicited offer to acquire Germany’s largest steel business from Thyssenkrupp AG in September 2025 with an investment commitment of €2 billion (over₹21,000 crore). The company said its iron ore mines in Cameroon would ensure steady supply of raw materials for Thyssenkrupp. It has also promised investments in additional low-emission steel production in Germany.
The bid was largely seen as part of Jindal’s plan to make a privately-held international steel empire with mines in Africa, green steel units in Oman and a domestic presence in Europe that would give it a foothold in one of the world’s largest steel markets.
Earlier in 2025, Jindal had made a bid to acquire Italy’s national steel unit Acciaierie d'Italia, but lost out to Azerbaijan’s Baku Steel, which eventually pulled out of the deal.
But before buying Thyssenkrupp's plant, Jindal wants financial commitment from the German government to fund a restructuring of the plant and move from blast furnace-based production to electric arc furnaces to comply with Europe’s stringent emission standards.
Thyssenkrupp AG, a diverse German industrial conglomerate, has long been looking to sell its loss-making steel unit as part of a restructuring to become a more focussed and profitable company.
However, its desperation to divest the asset has mellowed recently, as sentiment around European steel operations turned positive in recent months, buoyed by import restrictions. Miguel Angel Lopez Borrego, the chief executive of Thyssenkrupp AG, in an earnings call on 12 February said share prices of many steel makers have risen by as much as 50%.
“There is a clear positive sentiment here. And, of course, that will have for sure to get into an input for the conversations with our colleagues from Jindal, no doubt about that,” he had said.",
livemint,markets,"Stock market mock trading today: BSE to conduct market-wide drill for equity, commodity &amp; currency segments","Stock market mock trading today: The BSE and the NSE will conduct this market-wide drill to test its trading infrastructure across multiple segments, including currency, commodity, equity, and equity derivatives",https://www.livemint.com/market/stock-market-news/stock-market-mock-trading-today-bse-to-conduct-market-wide-drill-for-equity-commodity-currency-segments-11773423357506.html,2026-03-14 00:30:51+00:00,"The BSE mock trading session for the equity derivatives segment will allow participants in the futures and options markets to test their trading systems, order management processes, and connectivity with the exchange’s trading environment.
In a notification to market participants, the BSE said the mock trading exercise will be conducted from both the Primary Site (PR) and the Disaster Recovery Site (DR), helping participants test the reliability of their systems under different operational conditions.
In the notification issued, the BSE said, “The Exchange has scheduled a mock trading session for Equity segment on Saturday, March 14, 2026, from Primary Site (PR) and Disaster Recovery Site (DR). Trading members using third party trading platforms can also use this opportunity to test their respective trading applications during mock trading session.”
The  BSE further added that members using third-party trading platforms or in-house systems connected through ETI APIs can test their applications for different functionalities during the mock session.
For the electronic gold receipts (EGR), commodity derivatives and currency derivatives segments, the exercise will allow participants to evaluate how their systems perform under various market conditions, including exceptional scenarios such as trading halts and risk-reduction modes.
“Trading members using third party trading platforms of empaneled vendors or in-house developed systems through ETI APIs can use this opportunity to test their respective trading application during mock trading session for various functionalities (including exceptional market conditions),” the exchange said.
Disclaimer:This story is for educational purposes only. The views and recommendations above are those of individual analysts or broking companies, not Mint. We advise investors to check with certified experts before making any investment decisions.
Asit Manohar has nearly two decades of experience in the mainstream media. In this period, he has served esteemed media organisations like NDTV Profit...Read More",
reuters,world,Fire at UAE oil hub as Iran vows retaliation for US attack on Kharg Island - Reuters,"<a href=""https://news.google.com/rss/articles/CBMizAFBVV95cUxNRW1mNms0NWp5clJ0VVQyUDk3dDVfTXEwUUxpWDhNQUFtb0wyNVZ6WXM0MVhrd2NJanVtZUxsQTFrQ2xxcWxSUldqQUZLQm9MWTVRR2ZJOEpmQ2JkaEFNYS04Q0N5WlFTUXFOc0VhMGlicFFKMlRiSlU5eENvRDRJZWVMblZ4ekNPYkhYamVhTHZtMl93QkhEQVlEVVJ2WHQxMnlzQW1ob05QczNiNTVTdlpoQThCbmEwNkNzYnlwYnhwRExWOF9Ta000VVI?oc=5"" target=""_blank"">Fire at UAE oil hub as Iran vows retaliation for US attack on Kharg Island</a>&nbsp;&nbsp;<font color=""#6f6f6f"">Reuters</font>",https://news.google.com/rss/articles/CBMizAFBVV95cUxNRW1mNms0NWp5clJ0VVQyUDk3dDVfTXEwUUxpWDhNQUFtb0wyNVZ6WXM0MVhrd2NJanVtZUxsQTFrQ2xxcWxSUldqQUZLQm9MWTVRR2ZJOEpmQ2JkaEFNYS04Q0N5WlFTUXFOc0VhMGlicFFKMlRiSlU5eENvRDRJZWVMblZ4ekNPYkhYamVhTHZtMl93QkhEQVlEVVJ2WHQxMnlzQW1ob05QczNiNTVTdlpoQThCbmEwNkNzYnlwYnhwRExWOF9Ta000VVI?oc=5,2026-03-14 00:52:45+00:00,,
livemint,markets,"Is Polycab India stock headed towards  ₹6,000?",The stock of Polycab has been falling over the last few days. Let’s look at some factors that could influence the stock price.,https://www.livemint.com/market/stock-market-news/polycab-india-stock-price-fall-experts-analysis-future-trajectory-investment-decision-11773398341208.html,2026-03-14 01:30:52+00:00,"Polycab India manufactures a wide range of electrical products used in homes, infrastructure, power transmission, and industries.
The stock of Polycab India has been on a declining trend over the past few days. Since closing at₹8,566 on 5 March, the price has fallen 13%.
Polycab is the largest wires and cables manufacturer in India, with a significant market share in the organized sector, giving it strong brand recognition and distribution power.
According to Mordor Intelligence, the Indian wire and cable market is expected to grow at around 9% CAGR from 2026 to 2031. The market size is projected to increase from about $21.2 billion in 2025 to $35.6 billion by 2031.
The company has delivered strong profit growth. For example, the three-year compounded profit growth has been a solid 34.3%.
Large infrastructure spending, smart grid rollout, renewable energy projects and construction activity increase demand for cables and electrical products. The company could gain from infra push.
Polycab India has expanded into fans, switches, lighting and appliances, which could increase margins and diversify revenue in the long term.
The sharp rise in copper prices is hitting wire and cable companies currently. Copper is the largest raw material cost for cable makers like Polycab India. When copper prices jump suddenly, margins can get squeezed until companies pass on the cost to customers.
Around 80-90% of revenue still comes from the wires and cables segment, making the business vulnerable to sector slowdown.
While growing fast, the consumer electrical business has lower margins and occasional losses, which can drag overall profitability.
Past income tax scrutiny and regulatory scrutiny have occasionally impacted investor sentiment.
The stock is trading at a price-to-earnings multiple of 42.4 times, while the price-to-book is 10.4 times. Polycab India is part of the Nifty Midcap 100 Index and the PE of the same is currently around 31.8 times.
Polycab India is widely regarded as a leader in India’s wires and cables industry, with a strong brand, a wide distribution network, a good financial position, and low debt.
The company benefits from rising infrastructure spending, housing growth and electrification, which are expected to drive long-term demand for cables and electrical products.
However, investors should also consider valuation, dependence on copper and aluminium prices, and increasing competition. Overall, Polycab offers growth prospects, but the stock’s performance will depend on industry growth, input costs and how competitively it executes its expansion plans.
Investors should evaluate the company's fundamentals, corporate governance, and stock valuation as key factors in conducting due diligence before making investment decisions.
Disclaimer:This article is for information purposes only. It is not a stock recommendation and should not be treated as such.",
livemint,markets,"US-Iran war: Russia, China to Israel — Who wants the Strait of Hormuz to open soon?","The US-Iran war persists with no signs of de-escalation, benefiting Russia through higher oil prices. China may mitigate energy threats by increasing Russian oil imports",https://www.livemint.com/market/stock-market-news/usiran-war-russia-china-to-israel-who-wants-the-strait-of-hormuz-to-open-soon-11773452729484.html,2026-03-14 02:08:52+00:00,"On the reasons for the overstretched US-Iran war, Ponmudi R, CEO at Enrich Money, said the Middle East tensions involving the United States, Israel, and Iran have created a complex geopolitical situation in which different global powers have very different economic and strategic incentives.
Highlighting the Russian interest in a US-Iran war, the Enrich Money expert said, ""Russia is arguably the biggest short-term beneficiary if the conflict continues. Higher oil prices strengthen Russia’s energy revenues at a time when sanctions are already straining its economy. At the same time, global attention shifting toward the Middle East could reduce pressure on the Russia-Ukraine conflict and potentially slow Western military support to Ukraine.""
Pointing to the threat to China's energy security due to disruption in the Strait of Hormuz, Ponmudi R said that prolonged disruption in the Strait poses a direct risk to China’s energy security, given that a significant portion of its oil imports transit through this route. While a prolonged U.S. engagement in the Middle East could divert Washington’s focus away from the Indo-Pacific, Beijing would generally prefer stability in global energy markets.
However, Anuj Gupta, a SEBI-registered market expert, believes the threat to Chinese energy security due to the disruption in the Strait of Hormuz is temporary. Beijing can address the demand-supply imbalance by increasing Russian oil imports. Anuj Gupta also said that the Chinese government has been working on enhancing its oil storage capacity. So, it can also use the oil buffer available at its current oil storage.
Highlighting the benefits for the US from disruption in the Strait of Hormuz, Ponmudi R of Enrich Money said that higher oil prices may support alternative energy supply chains and increase exports from countries like the U.S. and Venezuela to Europe and Asia. He said that Donald Trump would love to have a bigger role in the global trade order for crude oil, where Middle Eastern countries are replaced by Venezuela and the US.
However, the US will have to pay for it. Soaring crude oil prices may lead to higher inflation, which could reduce the chances of a near-term US Fed rate cut.
SEBI-registered expert Anuj Gupta said the US Fed may have to delay rate-cut plans in the wake of higher inflation. This may go against Donald Trump's Republican Party candidates' winnability in the mid-term US polls. A weak performance by Donald Trump's Republican Party would mean Democrats holding a majority in the US Congress, a scenario that could lead to the impeachment of the US President.
""Donald Trump is already facing opposition and public criticism for a series of controversial decisions like tariffs on trade partners, unnecessary aggression with long-term NATO allies via Greenland rant, publicly criticising institutions like the US Supreme Court, the US Fed, etc. If the US-Iran war gets overstretched, then its global competitors like Russia and China, who are expecting higher inflation, would benefit the opposition Democratic Party candidates. Even Iran is eyeing this, refusing to succumb to US pressure to reopen the Strait of Hormuz. Moscow, Beijing, Tehran and some other US-baiters like Cuba, Mexico, etc. are interested in overstretched US-Iran war, where Donald Trump may have to face impeachment, once his party loses majority in the US Congress,"" said Anuj Gupta.
Nitant Darekar, Research Analyst at Bonanza, believes US President Donald Trump faces a delicate balancing act. A prolonged conflict-driven spike in crude would feed directly into headline inflation — precisely the vulnerability his opponents would exploit. Expect the administration to lean on Saudi Arabia and Gulf allies to increase output, release strategic petroleum reserves, and signal de-escalation to cap Brent below politically uncomfortable levels.
""Simultaneously, a weaker dollar would undermine the ""America is strong"" narrative, pushing the Fed toward a more hawkish-leaning posture, or at a minimum, constraining any dovish pivot. Watch for coordinated messaging between the White House and Treasury to reinforce dollar stability as a geopolitical signal,"" said Nitant Darekar of Bonanza.
""While some countries may see temporary strategic advantages from a prolonged conflict, the broader global economy benefits far more from a quick de-escalation. The biggest risk for markets remains the disruption to energy supply routes, particularly the Strait of Hormuz, which plays a critical role in global oil trade,"" Ponmudi R of Enrich Money said.
Disclaimer:This story is for educational purposes only. The views and recommendations above are those of individual analysts or broking companies, not Mint. We advise investors to check with certified experts before making any investment decisions.
Asit Manohar has nearly two decades of experience in the mainstream media. In this period, he has served esteemed media organisations like NDTV Profit...Read More",
reuters,world,"China urges Afghanistan, Pakistan to resolve tensions via talks, not force - Reuters","<a href=""https://news.google.com/rss/articles/CBMiuAFBVV95cUxQYUR3MEJlODduX1U4Y2F2ZVZGMGI4dGdZYmkweFBCWE5rcGxmejloOWtLQXJ4U3pudFJELUF2bUxxeV9VemJHbG9yRUk1RzFrTHAzLThOeFp0UnJacVVCYVdYM1d3UmF2eThEQXNfSjJjaEpZOTdxb1VLMWtJa3NlMnJmbjlwZ3AyY0t4YnplcDFGaG45YWJxWGRmYVREVkM5dEVfNVRTMFNLblZIZktxNkdIUlNSMjR2?oc=5"" target=""_blank"">China urges Afghanistan, Pakistan to resolve tensions via talks, not force</a>&nbsp;&nbsp;<font color=""#6f6f6f"">Reuters</font>",https://news.google.com/rss/articles/CBMiuAFBVV95cUxQYUR3MEJlODduX1U4Y2F2ZVZGMGI4dGdZYmkweFBCWE5rcGxmejloOWtLQXJ4U3pudFJELUF2bUxxeV9VemJHbG9yRUk1RzFrTHAzLThOeFp0UnJacVVCYVdYM1d3UmF2eThEQXNfSjJjaEpZOTdxb1VLMWtJa3NlMnJmbjlwZ3AyY0t4YnplcDFGaG45YWJxWGRmYVREVkM5dEVfNVRTMFNLblZIZktxNkdIUlNSMjR2?oc=5,2026-03-14 02:10:00+00:00,,
livemint,companies,"Meta layoffs: Mark Zuckerberg's tech firm plans to cut nearly 16,000 jobs as AI costs mount, says report — what we know","If Meta settles on the 20% figure, this layoff will be the most significant job cut at Mark Zuckerberg's company since its restructuring in the ‘year of efficiency’ in 2022-23.",https://www.livemint.com/companies/news/meta-layoffs-mark-zuckerbergs-tech-firm-plans-to-cut-nearly-16-000-jobs-as-ai-costs-mount-says-report-what-we-know-11773451516319.html,2026-03-14 02:10:44+00:00,"Mark Zuckerberg-led Meta is planning sweeping layoffs that could affect 20% or more of the company to offset costly artificial intelligence infrastructure bets and prepare for greater efficiency brought about by AI-assisted workers, according to a Reuters report.
However, no date has been set for these cuts, and the magnitude has not been finalised, Reuters was told by sources.
Top executives have recently signaled the plans to other senior leaders at Meta and told them to begin planning how to pare back, anonymous sources told Reuters.
""This is speculative reporting about theoretical approaches,"" Meta spokesperson Andy Stone said in response to questions about the plan.
Meta employed nearly 79,000 people as of December 31, according to its latest filing.
If Meta settles on the 20% figure, this layoff may affect nearly 16,000 employees, making it the most significant job cut at Mark Zuckerberg's company since its restructuring in the ""year of efficiency"" — late 2022 and early 2023.
Meta laid off 11,000 staffers in November 2022, around 13% of its workforce at the time. Around four months later, it announced it was cutting another 10,000 jobs.
Over the last year, CEO Zuckerberg has been pushing Meta to compete more forcefully in generative AI. The company has offered huge pay packages, some worth hundreds of millions of dollars over four years, to court top AI researchers to a new superintelligence team.
The company has said it plans to invest $600 billion to build data centres by 2028.
Zuckerberg has alluded to efficiency gains from the investments, saying in January he was starting to see ""projects that used to require big teams now be accomplished by a single very talented person.""
Meta's planned AI investments follow a series of setbacks with its Llama 4 models last year, including criticism that it provided misleading results on the benchmarks it used for early versions. It abandoned the release of the largest version of that model, called Behemoth, which had been due out in the summer.
Meta's superintelligence team has been working to reassert the company's standing this year by building a new model called Avocado, but the performance of that model has also lagged expectations. Its release has also been pushed to later.
Meta's layoff plans reflect a broader pattern among major US companies, particularly in tech, this year. Executives have pointed to recent improvements in AI systems as one reason for the changes.",
business_standard,world_news,US slated to receive $10 billion fee from investors for TikTok deal - Business Standard,"<a href=""https://news.google.com/rss/articles/CBMiywFBVV95cUxPTl9DWC1lS245bm95VzBSQzJVa0dCaFJod1Y4bDZHWVppU0tIeWhRMWNCR2NfOThYTjUtdTB4SHBGU1R5SmdGd3ZwTkptZGw5QU51MkF4WnlhUXZReWN0ZDBSQ1hvUDRHc3RkV0hmREJxZHhLd3NodHRQZk14Y1FOdzF4YlRsc1liVHB6VjA5Z25JYkRPdWRwYnRka2VlbHgtdUx6X05jYjBwY183Nl9sZ0dmUHJwVTZ3MG9EZFl1c2RRR09TWnRWaVUxQdIB0AFBVV95cUxNcTVNeGFJVmN4cWsyLWc3ZXEtWWRsRWVTeUhXd2xqb1g5d2xEV283MEFIeUdRRFFwNzdwV3N6Sno3c0gwU1oyRTZsbW5PQmZya1lQcHFfLUxLdTVMUTVHajZDNG9DSGh4SkcwWWk2b1U2TXAzaHR5RXE2TGs5Y3JBM3RhT1dmZWJyWWhDa1p2WF95Rnh0NkRJSFJYcnRRUk1yRFpwbXRrblZOY3owcmNUOWJMX3pnYXlCSWFRTFRpN2hYWFRQeXY3ajhadmw3MEdp?oc=5"" target=""_blank"">US slated to receive $10 billion fee from investors for TikTok deal</a>&nbsp;&nbsp;<font color=""#6f6f6f"">Business Standard</font>",https://news.google.com/rss/articles/CBMiywFBVV95cUxPTl9DWC1lS245bm95VzBSQzJVa0dCaFJod1Y4bDZHWVppU0tIeWhRMWNCR2NfOThYTjUtdTB4SHBGU1R5SmdGd3ZwTkptZGw5QU51MkF4WnlhUXZReWN0ZDBSQ1hvUDRHc3RkV0hmREJxZHhLd3NodHRQZk14Y1FOdzF4YlRsc1liVHB6VjA5Z25JYkRPdWRwYnRka2VlbHgtdUx6X05jYjBwY183Nl9sZ0dmUHJwVTZ3MG9EZFl1c2RRR09TWnRWaVUxQdIB0AFBVV95cUxNcTVNeGFJVmN4cWsyLWc3ZXEtWWRsRWVTeUhXd2xqb1g5d2xEV283MEFIeUdRRFFwNzdwV3N6Sno3c0gwU1oyRTZsbW5PQmZya1lQcHFfLUxLdTVMUTVHajZDNG9DSGh4SkcwWWk2b1U2TXAzaHR5RXE2TGs5Y3JBM3RhT1dmZWJyWWhDa1p2WF95Rnh0NkRJSFJYcnRRUk1yRFpwbXRrblZOY3owcmNUOWJMX3pnYXlCSWFRTFRpN2hYWFRQeXY3ajhadmw3MEdp?oc=5,2026-03-14 02:44:15+00:00,,
economic_times,technology,Meta plans sweeping layoffs that could impact over 20% of workforce,"Top executives have recently signaled the plans to other senior leaders at Meta and told them ‌to begin planning how ⁠to ⁠pare back, two of the people said. The sources spoke anonymously because they were not authorized to disclose the cuts.",https://economictimes.indiatimes.com/tech/technology/exclusive-meta-planning-sweeping-layoffs-as-ai-costs-mount/articleshow/129567894.cms,2026-03-14 02:44:49+00:00,,
economic_times,technology,TikTok investors set to pay $10 billion fee to Trump administration,"The fee, which the U.S. government is considering a transaction fee for its role in helping bring about the deal, will be paid by new investors in the U.S. TikTok, according to two people briefed on the matter who were not authorized to speak publicly about the transaction.",https://economictimes.indiatimes.com/tech/technology/tiktok-investors-set-to-pay-10-billion-fee-to-trump-administration/articleshow/129567909.cms,2026-03-14 02:46:37+00:00,,
business_standard,world_news,US withdraws draft rule that called for permits for global AI chip exports - Business Standard,"<a href=""https://news.google.com/rss/articles/CBMi1gFBVV95cUxOUFdDRjlPY2RPVDR1dlR1NXRWekk5NWh2eVozM0Y5U3VFd1UtckZJRV9HTk5VUU5mWGpxWE1vS3FfQllJaHZ6em9ndXJzWUVfQjhMaU80emVaSTlob1hnVWxGVzZVdVJ1NUFFaDk2ZWxVR1Z4bkFwbXY4UTAxYW1GbGxBNUZwdjNaaXJDd1hCUnZjNVFCcUJubEZBMnpkbTRIVDZlQjdCb0dNZlliMEhMandwajluNWlCdjBUNGhJeW4xSm53TEVvbU5tM0gwdHlXaEtBR2pR0gHbAUFVX3lxTFBnNEtrVVMzV015S3pjOHVqVEtGb3BjZXFOekFETW83RGpvcENscC0xbkNvamNlNERyRlU1cjhVZlBqZFY1SzJqTEdvUU8zdXVSWnpZVGpsZmZ3QzFqOFo2TnJDZmtfcHhFT2pPUHBBNGZqNnR1RVE2TFRkdmhBcEwyR2NJdjF4ck4wMU1oMWppaDNnaVVnQTFOdUJnTHhWNlBfS0MyZ2hnYjRlZG5RZU01S2Z2YzllYVlwU3RWdXo0S2dNTjR3ejBmTjNKUlI5aldLRmZnWWE0YmliTQ?oc=5"" target=""_blank"">US withdraws draft rule that called for permits for global AI chip exports</a>&nbsp;&nbsp;<font color=""#6f6f6f"">Business Standard</font>",https://news.google.com/rss/articles/CBMi1gFBVV95cUxOUFdDRjlPY2RPVDR1dlR1NXRWekk5NWh2eVozM0Y5U3VFd1UtckZJRV9HTk5VUU5mWGpxWE1vS3FfQllJaHZ6em9ndXJzWUVfQjhMaU80emVaSTlob1hnVWxGVzZVdVJ1NUFFaDk2ZWxVR1Z4bkFwbXY4UTAxYW1GbGxBNUZwdjNaaXJDd1hCUnZjNVFCcUJubEZBMnpkbTRIVDZlQjdCb0dNZlliMEhMandwajluNWlCdjBUNGhJeW4xSm53TEVvbU5tM0gwdHlXaEtBR2pR0gHbAUFVX3lxTFBnNEtrVVMzV015S3pjOHVqVEtGb3BjZXFOekFETW83RGpvcENscC0xbkNvamNlNERyRlU1cjhVZlBqZFY1SzJqTEdvUU8zdXVSWnpZVGpsZmZ3QzFqOFo2TnJDZmtfcHhFT2pPUHBBNGZqNnR1RVE2TFRkdmhBcEwyR2NJdjF4ck4wMU1oMWppaDNnaVVnQTFOdUJnTHhWNlBfS0MyZ2hnYjRlZG5RZU01S2Z2YzllYVlwU3RWdXo0S2dNTjR3ejBmTjNKUlI5aldLRmZnWWE0YmliTQ?oc=5,2026-03-14 03:18:17+00:00,,
economic_times,technology,Apple MacBook Neo emerges as company's most repairable laptop in more than a decade,"iFixit publishes repair guides and sells parts and tools for consumer electronic devices, but also provides ratings for how easy items are to fix and ‌keep running. ⁠Laptop makers ⁠such as Dell Tech and Lenovo Group have used those ratings to improve the repairability of their products.",https://economictimes.indiatimes.com/tech/technology/apple-macbook-neo-emerges-as-companys-most-repairable-laptop-in-more-than-a-decade/articleshow/129568158.cms,2026-03-14 03:19:22+00:00,,
economic_times,technology,Uber cofounder Kalanick launches Atoms in specialised robotics push,"Kalanick is betting that task-specific machines are the key ‌to improving ⁠industrial productivity. ⁠He is expanding and renaming City Storage Systems, the startup ​he started building after leaving the ride-hailing giant.",https://economictimes.indiatimes.com/tech/technology/uber-cofounder-kalanick-launches-atoms-in-specialised-robotics-push/articleshow/129568181.cms,2026-03-14 03:23:21+00:00,,
economic_times,technology,Digg cuts jobs after facing AI bot surge,CEO Justin Mezzell said in a blog post on Friday that ‌the company ⁠is downsizing ⁠its team to a small core group after failing to find ​product-market fit against established social media platforms.,https://economictimes.indiatimes.com/tech/startups/digg-cuts-jobs-after-facing-ai-bot-surge/articleshow/129568194.cms,2026-03-14 03:25:25+00:00,,
economic_times,technology,US Commerce Department withdraws planned rule on AI chip exports,"The department had sent a draft rule, to replace a January 2025 Biden-era regulation on global access to AI chips, to other agencies for feedback late last ‌month.",https://economictimes.indiatimes.com/tech/artificial-intelligence/us-commerce-department-withdraws-planned-rule-on-ai-chip-exports/articleshow/129568215.cms,2026-03-14 03:28:57+00:00,,
economic_times,markets,"Nifty down 2%: Deepak Gupta's sector-by-sector playbook for what to buy, hold, and trim",Market expert Deepak Gupta urges investors to stay invested during the current market downturn. He advises continuing Systematic Investment Plans and averaging costs. Investors should consider rotating within equities from high-beta to low-beta stocks. This strategy aims to position investors strongly for future market recoveries. The current correction is viewed as a potential opportunity for patient buyers.,https://economictimes.indiatimes.com/markets/expert-view/nifty-down-2-deepak-guptas-sector-by-sector-playbook-for-what-to-buy-hold-and-trim/articleshow/129552421.cms,2026-03-14 03:30:00+00:00,"Market expert Deepak Gupta urges investors to stay invested during the current market downturn. He advises continuing Systematic Investment Plans and averaging costs. Investors should consider rotating within equities from high-beta to low-beta stocks. This strategy aims to position investors strongly for future market recoveries. The current correction is viewed as a potential opportunity for patient buyers.
Don't predict the oil price; predict how long the pain lasts and hold cash: Nandan Chakraborty
Market fall threatening Rs 22 lakh loss on Rs 2 crore retirement corpus? Here are smart strategies to protect and grow your savings
Choose your reason below and click on the Report button. This will alert our moderators to take action
Log out of your current logged-in accountand log in again using your ET Prime credentials  to enjoy all member benefits.
Trump temper on H-1B visas is forcing Indians to do these things to stay put in US
Why veterans like Reliance, L&T are on acquisition spree? Aswath Damodaran has an answer.
Huawei launches its own OS to compete with Google and Apple. But can it win beyond China?
Check the score based on the company's fundamentals, solvency, growth, risk & ownership to decide the right stocks.
Analyze the market sentiments & identify the trend reversal for strategic decisions.
Ask your stock queries & get assured replies by ET appointed, SEBI registered experts.
Read your daily newspaper in Digital View & get it delivered to your inbox everyday.",
reuters,world,White House AI czar says US should 'declare victory and get out' of Iran war - Reuters,"<a href=""https://news.google.com/rss/articles/CBMivgFBVV95cUxOaEpuNGtxZUdiVHJqTVBtaUtWNGQ0TTZkR0oweEE1VDJaV2taMHdUZDltYTIzcFlzeWJYQWE3TFZCRUhSajF1enpfb05kdDFfc3EtMUJqZWxTbnNlM3ZTS0s2R0VGOEFGMVFSYi0zMTVXUmFKUEhGM0tTVnJXU05UalpxSFlEc1lZVUpTRUhkR3Y2N3FQQlNQNkZWY1UtYXZJMm9XYXVfMFlPSmtFY2pwaXh3TWlxSVNBQzYwdzBB?oc=5"" target=""_blank"">White House AI czar says US should 'declare victory and get out' of Iran war</a>&nbsp;&nbsp;<font color=""#6f6f6f"">Reuters</font>",https://news.google.com/rss/articles/CBMivgFBVV95cUxOaEpuNGtxZUdiVHJqTVBtaUtWNGQ0TTZkR0oweEE1VDJaV2taMHdUZDltYTIzcFlzeWJYQWE3TFZCRUhSajF1enpfb05kdDFfc3EtMUJqZWxTbnNlM3ZTS0s2R0VGOEFGMVFSYi0zMTVXUmFKUEhGM0tTVnJXU05UalpxSFlEc1lZVUpTRUhkR3Y2N3FQQlNQNkZWY1UtYXZJMm9XYXVfMFlPSmtFY2pwaXh3TWlxSVNBQzYwdzBB?oc=5,2026-03-14 03:40:00+00:00,,
livemint,companies,"Who is Devendra Singh Chaplot? IIT Bombay alum joins xAI to build superintelligence, welcomed by Elon Musk",Devendra Singh Chaplot is an IIT Bombay Computer Science graduate who has a PhD in Machine Learning from Carnegie Mellon University.,https://www.livemint.com/companies/people/who-is-devendra-singh-chaplot-iit-bombay-alum-joins-xai-to-build-superintelligence-welcomed-by-elon-musk-11773455029815.html,2026-03-14 03:43:35+00:00,"Devendra Singh Chaplot, an Indian AI researcher and robotics expert, announced that he is joining SpaceX and xAI to team to build superintelligence. He said he will work directly under Elon Musk.
“Together, SpaceX and xAI combine physical and digital intelligence under a leader who understands hardware at the deepest level. Add a high-agency culture with frontier-scale resources, and you get the possibility to achieve something truly unique,” he said.
Expressing gratitude, Chaplot said, “Grateful for everything that brought me here and can’t wait to get started.”
Devendra Singh Chaplot is an IIT Bombay Computer Science graduate who has a PhD in Machine Learning from Carnegie Mellon University.
He was a Research Scientist at Mistral AI working on building the next generation of AI models.
According to his LinkedIn bio, he has previously worked as a Research Scientist at the Facebook AI Research (FAIR) Lab, working at the intersection of Machine Learning, Computer Vision and Robotics.
He has led the design of several AI systems, which won the CVPR-2019 PointNav and CVPR-2020 ObjectNav, NeurIPS-2022 Rearrangement Habitat Challenges and the Visual-Doom AI Competition 2017.
Chaplot is a recipient of the Facebook Fellowship Award, and his research has received Best Paper and Best Demo awards at leading AI conferences.
His research has also been featured in several popular media outlets such as MIT Technology Review, TechCrunch, Engadget, Popular Science, Kotaku, and Daily Mail.
On Friday, Musk apologised for xAI's past hiring misses and announced a review of interview records to re-engage overlooked candidates, signalling a talent-focused reset amid the company's foundational rebuild.
He had previously likened xAI's overhaul to Tesla's early iterations, highlighting a pattern of bold restarts to drive innovation in AI development.
Arshdeep Kaur is a Senior Content Producer at Mint, where she reports and edits across national and international politics, business and culture‑adjac...Read More",
economic_times,technology,White House AI czar says US should 'declare victory and get out' of Iran war,"Sacks said the ​U.S. had degraded Iran's militarycapabilities. ""I ⁠agree that ‌we should try to find ​the off-ramp,"" ​headded. ""If escalation doesn't lead anywhere ⁠good, then you haveto think about, well, how ​do you de-escalate? De-escalation, Ithink, involves ​reaching some sort of ceasefire agreement orsome sort of negotiated settlement with Iran,"" he said. The U.S. and Israel attacked Iran on February 28. Iran andits ally in Lebanon, ‌Hezbollah, have responded with strikes onIsrael and other countries in the Middle East.",https://economictimes.indiatimes.com/tech/artificial-intelligence/white-house-ai-czar-says-us-should-declare-victory-and-get-out-of-iran-war/articleshow/129568324.cms,2026-03-14 03:47:21+00:00,,
economic_times,markets,"US Stocks | US stocks end lower, post weekly loss as war on Iran fuels inflation worries","Indian markets mirrored global trends as US stocks closed lower. Volatile crude oil prices, influenced by the Iran conflict, impacted equities. Investors are closely watching global oil supply dynamics. Economic indicators showed mixed signals, with inflation remaining a concern. The US Federal Reserve is expected to maintain interest rates. This situation creates uncertainty for market participants.",https://economictimes.indiatimes.com/markets/us-stocks/news/us-stocks-us-stocks-end-lower-posts-weekly-loss-as-war-on-iran-fuels-inflation-worries/articleshow/129568360.cms,2026-03-14 03:51:06+00:00,"Indian markets mirrored global trends as US stocks closed lower. Volatile crude oil prices, influenced by the Iran conflict, impacted equities. Investors are closely watching global oil supply dynamics. Economic indicators showed mixed signals, with inflation remaining a concern. The US Federal Reserve is expected to maintain interest rates. This situation creates uncertainty for market participants.
Choose your reason below and click on the Report button. This will alert our moderators to take action
Log out of your current logged-in accountand log in again using your ET Prime credentials  to enjoy all member benefits.
Trump temper on H-1B visas is forcing Indians to do these things to stay put in US
Why veterans like Reliance, L&T are on acquisition spree? Aswath Damodaran has an answer.
Huawei launches its own OS to compete with Google and Apple. But can it win beyond China?
Check the score based on the company's fundamentals, solvency, growth, risk & ownership to decide the right stocks.
Analyze the market sentiments & identify the trend reversal for strategic decisions.
Ask your stock queries & get assured replies by ET appointed, SEBI registered experts.
Read your daily newspaper in Digital View & get it delivered to your inbox everyday.",
economic_times,markets,Wall Street Week Ahead: Investors await Fed rate outlook as Iran war keeps markets on edge,"Global markets are keenly watching the US Federal Reserve this week for insights into interest rate cut timelines, as the Middle East conflict fuels oil price surges and economic uncertainty. Policymakers will assess the impact of the energy shock on inflation and growth, potentially delaying anticipated rate reductions.",https://economictimes.indiatimes.com/markets/us-stocks/news/wall-street-week-ahead-investors-await-fed-rate-outlook-as-iran-war-keeps-markets-on-edge/articleshow/129568374.cms,2026-03-14 03:53:35+00:00,"Global markets are keenly watching the US Federal Reserve this week for insights into interest rate cut timelines, as the Middle East conflict fuels oil price surges and economic uncertainty. Policymakers will assess the impact of the energy shock on inflation and growth, potentially delaying anticipated rate reductions.
Choose your reason below and click on the Report button. This will alert our moderators to take action
Log out of your current logged-in accountand log in again using your ET Prime credentials  to enjoy all member benefits.
Trump temper on H-1B visas is forcing Indians to do these things to stay put in US
Why veterans like Reliance, L&T are on acquisition spree? Aswath Damodaran has an answer.
Huawei launches its own OS to compete with Google and Apple. But can it win beyond China?
Check the score based on the company's fundamentals, solvency, growth, risk & ownership to decide the right stocks.
Analyze the market sentiments & identify the trend reversal for strategic decisions.
Ask your stock queries & get assured replies by ET appointed, SEBI registered experts.
Read your daily newspaper in Digital View & get it delivered to your inbox everyday.",
economic_times,markets,"RBI injects Rs 50,000 crore liquidity through OMOs to meet tax demand","In a strategic maneuver to bolster market liquidity, the Reserve Bank of India has infused a significant fifty thousand crore rupees into the banking sector. As businesses prepare for advance tax and GST payments later this month, this liquidity boost comes at a crucial time.",https://economictimes.indiatimes.com/markets/bonds/rbi-injects-50000-cr-liquidity-through-omos-to-meet-tax-demand/articleshow/129568444.cms,2026-03-14 04:09:20+00:00,"In a strategic maneuver to bolster market liquidity, the Reserve Bank of India has infused a significant fifty thousand crore rupees into the banking sector. As businesses prepare for advance tax and GST payments later this month, this liquidity boost comes at a crucial time.
Vedanta Limited has made headlines by securing ₹2,575 crore via a three-year bond sale, locking in a coupon of roughly 8.95%. This funding initiative is primarily aimed at restructuring their existing liabilities and addressing imminent debt maturities.
Choose your reason below and click on the Report button. This will alert our moderators to take action
Log out of your current logged-in accountand log in again using your ET Prime credentials  to enjoy all member benefits.
Trump temper on H-1B visas is forcing Indians to do these things to stay put in US
Why veterans like Reliance, L&T are on acquisition spree? Aswath Damodaran has an answer.
Huawei launches its own OS to compete with Google and Apple. But can it win beyond China?
Check the score based on the company's fundamentals, solvency, growth, risk & ownership to decide the right stocks.
Analyze the market sentiments & identify the trend reversal for strategic decisions.
Ask your stock queries & get assured replies by ET appointed, SEBI registered experts.
Read your daily newspaper in Digital View & get it delivered to your inbox everyday.",
economic_times,markets,NARCL to buy Kurukshetra e-way debt,"In a significant move towards debt resolution, the government-supported NARCL is set to take over KEPL's outstanding ₹1,500 crore debt for just ₹345 crore. Furthermore, it is expected to acquire BLA Power's ₹738 crore debt for a mere ₹285 crore.",https://economictimes.indiatimes.com/markets/stocks/news/narcl-to-buy-kurukshetra-e-way-debt/articleshow/129568526.cms,2026-03-14 04:14:26+00:00,"In a significant move towards debt resolution, the government-supported NARCL is set to take over KEPL's outstanding ₹1,500 crore debt for just ₹345 crore. Furthermore, it is expected to acquire BLA Power's ₹738 crore debt for a mere ₹285 crore.
Choose your reason below and click on the Report button. This will alert our moderators to take action
Log out of your current logged-in accountand log in again using your ET Prime credentials  to enjoy all member benefits.
Trump temper on H-1B visas is forcing Indians to do these things to stay put in US
Why veterans like Reliance, L&T are on acquisition spree? Aswath Damodaran has an answer.
Huawei launches its own OS to compete with Google and Apple. But can it win beyond China?
Check the score based on the company's fundamentals, solvency, growth, risk & ownership to decide the right stocks.
Analyze the market sentiments & identify the trend reversal for strategic decisions.
Ask your stock queries & get assured replies by ET appointed, SEBI registered experts.
Read your daily newspaper in Digital View & get it delivered to your inbox everyday.",
economic_times,markets,Forex reserves decline by $12 billion as volatility hits asset valuations,"India's foreign exchange reserves took a notable hit recently, largely due to fluctuations in the currency market and changing valuations. The Indian rupee faced increased instability against the US dollar, worsened by escalated geopolitical tensions that rocked global energy markets. This situation has put pressure on India's energy imports.",https://economictimes.indiatimes.com/markets/forex/forex-news/forex-reserves-decline-by-12-billion-as-volatility-hits-asset-valuations/articleshow/129568549.cms,2026-03-14 04:16:40+00:00,"India's foreign exchange reserves took a notable hit recently, largely due to fluctuations in the currency market and changing valuations. The Indian rupee faced increased instability against the US dollar, worsened by escalated geopolitical tensions that rocked global energy markets. This situation has put pressure on India's energy imports.
Choose your reason below and click on the Report button. This will alert our moderators to take action
Log out of your current logged-in accountand log in again using your ET Prime credentials  to enjoy all member benefits.
Trump temper on H-1B visas is forcing Indians to do these things to stay put in US
Why veterans like Reliance, L&T are on acquisition spree? Aswath Damodaran has an answer.
Huawei launches its own OS to compete with Google and Apple. But can it win beyond China?
Check the score based on the company's fundamentals, solvency, growth, risk & ownership to decide the right stocks.
Analyze the market sentiments & identify the trend reversal for strategic decisions.
Ask your stock queries & get assured replies by ET appointed, SEBI registered experts.
Read your daily newspaper in Digital View & get it delivered to your inbox everyday.",
economic_times,markets,Muthoot FinCorp eyes Rs 600 crore via issuance of retail bonds,"Get ready for an exciting investment opportunity! Muthoot FinCorp is rolling out a bond issue, aiming to gather as much as ₹600 crore to bolster business expansion and fulfill corporate goals. With appealing yields and flexible tenure options, these bonds are perfect for retail investors looking to dive in before March 23.",https://economictimes.indiatimes.com/markets/bonds/muthoot-fincorp-eyes-rs-600-crore-via-issuance-of-retail-bonds/articleshow/129568561.cms,2026-03-14 04:20:15+00:00,"Get ready for an exciting investment opportunity! Muthoot FinCorp is rolling out a bond issue, aiming to gather as much as ₹600 crore to bolster business expansion and fulfill corporate goals. With appealing yields and flexible tenure options, these bonds are perfect for retail investors looking to dive in before March 23.
Vedanta Limited has made headlines by securing ₹2,575 crore via a three-year bond sale, locking in a coupon of roughly 8.95%. This funding initiative is primarily aimed at restructuring their existing liabilities and addressing imminent debt maturities.
Choose your reason below and click on the Report button. This will alert our moderators to take action
Log out of your current logged-in accountand log in again using your ET Prime credentials  to enjoy all member benefits.
Trump temper on H-1B visas is forcing Indians to do these things to stay put in US
Why veterans like Reliance, L&T are on acquisition spree? Aswath Damodaran has an answer.
Huawei launches its own OS to compete with Google and Apple. But can it win beyond China?
Check the score based on the company's fundamentals, solvency, growth, risk & ownership to decide the right stocks.
Analyze the market sentiments & identify the trend reversal for strategic decisions.
Ask your stock queries & get assured replies by ET appointed, SEBI registered experts.
Read your daily newspaper in Digital View & get it delivered to your inbox everyday.",
reuters,world,"Missile strikes helipad in US embassy compound in Iraq, AP reports - Reuters","<a href=""https://news.google.com/rss/articles/CBMiswFBVV95cUxPaEp2eEl5RjA0UnkyelJFNXhRVGdiWkdFazhjNlM1bzZ2YzNySDIzLUlGQWNJXzAwNVY4WHdBN3lyTHdsSURyOENRaXN3S1k2U29ibFFwVzMtblNvU21zWGpUYllhdEthN2lUSHRNaU5lOVV1aHB2RzlQX281NC1jMWQ1X2RxNXpJemk2RkFXcmVPNDlIWHdMbm16bWI2bHRDZS1jM2JybWxlWGowUWtUTU5QRQ?oc=5"" target=""_blank"">Missile strikes helipad in US embassy compound in Iraq, AP reports</a>&nbsp;&nbsp;<font color=""#6f6f6f"">Reuters</font>",https://news.google.com/rss/articles/CBMiswFBVV95cUxPaEp2eEl5RjA0UnkyelJFNXhRVGdiWkdFazhjNlM1bzZ2YzNySDIzLUlGQWNJXzAwNVY4WHdBN3lyTHdsSURyOENRaXN3S1k2U29ibFFwVzMtblNvU21zWGpUYllhdEthN2lUSHRNaU5lOVV1aHB2RzlQX281NC1jMWQ1X2RxNXpJemk2RkFXcmVPNDlIWHdMbm16bWI2bHRDZS1jM2JybWxlWGowUWtUTU5QRQ?oc=5,2026-03-14 04:22:00+00:00,,
economic_times,markets,Stock markets and geopolitical tensions: A 3-stage analysis of last 7 crashes,"WhiteOak Capital Mutual Fund highlights that geopolitical crises, including the Iran–Israel war, mainly trigger short-term panic. Historical data shows markets recover quickly, with fundamentals like corporate earnings and valuations driving long-term returns. Investors are advised to stay disciplined, rebalance systematically, and treat crises as opportunities rather than reasons to sell.",https://economictimes.indiatimes.com/markets/stocks/news/stock-markets-and-geopolitical-tensions-a-3-stage-analysis-of-last-7-crashes/articleshow/129568665.cms,2026-03-14 04:25:58+00:00,"WhiteOak Capital Mutual Fund highlights that geopolitical crises, including the Iran–Israel war, mainly trigger short-term panic. Historical data shows markets recover quickly, with fundamentals like corporate earnings and valuations driving long-term returns. Investors are advised to stay disciplined, rebalance systematically, and treat crises as opportunities rather than reasons to sell.
The fund house explained that geopolitical shocks like the current war in the Middle East are almost always sentiment shocks.
Choose your reason below and click on the Report button. This will alert our moderators to take action
Log out of your current logged-in accountand log in again using your ET Prime credentials  to enjoy all member benefits.
Trump temper on H-1B visas is forcing Indians to do these things to stay put in US
Why veterans like Reliance, L&T are on acquisition spree? Aswath Damodaran has an answer.
Huawei launches its own OS to compete with Google and Apple. But can it win beyond China?
Check the score based on the company's fundamentals, solvency, growth, risk & ownership to decide the right stocks.
Analyze the market sentiments & identify the trend reversal for strategic decisions.
Ask your stock queries & get assured replies by ET appointed, SEBI registered experts.
Read your daily newspaper in Digital View & get it delivered to your inbox everyday.",
livemint,markets,"Trump threatens to bomb Iran's oil infra; what does it mean for Indian stock market, oil, gold, silver rates?","US-Iran news: The US has targeted military sites on Iran's Kharg Island, threatening its oil infrastructure amid rising tensions",https://www.livemint.com/market/stock-market-news/usiran-news-trump-threatens-irans-oil-infra-what-does-it-mean-for-indian-stock-market-oil-gold-silver-rates-11773461520626.html,2026-03-14 04:28:58+00:00,"Decoding the impact of Trump's threat to Iran on Kharg Island oil infrastructure, Anuj Gupta, a SEBI-registered market expert, said, ""The US President Donald Trump's threat to bomb Kharg Island has escalated the US-Iran war tension. As Iran supplied around 90% of its oil from the Kharg Island, which accounted for nearly 2% of global oil supply. So, it would have a direct impact on the crude oil prices when the market reopens after the weekend holidays. We can expect the Brent Crude oil to sustain above $100 per barrel and try to come close to its existing hurdle placed at $120 per barrel.""
The SEBI-registered expert said that the US-Iran war has overstretched, entering its third week today. If there is no signs of de-escalation in the US-Iran war, then in that case Brent Crude Oil may break above its current resistance and touch $150 per barrel in the near term.
Expecting a gap-down opening on Monday, Avinash Gorakshkar, a SEBI-registered fundamental equity analyst, said, “Rising crude oil prices mean pressure on the Indian Rupee as India meets 85% of its oil demand through imports. So, soaring crude oil prices mean a higher outflow of the US Dollar and a rise in inflation. So, the market would try to offset the negative impact of the soaring crude oil prices in advance when the market resumes trade activity on Monday.”
Speaking on the outlook of the Nifty 50 index in the wake of the US-Iran war, Mehul Kothari, Deputy Vice President — Technical Research at Anand Rathi, said, ""The Nifty 50 index has now retraced nearly 61.8% of the entire rally from the low of 21,743 to the recent high of 26,373, bringing it close to an important technical support area. A decisive move below 22,900 could open the doors for the 22,800 – 21,800 zone, which may remain volatile and confusing for traders due to the absence of strong intermediate supports.""
Unveiling the intraday trading strategy amid the escalation in the US-Iran war, Mehul Kothari of Anand Rathi said that, given heightened global uncertainty and geopolitical developments, traders should avoid aggressive new positions and focus more on risk management and hedging existing exposure.
On how the escalation in the US-Iran war would impact gold and silver rates, Anuj Gupta said, ""Gold and silver prices are expected to remain sideways to positive. Normally, during war, gold and silver prices escalate, but during the US-Iran war, both precious metals have remained non-participants. The major reasons behind this are escalating crude oil prices, a strong US Dollar, and rising US Treasury yields. These three have capped the rally in the precious metals.""
However, Anuj Gupta maintained that crashing demand in the UAE is also a major factor behind the sideways movement in gold and silver rates. He said that around 20% of global gold and silver consumption is in the UAE. But due to the US-Iran war, precious metals are trading at a whopping premium in the UAE, which has damaged safe-haven demand for gold and silver.
Disclaimer:This story is for educational purposes only. The views and recommendations above are those of individual analysts or broking companies, not Mint. We advise investors to check with certified experts before making any investment decisions.
Asit Manohar has nearly two decades of experience in the mainstream media. In this period, he has served esteemed media organisations like NDTV Profit...Read More",
reuters,world,US prosecutors defend block on Venezuelan state funds for Maduro's defense - Reuters,"<a href=""https://news.google.com/rss/articles/CBMiuAFBVV95cUxNQkdDYzZsT2lUX2lBdjFEdkR3cTJ2VmRmSlplVy11X2p1RnFGc3Y5OXdfVXRReW5RM3Y5SnhpMkg2UzQwUVNvSF9vQ05WMnJWWkszSHR3SVRjVVl5OTh3akZYU3JSajNjOXVJZXp0elFjVWNLSTBlZzlXRDMzWGZqYVZhb3pjaVhhcUZrWS1mQUFxaXpOOHhBVjRxSjVURllHMWpna3lkSnVuNjIzQ0xjWkJLTXE5T0tL?oc=5"" target=""_blank"">US prosecutors defend block on Venezuelan state funds for Maduro's defense</a>&nbsp;&nbsp;<font color=""#6f6f6f"">Reuters</font>",https://news.google.com/rss/articles/CBMiuAFBVV95cUxNQkdDYzZsT2lUX2lBdjFEdkR3cTJ2VmRmSlplVy11X2p1RnFGc3Y5OXdfVXRReW5RM3Y5SnhpMkg2UzQwUVNvSF9vQ05WMnJWWkszSHR3SVRjVVl5OTh3akZYU3JSajNjOXVJZXp0elFjVWNLSTBlZzlXRDMzWGZqYVZhb3pjaVhhcUZrWS1mQUFxaXpOOHhBVjRxSjVURllHMWpna3lkSnVuNjIzQ0xjWkJLTXE5T0tL?oc=5,2026-03-14 04:31:00+00:00,,
economic_times,markets,Rupee touches a record low as West Asia crisis raises oil risk,"In a troubling development, the Indian Rupee has plummeted to a record low against the US Dollar. The spike in crude oil prices, coupled with rising geopolitical tensions in West Asia, is severely affecting the currency's strength. With foreign capital fleeing the market, the Reserve Bank of India is taking measures to curb the Rupee's descent.",https://economictimes.indiatimes.com/markets/forex/forex-news/rupee-touches-a-record-low-as-west-asia-crisis-raises-oil-risk/articleshow/129568672.cms,2026-03-14 04:33:39+00:00,"In a troubling development, the Indian Rupee has plummeted to a record low against the US Dollar. The spike in crude oil prices, coupled with rising geopolitical tensions in West Asia, is severely affecting the currency's strength. With foreign capital fleeing the market, the Reserve Bank of India is taking measures to curb the Rupee's descent.
Choose your reason below and click on the Report button. This will alert our moderators to take action
Log out of your current logged-in accountand log in again using your ET Prime credentials  to enjoy all member benefits.
Trump temper on H-1B visas is forcing Indians to do these things to stay put in US
Why veterans like Reliance, L&T are on acquisition spree? Aswath Damodaran has an answer.
Huawei launches its own OS to compete with Google and Apple. But can it win beyond China?
Check the score based on the company's fundamentals, solvency, growth, risk & ownership to decide the right stocks.
Analyze the market sentiments & identify the trend reversal for strategic decisions.
Ask your stock queries & get assured replies by ET appointed, SEBI registered experts.
Read your daily newspaper in Digital View & get it delivered to your inbox everyday.",
business_standard,world_news,"US offers up to $10 mn reward for info on Mojtaba Khamenei, Iranian leaders - Business Standard","<a href=""https://news.google.com/rss/articles/CBMixwFBVV95cUxQNmdQODRsRU1Jbk5FRUtzVzJhTjl6bi1vTU1ORllDRjRwNlBkby1TMTUxUDdNRE1aSTUzWE1WQm04YUk0cTBFc0lidDNuQWMzdmxBbE1kYTY3OUxWZEtRaHlWQXpYSG9nRlZOUUlTQVV6X1g0ZzJfZlZEU1I0aVd1aUxCQkV2TXI2dUg3UWd1UUt0VFlRYU5WblF0M2J1R2FaUmsyNEZFX3YyMW5fcWUxSXhLYzljN19vR2xCODA1TjRwMlY0azU40gHMAUFVX3lxTE42UjU1b0kwa1Atb0F4WDdIX0F0bHR1aVJMenllX3g3ZlMwdTdsajBaY0VtYjVKd2Z0YS1iWElUMWJPWEV4aVRiMWNPVUh5cC1Wa292UjY0RVRqWW4tTGtLOGJCT0J5TkFTUndrS2dlbl9iVGdKckh1RFQ2MUNDVGM5aEg0Y3ZGOEdsMXI4NnJ5MWlUVmwtYnQxb1NiNDhVYXJFWWVpMF9OaUdacGFGSVZjVFNnUTZVNXJKZVpOOGtDd05FbWZrZTJTREg0OA?oc=5"" target=""_blank"">US offers up to $10 mn reward for info on Mojtaba Khamenei, Iranian leaders</a>&nbsp;&nbsp;<font color=""#6f6f6f"">Business Standard</font>",https://news.google.com/rss/articles/CBMixwFBVV95cUxQNmdQODRsRU1Jbk5FRUtzVzJhTjl6bi1vTU1ORllDRjRwNlBkby1TMTUxUDdNRE1aSTUzWE1WQm04YUk0cTBFc0lidDNuQWMzdmxBbE1kYTY3OUxWZEtRaHlWQXpYSG9nRlZOUUlTQVV6X1g0ZzJfZlZEU1I0aVd1aUxCQkV2TXI2dUg3UWd1UUt0VFlRYU5WblF0M2J1R2FaUmsyNEZFX3YyMW5fcWUxSXhLYzljN19vR2xCODA1TjRwMlY0azU40gHMAUFVX3lxTE42UjU1b0kwa1Atb0F4WDdIX0F0bHR1aVJMenllX3g3ZlMwdTdsajBaY0VtYjVKd2Z0YS1iWElUMWJPWEV4aVRiMWNPVUh5cC1Wa292UjY0RVRqWW4tTGtLOGJCT0J5TkFTUndrS2dlbl9iVGdKckh1RFQ2MUNDVGM5aEg0Y3ZGOEdsMXI4NnJ5MWlUVmwtYnQxb1NiNDhVYXJFWWVpMF9OaUdacGFGSVZjVFNnUTZVNXJKZVpOOGtDd05FbWZrZTJTREg0OA?oc=5,2026-03-14 04:34:05+00:00,,
economic_times,markets,"Vedanta raises Rs 2,575 crore via 3-year bond to refinance existing debt","Vedanta Limited has made headlines by securing ₹2,575 crore via a three-year bond sale, locking in a coupon of roughly 8.95%. This funding initiative is primarily aimed at restructuring their existing liabilities and addressing imminent debt maturities.",https://economictimes.indiatimes.com/markets/bonds/vedanta-raises-2575-cr-to-refinance-existing-debt/articleshow/129568751.cms,2026-03-14 04:36:07+00:00,"Vedanta Limited has made headlines by securing ₹2,575 crore via a three-year bond sale, locking in a coupon of roughly 8.95%. This funding initiative is primarily aimed at restructuring their existing liabilities and addressing imminent debt maturities.
Vedanta Limited has made headlines by securing ₹2,575 crore via a three-year bond sale, locking in a coupon of roughly 8.95%. This funding initiative is primarily aimed at restructuring their existing liabilities and addressing imminent debt maturities.
Choose your reason below and click on the Report button. This will alert our moderators to take action
Log out of your current logged-in accountand log in again using your ET Prime credentials  to enjoy all member benefits.
Trump temper on H-1B visas is forcing Indians to do these things to stay put in US
Why veterans like Reliance, L&T are on acquisition spree? Aswath Damodaran has an answer.
Huawei launches its own OS to compete with Google and Apple. But can it win beyond China?
Check the score based on the company's fundamentals, solvency, growth, risk & ownership to decide the right stocks.
Analyze the market sentiments & identify the trend reversal for strategic decisions.
Ask your stock queries & get assured replies by ET appointed, SEBI registered experts.
Read your daily newspaper in Digital View & get it delivered to your inbox everyday.",
reuters,world,"US embassy in Iraq's Baghdad hit in missiles attack, security sources say - Reuters","<a href=""https://news.google.com/rss/articles/CBMiuwFBVV95cUxQd3Y1ZTlCOVVCMzJSTFRacnZiR2k5b0JINngxekRsWl9seFgybjMyX2RKYU5uZTUxcXFkUnlVTkhubWVZUXhPdUIxQUJCYzhaTDdYYW4wWkdEZTVSUDZhZkZOb05vUDRReWJvYUlySHM5TkFfZjFXN3ZkamQySWZtR1RSRDdRZWh1a1oxWGdWLWZSc2ZtUndfM0I0a1dOcFhXMEVwOFR4UEgzWFNiMVN2MENxaEx4SEZubmo4?oc=5"" target=""_blank"">US embassy in Iraq's Baghdad hit in missiles attack, security sources say</a>&nbsp;&nbsp;<font color=""#6f6f6f"">Reuters</font>",https://news.google.com/rss/articles/CBMiuwFBVV95cUxQd3Y1ZTlCOVVCMzJSTFRacnZiR2k5b0JINngxekRsWl9seFgybjMyX2RKYU5uZTUxcXFkUnlVTkhubWVZUXhPdUIxQUJCYzhaTDdYYW4wWkdEZTVSUDZhZkZOb05vUDRReWJvYUlySHM5TkFfZjFXN3ZkamQySWZtR1RSRDdRZWh1a1oxWGdWLWZSc2ZtUndfM0I0a1dOcFhXMEVwOFR4UEgzWFNiMVN2MENxaEx4SEZubmo4?oc=5,2026-03-14 04:37:00+00:00,,
economic_times,industry-auto,CARS24 acquires automotive utility platform Vehicle Info,"Global used-car marketplace CARS24 has acquired automotive utility platform Vehicle Info for an undisclosed sum. This move aims to expand CARS24 beyond vehicle transactions, building a comprehensive digital platform for vehicle ownership. Vehicle Info will continue as a standalone app, working with CARS24 on a shared vision.",https://economictimes.indiatimes.com/industry/auto/auto-news/cars24-acquires-automotive-utility-platform-vehicle-info/articleshow/129568826.cms,2026-03-14 04:42:18+00:00,"Global used-car marketplace CARS24 has acquired automotive utility platform Vehicle Info for an undisclosed sum. This move aims to expand CARS24 beyond vehicle transactions, building a comprehensive digital platform for vehicle ownership. Vehicle Info will continue as a standalone app, working with CARS24 on a shared vision.
Choose your reason below and click on the Report button. This will alert our moderators to take action",
economic_times,technology,General Catalyst discusses raising about $10 billion in funding push,"The discussions are early and the fundraising targets could change, said the people, who asked not to be identified discussing private information. The money would be spread across several vehicles, including the company’s growth and early-stage venture funds, one of the people said.",https://economictimes.indiatimes.com/tech/funding/general-catalyst-discusses-raising-about-10-billion-in-funding-push/articleshow/129568838.cms,2026-03-14 04:44:16+00:00,,
reuters,world,North Korea fires 10 ballistic missiles during US-South Korea military drills - Reuters,"<a href=""https://news.google.com/rss/articles/CBMiygFBVV95cUxOMlgxeUdSMXM2M29Oa2EtQkh1NFdsbXJtbHBLNGtaQTFuQVpRak1jRWY0VnhKeGhqVGpTSy05azRFZ09CVGpSV05jY3pWV0JDZGJrQWl0eDNJRHFTbGppbml6eW1nTFRLRS1NbmFINkxhMjlldjE3VzVkbUUtZ0E5b09YSE1JekpKajBDLTNDZzFhRkpLY3VBWDVRWlZxRTNWRDkwbHNlYWw0UDFCUkJUTktFMjU4a0dCR2hWWFBmandvOXNtQWFwQlR3?oc=5"" target=""_blank"">North Korea fires 10 ballistic missiles during US-South Korea military drills</a>&nbsp;&nbsp;<font color=""#6f6f6f"">Reuters</font>",https://news.google.com/rss/articles/CBMiygFBVV95cUxOMlgxeUdSMXM2M29Oa2EtQkh1NFdsbXJtbHBLNGtaQTFuQVpRak1jRWY0VnhKeGhqVGpTSy05azRFZ09CVGpSV05jY3pWV0JDZGJrQWl0eDNJRHFTbGppbml6eW1nTFRLRS1NbmFINkxhMjlldjE3VzVkbUUtZ0E5b09YSE1JekpKajBDLTNDZzFhRkpLY3VBWDVRWlZxRTNWRDkwbHNlYWw0UDFCUkJUTktFMjU4a0dCR2hWWFBmandvOXNtQWFwQlR3?oc=5,2026-03-14 05:06:00+00:00,,
economic_times,markets,Stock impact: 13 biggest losers in energy crisis amid raging Iran-Israel war,"Rising oil prices and gas supply disruptions amid the Iran–Israel war have hammered OMCs, RAC makers, fertiliser producers, and airlines, while food delivery and QSR chains show relative resilience, highlighting sector-specific vulnerabilities on Dalal Street.",https://economictimes.indiatimes.com/markets/stocks/news/stock-impact-13-biggest-losers-in-energy-crisis-amid-raging-iran-israel-war/slideshow/129569191.cms,2026-03-14 05:11:46+00:00,"Iran and Israel fired missiles at each other as the war escalated in the Middle East, but some instead hit global markets, metaphorically. Dalal Street was no exception. Sensex and Nifty declined around 8% in just one week as oil prices surged and gas supply constraints heightened due to the prolonged closure of the Strait of Hormuz.
Elara Capital has said the most exposed segments include OMCs, RAC component makers, fertiliser companies, aviation, LNG-linked gas firms, and food delivery platforms. Priority-gas CGDs and QSR chains lose out less than industrial gas suppliers and non-QSR-based restaurants, it added.
Oil marketing companies (OMC) stocks have seen a significant decline recently, with the shares of Hindustan Petroleum Corporation (HPCL), Bharat Petroleum Corporation (BPCL) and Indian Oil Corporation (IOC) falling up to 18% in one month. Elara said that the sharp surge in oil prices, which jumped above $100 per barrel, operates through two transmission channels: margin compression via higher COGS and earnings divergence across the oil and gas value chain. These OMCs are most vulnerable, the brokerage added.
RAC component makers, Amber Enterprises and PG Electroplast, are among the most exposed, holding only 7-10 days of heat exchanger inventory, said Elara Capital. “A three -month disruption could cut FY27E EPS estimate by ~30-35% for Amber and ~25 -30% for PG Electroplast,” it added.
Fertiliser-makers have a very high dependency on gas, which is the primary feedstock for urea production. One month of disruption can lead to 40% supply curtailment, while a three-month disruption can put Rabi season output at risk, said Elara.
For IndiGo, assuming 50% ATF cost pass-through and a 15% traffic impact, Elara sees EBITDA compressing sharply from Rs 23,700 crore in the base case to Rs 13,400 crore for crude at $ 100 per barrel. IndiGo shares have fallen nearly 16% in the past month.
“Even if shipping routes reopen quickly, Qatar Energy has indicated that restoring output will take additional time, implying tight LNG availability through April 2026 and potentially May 2026. We see impact on CGD sector players like Petronet LNG, GAIL, Gujarat State Petronet (GSPL), Gujarat Gas being severe and sustaining longer amid lack of clarity of normalisation of gas supplies,” said Elara Capital.
While food delivery platforms Zomato and Swiggy are currently not seeing any fall in volumes, Elara said that they can see short-term demand pressure from LPG-dependent restaurants. This comes as several restaurants in major cities like Mumbai and Bengaluru remained closed amid alleged LPG supply shortages.
City gas distribution companies Indraprastha Gas (IGL) and Mahanagar Gas (MGL) were named by Elara, although it added that these two companies remain relatively defensive when compared to Gujarat Gas, given their higher share of priority-sector domestic gas allocation.
Quick-service restaurant operators like Jubilant Foodworks (operates Domino’s), Devyani International and Sapphire Foods (operates KFC and Pizza Hut), Westlife FoodWorld (operates McDonald’s) and Speciality Restaurants (operates Mainland China and other brands) will likely see no impact if the crisis continues for one-month, according to Elara. In case the disruption continues for three-months, they will see a positive impact as consumers switch from Indian/Chinese cuisine to QSR formats, it added.(Disclaimer: Recommendations, suggestions, views and opinions given by the experts are their own. These do not represent the views of The Economic Times)",
economic_times,markets,"D-St in Bear Trap: Sensex, Nifty log steepes drop of wartime, down 2% on oil woes","On Friday, Indian stock markets took a dramatic plunge, marking the worst single-day drop since the onset of the Gulf war. In the last fortnight, the markets shed a staggering 33.8 lakh crore in value.",https://economictimes.indiatimes.com/markets/stocks/news/d-st-in-bear-trap-sensex-nifty-log-steepes-drop-of-wartime-down-2-on-oil-woes/articleshow/129569354.cms,2026-03-14 05:40:18+00:00,"On Friday, Indian stock markets took a dramatic plunge, marking the worst single-day drop since the onset of the Gulf war. In the last fortnight, the markets shed a staggering 33.8 lakh crore in value.
Choose your reason below and click on the Report button. This will alert our moderators to take action
Log out of your current logged-in accountand log in again using your ET Prime credentials  to enjoy all member benefits.
Trump temper on H-1B visas is forcing Indians to do these things to stay put in US
Why veterans like Reliance, L&T are on acquisition spree? Aswath Damodaran has an answer.
Huawei launches its own OS to compete with Google and Apple. But can it win beyond China?
Check the score based on the company's fundamentals, solvency, growth, risk & ownership to decide the right stocks.
Analyze the market sentiments & identify the trend reversal for strategic decisions.
Ask your stock queries & get assured replies by ET appointed, SEBI registered experts.
Read your daily newspaper in Digital View & get it delivered to your inbox everyday.",
economic_times,markets,Gold slips and heads for second consecutive weekly fall,"Gold prices are heading for a second weekly dip, influenced by a robust dollar and inflation concerns stemming from the Iran conflict. These factors are dampening hopes for imminent interest rate cuts by the Federal Reserve. Despite gold's traditional role as an inflation hedge, higher rates make holding it less attractive.",https://economictimes.indiatimes.com/markets/commodities/news/gold-slips-and-heads-for-second-consecutive-weekly-fall/articleshow/129569413.cms,2026-03-14 05:41:01+00:00,"Gold prices are heading for a second weekly dip, influenced by a robust dollar and inflation concerns stemming from the Iran conflict. These factors are dampening hopes for imminent interest rate cuts by the Federal Reserve. Despite gold's traditional role as an inflation hedge, higher rates make holding it less attractive.
Choose your reason below and click on the Report button. This will alert our moderators to take action
Log out of your current logged-in accountand log in again using your ET Prime credentials  to enjoy all member benefits.
Trump temper on H-1B visas is forcing Indians to do these things to stay put in US
Why veterans like Reliance, L&T are on acquisition spree? Aswath Damodaran has an answer.
Huawei launches its own OS to compete with Google and Apple. But can it win beyond China?
Check the score based on the company's fundamentals, solvency, growth, risk & ownership to decide the right stocks.
Analyze the market sentiments & identify the trend reversal for strategic decisions.
Ask your stock queries & get assured replies by ET appointed, SEBI registered experts.
Read your daily newspaper in Digital View & get it delivered to your inbox everyday.",
economic_times,markets,"Global crude oil prices may hit USD 120/barrel in short term, USD 150 if gulf war extends over a month: Kotak's Chainwala",Crude oil prices may surge to USD 120 per barrel soon. Extended conflict in West Asia could push prices to USD 150. Supply disruptions in the Strait of Hormuz are causing significant losses. Emergency reserves offer limited relief. A de-escalation could lead to sharp price drops. Indian crude prices on MCX might climb 20-30 percent.,https://economictimes.indiatimes.com/markets/commodities/news/global-crude-oil-prices-may-hit-usd-120/barrel-in-short-term-usd-150-if-gulf-war-extends-over-a-month-kotaks-chainwala/articleshow/129569429.cms,2026-03-14 05:43:26+00:00,"Crude oil prices may surge to USD 120 per barrel soon. Extended conflict in West Asia could push prices to USD 150. Supply disruptions in the Strait of Hormuz are causing significant losses. Emergency reserves offer limited relief. A de-escalation could lead to sharp price drops. Indian crude prices on MCX might climb 20-30 percent.
Choose your reason below and click on the Report button. This will alert our moderators to take action",
economic_times,markets,Global Markets | European shares log second week of losses as Mideast war fuels inflation fears,"European markets tumbled for a second week as Middle East tensions and inflation fears rattled investors. Industrial and mining stocks led the decline, with energy prices climbing amid concerns over the Strait of Hormuz. Analysts suggest the conflict's impact on inflation and interest rates might be less severe than feared, but market sentiment remains cautious.",https://economictimes.indiatimes.com/markets/us-stocks/news/global-markets-european-shares-log-second-week-of-losses-as-mideast-war-fuels-inflation-fears/articleshow/129569450.cms,2026-03-14 05:45:19+00:00,"European markets tumbled for a second week as Middle East tensions and inflation fears rattled investors. Industrial and mining stocks led the decline, with energy prices climbing amid concerns over the Strait of Hormuz. Analysts suggest the conflict's impact on inflation and interest rates might be less severe than feared, but market sentiment remains cautious.
Choose your reason below and click on the Report button. This will alert our moderators to take action
Log out of your current logged-in accountand log in again using your ET Prime credentials  to enjoy all member benefits.
Trump temper on H-1B visas is forcing Indians to do these things to stay put in US
Why veterans like Reliance, L&T are on acquisition spree? Aswath Damodaran has an answer.
Huawei launches its own OS to compete with Google and Apple. But can it win beyond China?
Check the score based on the company's fundamentals, solvency, growth, risk & ownership to decide the right stocks.
Analyze the market sentiments & identify the trend reversal for strategic decisions.
Ask your stock queries & get assured replies by ET appointed, SEBI registered experts.
Read your daily newspaper in Digital View & get it delivered to your inbox everyday.",
economic_times,markets,Crude futures turn positive on continued Hormuz closure,"Oil prices are rising as the Strait of Hormuz remains shut. Analysts are watching for weekend developments in the ongoing war. The US has issued a license for countries to buy Russian oil, aiming to stabilize markets.  The US and International Energy Agency plan to release oil from reserves.  Concerns grow about potential damage to oil infrastructure.",https://economictimes.indiatimes.com/markets/commodities/news/crude-futures-turn-positive-on-continued-hormuz-closure/articleshow/129569501.cms,2026-03-14 05:49:08+00:00,"Oil prices are rising as the Strait of Hormuz remains shut. Analysts are watching for weekend developments in the ongoing war. The US has issued a license for countries to buy Russian oil, aiming to stabilize markets.  The US and International Energy Agency plan to release oil from reserves.  Concerns grow about potential damage to oil infrastructure.
Choose your reason below and click on the Report button. This will alert our moderators to take action
Log out of your current logged-in accountand log in again using your ET Prime credentials  to enjoy all member benefits.
Trump temper on H-1B visas is forcing Indians to do these things to stay put in US
Why veterans like Reliance, L&T are on acquisition spree? Aswath Damodaran has an answer.
Huawei launches its own OS to compete with Google and Apple. But can it win beyond China?
Check the score based on the company's fundamentals, solvency, growth, risk & ownership to decide the right stocks.
Analyze the market sentiments & identify the trend reversal for strategic decisions.
Ask your stock queries & get assured replies by ET appointed, SEBI registered experts.
Read your daily newspaper in Digital View & get it delivered to your inbox everyday.",
economic_times,markets,Global Markets | Markets in Turmoil? François Rochon’s ‘corporate masterpiece’ strategy offers a timeless edge,"Global markets face uncertainty. Canadian investor François Rochon suggests treating investing as an art, not a science. He emphasizes rational, disciplined company selection for long-term gains. Investors should focus on business fundamentals and avoid short-term market noise. Patience, humility, and rationality are key. Thinking in years, not quarters, helps identify enduring businesses and avoid value traps.",https://economictimes.indiatimes.com/markets/us-stocks/news/global-markets-markets-in-turmoil-franois-rochons-corporate-masterpiece-strategy-offers-a-timeless-edge/articleshow/129569574.cms,2026-03-14 05:54:34+00:00,"Global markets face uncertainty. Canadian investor François Rochon suggests treating investing as an art, not a science. He emphasizes rational, disciplined company selection for long-term gains. Investors should focus on business fundamentals and avoid short-term market noise. Patience, humility, and rationality are key. Thinking in years, not quarters, helps identify enduring businesses and avoid value traps.
Choose your reason below and click on the Report button. This will alert our moderators to take action
Log out of your current logged-in accountand log in again using your ET Prime credentials  to enjoy all member benefits.
Trump temper on H-1B visas is forcing Indians to do these things to stay put in US
Why veterans like Reliance, L&T are on acquisition spree? Aswath Damodaran has an answer.
Huawei launches its own OS to compete with Google and Apple. But can it win beyond China?
Check the score based on the company's fundamentals, solvency, growth, risk & ownership to decide the right stocks.
Analyze the market sentiments & identify the trend reversal for strategic decisions.
Ask your stock queries & get assured replies by ET appointed, SEBI registered experts.
Read your daily newspaper in Digital View & get it delivered to your inbox everyday.",
economic_times,markets,Jefferies picks 7 stocks with up to 117% upside potential. How many do you have?,"Jefferies’ seven top picks, including Eternal, JSW Steel, Bharat Forge, SBI, and Max Healthcare, offer 20–117% upside across banking, auto, steel, insurance, and internet sectors.",https://economictimes.indiatimes.com/markets/stocks/news/jefferies-picks-7-stocks-with-up-to-117-upside-potential-how-many-do-you-have/slideshow/129569707.cms,2026-03-14 06:02:17+00:00,"International brokerage Jefferies has refreshed its Bottom-up Analyst Top Ideas, adding seven new names to its list of 23 top buys from a coverage universe of 247 stocks. The latest picks span across sectors from banks, auto, steel, and internet. Here’s the full list of new additions. Here is everything you need to know.
The country’s largest bank has a target price of Rs 1,300 and an upside potential of 20% from current market levels. Jefferies says the lender is well placed to grow its loan book, supported by a lower loan-to-deposit ratio (LDR) and stable asset quality.
Billionbrains Garage Ventures, the parent company of Groww, has a target of Rs 195 per share, an upside of 23% from the last close. Groww is the largest broker in terms of active clients, with a 28% market share, compared with 15% for the second-largest player. This leadership is driven by its strong mutual fund funnel, an easy-to-use UI and UX, and robust word-of-mouth traction.
Analysts have pegged the target price at Rs 660 per share. That’s an upside potential of 43% from current levels. The company is the leading private health insurer in India, with a dominant presence in the retail health segment and an estimated market share of around 31%.
The automobile company has a target price of Rs 2,150, translating to an upside of 21% from the current levels. Its operational outlook is showing signs of improvement, supported by indications that the US truck cycle is bottoming out, stronger truck demand in India, easing India–US tariff pressures and continued momentum in the defence segment, says Jefferies.
With a target price of Rs 1,400, Jefferies forecasts that the counter can gain nearly 20% from the last close of Rs 1,173 on the BSE. It has rapidly expanded its India capacity from 8 mtpa in FY10 to 34 mtpa in FY25. The company has also announced a 1 mtpa Electric Arc Furnace (EAF)-based expansion in Andhra Pradesh, which is expected to take its India capacity to 43 mtpa by FY29E.
The company has a target price of Rs 480, a staggering 117% upside from current levels. “Eternal has corrected 32% from its Oct-25 peak and offers good upside from current levels in our view,” the brokerage said. Food delivery remains the key cash generator for Zomato, with the segment continuing to grow at over 15% while profitability improves.
The brokerage has assigned a target price of Rs 1,320, translating to an upside of 29% from current levels. Max Healthcare plans to double its bed capacity over the next three to four years, with most of the expansion coming through brownfield additions, which typically have shorter breakeven periods and higher EBITDA margins. The company’s new Dwarka facility broke even in a record six months and began contributing to EBITDA from 4QFY25, underscoring strong demand in Max’s largest market.(Disclaimer: Recommendations, suggestions, views and opinions given by the experts are their own. These do not represent the views of The Economic Times)",
economic_times,markets,IPO Calendar: Coal India subsidiary among 3 IPOs scheduled for next week,"India’s primary market will see three IPOs, including two mainboard issues and one SME offering in the upcoming week. GSP Crop Science and CMPDI, a Coal India subsidiary, are the highlights of the lineup, while Novus Loyalty launches on the SME platform. Additionally, three companies – Rajputana Stainless, Apsis Aerocom, and Raajmarg Infra – are slated to list, keeping market activity strong.",https://economictimes.indiatimes.com/markets/ipos/fpos/ipo-calendar-coal-india-subsidiary-among-3-ipos-scheduled-for-next-week/articleshow/129569743.cms,2026-03-14 06:08:31+00:00,"India’s primary market will see three IPOs, including two mainboard issues and one SME offering in the upcoming week. GSP Crop Science and CMPDI, a Coal India subsidiary, are the highlights of the lineup, while Novus Loyalty launches on the SME platform. Additionally, three companies – Rajputana Stainless, Apsis Aerocom, and Raajmarg Infra – are slated to list, keeping market activity strong.
The largest of the upcoming issues is from agrochemical manufacturer GSP Crop Science, which plans to raise Rs 400 crore.
Choose your reason below and click on the Report button. This will alert our moderators to take action
Log out of your current logged-in accountand log in again using your ET Prime credentials  to enjoy all member benefits.
Trump temper on H-1B visas is forcing Indians to do these things to stay put in US
Why veterans like Reliance, L&T are on acquisition spree? Aswath Damodaran has an answer.
Huawei launches its own OS to compete with Google and Apple. But can it win beyond China?
Check the score based on the company's fundamentals, solvency, growth, risk & ownership to decide the right stocks.
Analyze the market sentiments & identify the trend reversal for strategic decisions.
Ask your stock queries & get assured replies by ET appointed, SEBI registered experts.
Read your daily newspaper in Digital View & get it delivered to your inbox everyday.",
economic_times,markets,Concurrent Losers: 12 smallcap stocks decline for 5 consecutive sessions,"Twelve small-cap stocks, including Aqylon Nexus, Silver Touch, and Sapphire Foods India, fell 10–23% over five consecutive sessions amid a 5.5% Sensex decline.",https://economictimes.indiatimes.com/markets/stocks/news/concurrent-losers-12-smallcap-stocks-decline-for-5-consecutive-sessions/slideshow/129569877.cms,2026-03-14 06:09:23+00:00,"Over the last five trading sessions ending March 13, the Sensex benchmark tumbled 5.5%, or 4,355 points, to 74,563. The index recorded losses in four of these five sessions. During this period, about 43 stocks in the BSE Smallcap index declined in all five sessions. From this group, we highlighted 12 small-cap stocks that collectively declined by 10–25% over the same period. (Data Source: ACE Equity)""",
economic_times,markets,"Ashish Kacholia's picks: 6 stocks rally up to 120%, 4 drop up to 50% in FY26; 2 new Q3 bets revealed","Ace investor Ashish Kacholia’s portfolio saw mixed performance in FY26, with six stocks rallying up to 119% while several others declined as much as 56%, even as he added two new bets in the December 2025 quarter.",https://economictimes.indiatimes.com/markets/stocks/news/ashish-kacholias-picks-6-stocks-rally-up-to-120-4-drop-up-to-50-in-fy26-2-new-q3-bets-revealed/slideshow/129570182.cms,2026-03-14 06:22:05+00:00,"Investors closely monitor the portfolios of prominent market participants on Dalal Street. In this context, ETMarkets analysed the investment holdings of well-known investor Ashish Kacholia. According to the latest data for the December 2025 quarter, Kacholia publicly disclosed stakes in about 35 stocks, with a total portfolio value of roughly Rs 2,338 crore as of March 13, 2026 — a decline of about 6% from Rs 2,477 crore in the March quarter. Notably, this list covers only those companies in which Kacholia holds more than a 1% stake and therefore may not reflect his complete portfolio.A deeper analysis shows that most of these stocks have delivered negative price returns so far in FY26. On the positive side, 10 of the 35 stocks have posted double-digit gains, with six rallying in the range of 25–120%. Among the laggards, four stocks have tumbled 40–50% in FY26. The analysis also identifies two stocks that were newly added in the December 2025 quarter. (Data Source: ACE Equity, Trendlyne).
In FY26 so far, the stock surged 119%, rising from Rs 698 to Rs 1,526. As of the December quarter, Ashish Kacholia held a 2.89% stake, currently valued at Rs 108 crore.
In FY26 so far, the stock surged 48%, rising from Rs 267 to Rs 394. As of the December quarter, Ashish Kacholia held a 3.04% stake, currently valued at Rs 90 crore.
In FY26, the stock surged 40%, rising from Rs 1,076 to Rs 1,509. As of the December quarter, Ashish Kacholia held a 2.06% stake, currently valued at Rs 34 crore.
In FY26, the stock surged 38%, rising from Rs 130 to Rs 180. As of the December quarter, Ashish Kacholia held a 4.8% stake, currently valued at Rs 14 crore. The stock was newly added to his portfolio during the December quarter.
In FY26, the stock surged 37%, rising from Rs 170 to Rs 234. As of the December quarter, Ashish Kacholia held a 2.01% stake, currently valued at Rs 61 crore.
In FY26, the stock surged 27%, rising from Rs 310 to Rs 394. As of the December quarter, Ashish Kacholia held a 2.29% stake, currently valued at Rs 12 crore.
In FY26, the stock surged 26%, rising from Rs 625 to Rs 787. As of the December quarter, Ashish Kacholia held a 3.52% stake, currently valued at Rs 79 crore.
In FY26, the stock declined 37%, falling from Rs 624 to Rs 390. As of the December quarter, Ashish Kacholia held a 3.51% stake, currently valued at Rs 24 crore.
In FY26, the stock declined 40%, falling from Rs 360 to Rs 217. As of the December quarter, Ashish Kacholia held a 2.23% stake, currently valued at Rs 65 crore.
In FY26, the stock has declined 41%, falling from Rs 1,906 to Rs 1,117. As of the December quarter, Ashish Kacholia held a 12.5% stake, currently valued at Rs 141 crore.
In FY26, the stock has declined 43%, falling from Rs 70 to Rs 40. As of the December quarter, Ashish Kacholia held a 7.78% stake, currently valued at Rs 2 crore.
In FY26, the stock has declined 43%, falling from Rs 525 to Rs 297. As of the December quarter, Ashish Kacholia held a 1.91% stake, currently valued at Rs 23 crore.
In FY26, the stock has declined 56%, falling from Rs 974 to Rs 427. As of the December quarter, Ashish Kacholia held a 4.33% stake, currently valued at Rs 28 crore.
Ashish Kacholia added two new stocks to his portfolio in the December ’25 quarter: TechEra Engineering and Adcounty Media.",
livemint,markets,Stock market crash: Should you worry as investors lost  ₹20 lakh crore last week? Radhika Gupta of Edelweiss explains,Stock market crash: Radhika Gupta from Edelweiss Mutual Fund recommends investors remain committed to their investments despite recent market declines,https://www.livemint.com/market/stock-market-news/us-iran-war-stock-market-crash-should-you-worry-as-investors-lost-rs-20-lakh-crore-last-week-radhika-gupta-edelweiss-11773468076662.html,2026-03-14 06:27:19+00:00,"Both the Sensex and the Nifty extended losses for the third consecutive week. This week, the Sensex shed 4,355 points, or 5.5%, while the Nifty 50 lost 1,300 points, or 5.3%. Investors lost₹20 lakh crore this week as the overall market capitalisation of firms listed on the BSE dropped to nearly₹430 lakh crore from nearly₹450 lakh crore on Friday, March 6, 2026.
Adding salt to an Indian stock investor's wounds, the key benchmark indices of the Indian stock market have remained almost flat for the last 18 months. This means an investor's portfolio has either remained idle for the last 1.5 years or delivered zero returns during this period.
Radhika Gupta, MD & CEO at Edelweiss Mutual Fund, believes Indian stock market investors need not worry, as such things have happened before. While an investor may have many questions at this juncture, the financial expert advised investors to maintain their calm and composure by asking three questions and their answers. Those three questions are: With so much geopolitical tension, what lies ahead; my portfolio has been flat for the last 18 months, or I haven't made money in the last 18 months; and what should I do now?
Advising investors to learn from past geopolitical events, Radhika Gupta said that during geopolitical tensions, markets fall but eventually recover faster. Using two examples, Radhika Gupta highlighted the stock market crash following the 9/11 attacks in 2001 and the Iraq War in 2003. In the 9/11 incident, markets fell by 6% to 7% over the next month, but they bounced back strongly, gaining around 14% over the next six months. Similarly, after the Iraq War in 2003, the stock market crashed by 7% to 8% over a month, but it surged by 15% to 16% the next year.
Answering this third and last question, the Edelweiss Mutual Fund expert said that investors need not do anything and stick to the disciplined investment cycle. She said that investors may avoid adding more if they don't want to. For SIP investors, her simple advice was to remain invested through the time cycle, irrespective of market movements, as a long-term SIP investor would get at least 12% to 13% at the time of redemption.
Disclaimer:This story is for educational purposes only. The views and recommendations above are those of individual analysts or broking companies, not Mint. We advise investors to check with certified experts before making any investment decisions.
Asit Manohar has nearly two decades of experience in the mainstream media. In this period, he has served esteemed media organisations like NDTV Profit...Read More",
economic_times,technology,Indian-origin AI researcher Devendra Chaplot joins Elon Musk's xAI,"In the new role, Chaplot will work closely with Musk and the teams at both companies to build superintelligence. Earlier, Chaplot worked in academia, Big Tech, research, and AI startups, with a focus on robotics, embodied AI and LLMs. Part of the founding team at French tech company Mistral AI, Chaplot has contributed to models such as Mistral 7B and Mixtral. He has also worked at Thinking Machines Lab, which works on large-scale training infrastructure and tools for foundation models.",https://economictimes.indiatimes.com/tech/technology/indian-origin-ai-researcher-devendra-chaplot-joins-xai/articleshow/129570032.cms,2026-03-14 06:34:08+00:00,,
business_standard,technology,Meta may cut around 20% of workforce amid rising costs of AI investments - Business Standard,"<a href=""https://news.google.com/rss/articles/CBMi3wFBVV95cUxOWlZ2RFVIVjBWdWRIV3VzQS1fcDJOZTEySEVPOWluY2xIZXctc1hrWThHMnVaXzloOVFFdUlyRm9uT1hvNEVkRVl3Q0FTN3UzZGlDVlJQaEhaSE15ZEpEQWRBM2Y5MXp5V2NraFdBQ290c2NDZnIwc1NUaS1sU19yREpsWTQ1VUg1TkF5NzR1RWpQSnE0M0xZMENWWW5abmo2SzVXUXJQcmdXVElLNU5nekt1MVJtZnJOTUM5dnNCemZ2cGNmYzAyOUVaSk95THpPOUt3cW5OMU9PbGF4UGxr0gHkAUFVX3lxTE5kSGpsUjJ6NVdEc2Y3SF9RUXd1NVRhbUdudXNvVTlJQzg5U0VjRkxOQWgzajh1bHZVdDQySHdmUEdTTktYWGxuNjMyLWFXOWdNb1lHVElreExweUtGbXZNZW1uN3c4c21KS2NfdWdBUkVjNlQzUkF2SlhGNGtXcHI3MUF3S21TNEFZSGYzNi1xaVpIRDhqaWkySXlQbm0tMHY5aU1xRk9lOTlLUjBoVnF0VWljMlBlN0FXNVJ1ckR2TUU3WkV6Z01XeFZWZTRlczJINERzcDhmeDQ5LUN1Y2VqR0dkbw?oc=5"" target=""_blank"">Meta may cut around 20% of workforce amid rising costs of AI investments</a>&nbsp;&nbsp;<font color=""#6f6f6f"">Business Standard</font>",https://news.google.com/rss/articles/CBMi3wFBVV95cUxOWlZ2RFVIVjBWdWRIV3VzQS1fcDJOZTEySEVPOWluY2xIZXctc1hrWThHMnVaXzloOVFFdUlyRm9uT1hvNEVkRVl3Q0FTN3UzZGlDVlJQaEhaSE15ZEpEQWRBM2Y5MXp5V2NraFdBQ290c2NDZnIwc1NUaS1sU19yREpsWTQ1VUg1TkF5NzR1RWpQSnE0M0xZMENWWW5abmo2SzVXUXJQcmdXVElLNU5nekt1MVJtZnJOTUM5dnNCemZ2cGNmYzAyOUVaSk95THpPOUt3cW5OMU9PbGF4UGxr0gHkAUFVX3lxTE5kSGpsUjJ6NVdEc2Y3SF9RUXd1NVRhbUdudXNvVTlJQzg5U0VjRkxOQWgzajh1bHZVdDQySHdmUEdTTktYWGxuNjMyLWFXOWdNb1lHVElreExweUtGbXZNZW1uN3c4c21KS2NfdWdBUkVjNlQzUkF2SlhGNGtXcHI3MUF3S21TNEFZSGYzNi1xaVpIRDhqaWkySXlQbm0tMHY5aU1xRk9lOTlLUjBoVnF0VWljMlBlN0FXNVJ1ckR2TUU3WkV6Z01XeFZWZTRlczJINERzcDhmeDQ5LUN1Y2VqR0dkbw?oc=5,2026-03-14 06:46:19+00:00,,
reuters,world,"Explosion at Amsterdam Jewish school was 'deliberate attack', mayor says - Reuters","<a href=""https://news.google.com/rss/articles/CBMimwFBVV95cUxPRW5WNVhzTnhxd0s3SHA2VUhDV1dKUVVFZHNObFZLV0xmS0twR2dzX0VOWEFIalQweF9VODYzY1RHTWxKQXZnVU9MSHVmVjdmYnBpZkpiUnBXOHVMX19VZEV3WEVwR2NMVms0d0VTVXd2cV9ydWFDT0NYdFMySFZaSmZ2UUdNZE0tVnB0U0x6a0NZSUlkNkRCei1mUQ?oc=5"" target=""_blank"">Explosion at Amsterdam Jewish school was 'deliberate attack', mayor says</a>&nbsp;&nbsp;<font color=""#6f6f6f"">Reuters</font>",https://news.google.com/rss/articles/CBMimwFBVV95cUxPRW5WNVhzTnhxd0s3SHA2VUhDV1dKUVVFZHNObFZLV0xmS0twR2dzX0VOWEFIalQweF9VODYzY1RHTWxKQXZnVU9MSHVmVjdmYnBpZkpiUnBXOHVMX19VZEV3WEVwR2NMVms0d0VTVXd2cV9ydWFDT0NYdFMySFZaSmZ2UUdNZE0tVnB0U0x6a0NZSUlkNkRCei1mUQ?oc=5,2026-03-14 06:47:00+00:00,,
economic_times,markets,"FIIs sell Indian equities worth Rs 52,704 crore in March, so far; Friday records its highest single-day outflow in 2026","Foreign portfolio investors (FPIs) sold Indian equities worth Rs 52,704 crore in the first half of March, with the biggest single-day outflow of 2026 recorded on Friday. The continued selling comes amid escalating geopolitical tensions linked to the Iran-Israel-US conflict and rising global uncertainty affecting investor sentiment.",https://economictimes.indiatimes.com/markets/stocks/news/fiis-sell-indian-equities-worth-rs-52704-crore-in-march-so-far-friday-records-its-highest-single-day-outflow-in-2026/articleshow/129570229.cms,2026-03-14 06:50:03+00:00,"Foreign portfolio investors (FPIs) sold Indian equities worth Rs 52,704 crore in the first half of March, with the biggest single-day outflow of 2026 recorded on Friday. The continued selling comes amid escalating geopolitical tensions linked to the Iran-Israel-US conflict and rising global uncertainty affecting investor sentiment.
Choose your reason below and click on the Report button. This will alert our moderators to take action
Log out of your current logged-in accountand log in again using your ET Prime credentials  to enjoy all member benefits.
Trump temper on H-1B visas is forcing Indians to do these things to stay put in US
Why veterans like Reliance, L&T are on acquisition spree? Aswath Damodaran has an answer.
Huawei launches its own OS to compete with Google and Apple. But can it win beyond China?
Check the score based on the company's fundamentals, solvency, growth, risk & ownership to decide the right stocks.
Analyze the market sentiments & identify the trend reversal for strategic decisions.
Ask your stock queries & get assured replies by ET appointed, SEBI registered experts.
Read your daily newspaper in Digital View & get it delivered to your inbox everyday.",
economic_times,markets,"BSE, NSE organise mock trading session today: Check timing, purpose, other details","BSE and National Stock Exchange of India are conducting a mock trading session on Saturday across equity, commodity and currency derivatives segments. The exercise will test system readiness, disaster recovery infrastructure and trading applications, while helping brokers and market participants familiarise themselves with exchange processes under simulated market conditions.",https://economictimes.indiatimes.com/markets/stocks/news/bse-nse-organise-mock-trading-session-today-check-timing-purpose-other-details/articleshow/129570264.cms,2026-03-14 06:52:50+00:00,"BSE and National Stock Exchange of India are conducting a mock trading session on Saturday across equity, commodity and currency derivatives segments. The exercise will test system readiness, disaster recovery infrastructure and trading applications, while helping brokers and market participants familiarise themselves with exchange processes under simulated market conditions.
Choose your reason below and click on the Report button. This will alert our moderators to take action
Log out of your current logged-in accountand log in again using your ET Prime credentials  to enjoy all member benefits.
Trump temper on H-1B visas is forcing Indians to do these things to stay put in US
Why veterans like Reliance, L&T are on acquisition spree? Aswath Damodaran has an answer.
Huawei launches its own OS to compete with Google and Apple. But can it win beyond China?
Check the score based on the company's fundamentals, solvency, growth, risk & ownership to decide the right stocks.
Analyze the market sentiments & identify the trend reversal for strategic decisions.
Ask your stock queries & get assured replies by ET appointed, SEBI registered experts.
Read your daily newspaper in Digital View & get it delivered to your inbox everyday.",
reuters,world,Five killed in Russian air attacks on Ukraine - Reuters,"<a href=""https://news.google.com/rss/articles/CBMinwFBVV95cUxOdUVmVjF4ckFGZ0lPcnc1VC1SQjR4S1JlYVdnZWswY1V5YVlGNmcwSDhuSXhmclM0NFNCYmdRN3hmUUNDYldlV2JBNE1FNENZRnl6UzFYT2hCQ1JETjNMRnkwYmlGM3I3dm8zMlhnS3U1cTQyYml4M1lmQ01veFg5U0c1VWF6VXF0ZFlTRjZKSUxhY3UzbEJ1WTNKSzR4V0E?oc=5"" target=""_blank"">Five killed in Russian air attacks on Ukraine</a>&nbsp;&nbsp;<font color=""#6f6f6f"">Reuters</font>",https://news.google.com/rss/articles/CBMinwFBVV95cUxOdUVmVjF4ckFGZ0lPcnc1VC1SQjR4S1JlYVdnZWswY1V5YVlGNmcwSDhuSXhmclM0NFNCYmdRN3hmUUNDYldlV2JBNE1FNENZRnl6UzFYT2hCQ1JETjNMRnkwYmlGM3I3dm8zMlhnS3U1cTQyYml4M1lmQ01veFg5U0c1VWF6VXF0ZFlTRjZKSUxhY3UzbEJ1WTNKSzR4V0E?oc=5,2026-03-14 06:59:00+00:00,,
economic_times,markets,"How systematic active investing combines data, discipline and dynamic allocation to help deliver alpha","Systematic investing merges human judgment with machine intelligence for a disciplined, scalable approach. India's evolving capital markets, marked by retail growth and digitization, make it ideal for Systematic Active Equity (SAE) strategies. SAE combines alpha-seeking with data-driven execution, offering dynamic portfolios, integrated risk management, and reduced behavioral biases.",https://economictimes.indiatimes.com/markets/stocks/news/how-systematic-active-investing-combines-data-discipline-and-dynamic-allocation-to-help-deliver-alpha/articleshow/129570491.cms,2026-03-14 07:09:49+00:00,"Systematic investing merges human judgment with machine intelligence for a disciplined, scalable approach. India's evolving capital markets, marked by retail growth and digitization, make it ideal for Systematic Active Equity (SAE) strategies. SAE combines alpha-seeking with data-driven execution, offering dynamic portfolios, integrated risk management, and reduced behavioral biases.
Choose your reason below and click on the Report button. This will alert our moderators to take action
Log out of your current logged-in accountand log in again using your ET Prime credentials  to enjoy all member benefits.
Trump temper on H-1B visas is forcing Indians to do these things to stay put in US
Why veterans like Reliance, L&T are on acquisition spree? Aswath Damodaran has an answer.
Huawei launches its own OS to compete with Google and Apple. But can it win beyond China?
Check the score based on the company's fundamentals, solvency, growth, risk & ownership to decide the right stocks.
Analyze the market sentiments & identify the trend reversal for strategic decisions.
Ask your stock queries & get assured replies by ET appointed, SEBI registered experts.
Read your daily newspaper in Digital View & get it delivered to your inbox everyday.",
livemint,companies,"Accenture chief Julia Sweet lays out conditions for promotion, warns of job loss: ‘If you want to get promoted…'","Accenture is prioritising AI proficiency for promotions, stating employees must adapt to AI tools to advance in their careers. The company is investing $3 billion over three years to embed AI across operations and aims to double its AI talent to 80,000 professionals.",https://www.livemint.com/companies/news/accenture-chief-julia-sweet-lays-out-conditions-for-promotion-warns-of-job-loss-if-you-want-to-get-promoted-ai-11773469457593.html,2026-03-14 07:10:29+00:00,"In a recent episode of the “Rapid Response” podcast, Accenture chief Julie Sweet said employees must adopt the company's AI tools to move up its ranks. “If you want to get promoted, you’ve got to do the things that we do in order to operate Accenture,” she noted.
In September last year, the company unveiled a “six-month optimization program” with an investment of $865 million. The initiative aims to realign its workforce and operations for rising demand in digital and AI services.
“These are the new tools to operate a company,” she said, adding that the shift did not happen overnight. “We didn’t go from zero to ‘you won’t get promoted’ in a month.
Instead, the transition has unfolded over a three-year period, during which the company focused on familiarising employees with the technology, making sure it’s user-friendly, and building the right digital workbench. Once all that was ensured, then it said, ""Hey, this is Accenture and how we operate.""
“No one would have said that requiring someone to use a computer is coercion,” Sweet said. “It’s how the companies were going to get work done. Today, AI at Accenture is how we do work.”
She also had an advice for companies. “I think we’re a good lesson in something that I’m advising CEOs all about: In order to capture the opportunity with AI, you really have to be willing to rewire your company,” Sweet noted.
However, she acknowledged that the transition has not been easy at Accenture as well. Employees initially faced hurdles in adapting to the new tools, she said, adding that embracing the shift required changes in both the workforce and the company's traditional ways of doing business.
“For our people and our clients, it was hard,” Sweet said. “How do you have the courage to do that? That’s where you have the humility, but also this idea of embracing change and innovation.”
Eshita Gain is a digital journalist at Mint, where she joined in May 2025. She writes on corporate developments, personal finance, markets, and busine...Read More",
economic_times,markets,"As crude oil price breaches $100 mark, Systematix recommends RIL, a potential multibagger and 4 more stocks to buy","As crude oil surges past $100 amid the ongoing Middle East conflict, brokerage Systematix Institutional Equities recommends buying stocks like Reliance Industries, Deep Industries and others, citing strong upside potential driven by tightening global supply dynamics.",https://economictimes.indiatimes.com/markets/stocks/news/as-crude-oil-price-breaches-100-mark-systematix-recommends-ril-a-potential-multibagger-and-4-more-stocks-to-buy/slideshow/129570664.cms,2026-03-14 07:13:39+00:00,"The Iran-Israel war has entered its 15th day, causing crude oil prices to soar to $103 a barrel. They have increased by over 35% so far this year, and expectations are that they could hit the $150 mark if the war continues. In light of the ongoing crisis, brokerage Systematix Institutional Equities has recommended 6 stocks with a potential upside of 103%. Destruction of oil & gas assets amid the West Asia War triggered a strong risk premium in prices. Tightening supply dynamics—owing to the closure of the Strait of Hormuz, elevated tanker freight rates and insurance premiums for vessels—will keep prices high, helping upstream companies in its view.
The stock was recommended at a price of Rs 1,390, which implies a 22% upside. The stock has fallen 4% in the past month.
Down 12% over a one-month period, this stock is recommended at a price of Rs 340. It is a potential multibagger with up to 103% upside.
Recommended at a price of Rs 1,012, this stock implies a 64% upside. It has fallen 11% in the past month.
Recommended at a price of Rs 1,049, the stock of Mahanagar Gas Limited offers a potential upside of 31%. Its share price has eroded by over 6% in a month.
IGL shares have declined 8% over the past month. Recommended at a price of Rs 162, the target has been set at Rs 226, implying a 40% upside.
The stock has fallen 3% in the past month. It is recommended at a price of Rs 297, implying a 15% upside.(Disclaimer: The recommendations, suggestions, views, and opinions given by the experts are their own. These do not represent the views of The Economic Times.)",
economic_times,markets,"Bitcoin hovers near $71,000 as crypto investors track macro and liquidity signals","Bitcoin hovered near $71,000 on Saturday as investors tracked macroeconomic cues and liquidity signals ahead of the upcoming US Federal Reserve policy decision. While Bitcoin and Ethereum saw minor declines in the past 24 hours, major altcoins were mostly lower, with Tron standing out as the only notable gainer.",https://economictimes.indiatimes.com/markets/cryptocurrency/bitcoin-hovers-near-71000-as-crypto-investors-track-macro-and-liquidity-signals/articleshow/129570740.cms,2026-03-14 07:28:03+00:00,"Bitcoin hovered near $71,000 on Saturday as investors tracked macroeconomic cues and liquidity signals ahead of the upcoming US Federal Reserve policy decision. While Bitcoin and Ethereum saw minor declines in the past 24 hours, major altcoins were mostly lower, with Tron standing out as the only notable gainer.
The world of cryptocurrencies is very dynamic. Prices can go up or down in a matter of seconds. Thus, having reliable answers to such questions is crucial for investors.
Choose your reason below and click on the Report button. This will alert our moderators to take action
Log out of your current logged-in accountand log in again using your ET Prime credentials  to enjoy all member benefits.
Trump temper on H-1B visas is forcing Indians to do these things to stay put in US
Why veterans like Reliance, L&T are on acquisition spree? Aswath Damodaran has an answer.
Huawei launches its own OS to compete with Google and Apple. But can it win beyond China?
Check the score based on the company's fundamentals, solvency, growth, risk & ownership to decide the right stocks.
Analyze the market sentiments & identify the trend reversal for strategic decisions.
Ask your stock queries & get assured replies by ET appointed, SEBI registered experts.
Read your daily newspaper in Digital View & get it delivered to your inbox everyday.",
economic_times,markets,India revisits Press Note 3: Key clarifications to FDI framework for investments from land-bordering countries,"India has clarified key aspects of the Press Note 3 framework governing investments from land-bordering countries, introducing a 10% beneficial ownership threshold and time-bound approvals for select sectors. The changes aim to reduce regulatory uncertainty while balancing national security concerns with the need to facilitate foreign investment.",https://economictimes.indiatimes.com/markets/stocks/news/india-revisits-press-note-3-key-clarifications-to-fdi-framework-for-investments-from-land-bordering-countries/articleshow/129570781.cms,2026-03-14 07:31:54+00:00,"India has clarified key aspects of the Press Note 3 framework governing investments from land-bordering countries, introducing a 10% beneficial ownership threshold and time-bound approvals for select sectors. The changes aim to reduce regulatory uncertainty while balancing national security concerns with the need to facilitate foreign investment.
Choose your reason below and click on the Report button. This will alert our moderators to take action
Log out of your current logged-in accountand log in again using your ET Prime credentials  to enjoy all member benefits.
Trump temper on H-1B visas is forcing Indians to do these things to stay put in US
Why veterans like Reliance, L&T are on acquisition spree? Aswath Damodaran has an answer.
Huawei launches its own OS to compete with Google and Apple. But can it win beyond China?
Check the score based on the company's fundamentals, solvency, growth, risk & ownership to decide the right stocks.
Analyze the market sentiments & identify the trend reversal for strategic decisions.
Ask your stock queries & get assured replies by ET appointed, SEBI registered experts.
Read your daily newspaper in Digital View & get it delivered to your inbox everyday.",
economic_times,markets,"Rising concerns over India’s LPG supply: Causes, constraints &amp; market implications","Rising geopolitical tensions in West Asia and disruptions near the Strait of Hormuz are raising concerns over India’s LPG supply. With tanker movement slowing and imports falling, the government has prioritised household distribution and boosted domestic production while exploring alternative sources to cushion the impact of supply constraints.",https://economictimes.indiatimes.com/markets/commodities/news/rising-concerns-over-indias-lpg-supply-causes-constraints-market-implications/articleshow/129570820.cms,2026-03-14 07:35:16+00:00,"Rising geopolitical tensions in West Asia and disruptions near the Strait of Hormuz are raising concerns over India’s LPG supply. With tanker movement slowing and imports falling, the government has prioritised household distribution and boosted domestic production while exploring alternative sources to cushion the impact of supply constraints.
Choose your reason below and click on the Report button. This will alert our moderators to take action
Log out of your current logged-in accountand log in again using your ET Prime credentials  to enjoy all member benefits.
Trump temper on H-1B visas is forcing Indians to do these things to stay put in US
Why veterans like Reliance, L&T are on acquisition spree? Aswath Damodaran has an answer.
Huawei launches its own OS to compete with Google and Apple. But can it win beyond China?
Check the score based on the company's fundamentals, solvency, growth, risk & ownership to decide the right stocks.
Analyze the market sentiments & identify the trend reversal for strategic decisions.
Ask your stock queries & get assured replies by ET appointed, SEBI registered experts.
Read your daily newspaper in Digital View & get it delivered to your inbox everyday.",
livemint,markets,Buy or sell: Sumeet Bagadia recommends three stocks to buy on Monday — 16 March 2026,"Buy or sell: Sumeet Bagadia recommends three stocks to buy on Monday — Syngene International, Muthoot Finance, and Tata Consumer Products",https://www.livemint.com/market/stock-market-news/buy-or-sell-sumeet-bagadia-stock-picks-recommends-three-stocks-to-buy-on-monday-16-march-2026-11773471929467.html,2026-03-14 07:36:53+00:00,"FIIs remained aggressive net sellers in the cash segment, recording total outflows of₹35,053 crore during the week. The scale of selling reflects a clear risk reduction strategy among global funds amid heightened macroeconomic uncertainty. DIIs, however, provided strong counterbalancing support with net purchases of₹37,740 crore. This domestic buying interest helped absorb a substantial portion of the foreign selling pressure and prevented the correction from deepening further across the broader market.
Speaking on the outlook for the Nifty 50 index, Sumeet Bagadia said it continued its bearish momentum for the fourth straight session. The index opened at 23,462.5, with a gap-down of nearly 170 points, and selling pressure intensified soon after. Although the market initially found support around the 23,300 level, it failed to hold that zone and extended losses. The index eventually touched an intraday low of 23,112 before settling at 23,151.10, down 488.05 points (-2.06%).
“This price movement indicates sustained bearish sentiment and strong selling pressure dominating the market. From a technical perspective, the 23,300–23,350 zone is emerging as immediate resistance, while a solid support base is forming near 23,000–23,050,” Bagadia added.
Regarding stock picks for Monday, Sumeet Bagadia recommended these three stocks for the short term: Syngene International, Muthoot Finance, and Tata Consumer Products.
Syngene International shares are currently trading at₹420.85. On the weekly chart, the stock has formed a bullish engulfing candlestick pattern, which indicates a potential trend reversal. The formation of this reversal candle is supported by increased trading volume, suggesting strength in the emerging buying momentum.
Muthoot Finance's share price is currently trading around₹3333.20. On the daily chart, the stock has formed and confirmed a bullish piercing candlestick pattern, indicating renewed buying interest at current levels.
Shares of Tata Consumer Products Ltd are currently trading at₹1083.60. On the daily chart, the stock has formed a bullish engulfing pattern, indicating strong buying interest at current levels.
On the weekly timeframe, the stock continues to maintain a positive trend, forming a pattern of higher highs and higher lows, reflecting sustained upward momentum.
Disclaimer:This story is for educational purposes only. The views and recommendations above are those of individual analysts or broking companies, not Mint. We advise investors to check with certified experts before making any investment decisions.
Asit Manohar has nearly two decades of experience in the mainstream media. In this period, he has served esteemed media organisations like NDTV Profit...Read More",
economic_times,technology,Meta ends end-to-end encryption for Instagram DMs: what this means,"Instagram had introduced the optional end-to-end encryption in December 2023. Users had to enable it manually per chat, unlike the default encryption available on WhatsApp or Messenger. After May 8, these chats will revert to the unencrypted mode, giving Meta access to content for scanning and moderation. The move follows Instagram prioritising safety over secrecy, amid lawsuits over platform harms.",https://economictimes.indiatimes.com/tech/technology/meta-ends-end-to-end-encryption-for-instagram-dms-what-this-means/articleshow/129570878.cms,2026-03-14 07:40:52+00:00,,
economic_times,technology,Uber founder Travis Kalanick rebrands existing venture to Atoms with focus on robotics,"Kalanick announced the move in an interview on the TBPN podcast. During these eight years, he raised hundreds of millions, including $400 million from Saudi Arabia’s PIF, for CloudKitchens and worked on the idea of delivering prepared meals so efficiently that costs approach those of grocery shopping.",https://economictimes.indiatimes.com/tech/technology/uber-founder-travis-kalanick-rebrands-existing-venture-to-atoms-with-focus-on-robotics/articleshow/129570949.cms,2026-03-14 07:51:58+00:00,,
economic_times,markets,Bitcoin nears zone where past bear markets have bottomed out,"Bitcoin’s steep decline since October may be nearing its final phase, according to Blockforce Capital’s Brett Munster, who tracks key on-chain indicators. Metrics such as the MVRV Z-Score and realized price suggest the cryptocurrency could be entering a potential accumulation zone, with renewed ETF inflows signalling improving investor demand.",https://economictimes.indiatimes.com/markets/cryptocurrency/bitcoin-nears-zone-where-past-bear-markets-have-bottomed-out/articleshow/129570973.cms,2026-03-14 07:54:02+00:00,"Bitcoin’s steep decline since October may be nearing its final phase, according to Blockforce Capital’s Brett Munster, who tracks key on-chain indicators. Metrics such as the MVRV Z-Score and realized price suggest the cryptocurrency could be entering a potential accumulation zone, with renewed ETF inflows signalling improving investor demand.
The world of cryptocurrencies is very dynamic. Prices can go up or down in a matter of seconds. Thus, having reliable answers to such questions is crucial for investors.
Choose your reason below and click on the Report button. This will alert our moderators to take action
Log out of your current logged-in accountand log in again using your ET Prime credentials  to enjoy all member benefits.
Trump temper on H-1B visas is forcing Indians to do these things to stay put in US
Why veterans like Reliance, L&T are on acquisition spree? Aswath Damodaran has an answer.
Huawei launches its own OS to compete with Google and Apple. But can it win beyond China?
Check the score based on the company's fundamentals, solvency, growth, risk & ownership to decide the right stocks.
Analyze the market sentiments & identify the trend reversal for strategic decisions.
Ask your stock queries & get assured replies by ET appointed, SEBI registered experts.
Read your daily newspaper in Digital View & get it delivered to your inbox everyday.",
economic_times,markets,Sadanand Date takes charge as Sebi executive director,"Sadanand Date, a 2007-batch IPS officer, has taken charge as Executive Director at Sebi, heading the investigations department. Previously, Date served in key roles at the CBI, including Superintendent of Police in various branches. He also held significant positions within the Uttarakhand Police before his appointment at the market regulator.",https://economictimes.indiatimes.com/markets/stocks/news/sadanand-date-takes-charge-as-sebi-executive-director/articleshow/129571034.cms,2026-03-14 07:55:38+00:00,"Sadanand Date, a 2007-batch IPS officer, has taken charge as Executive Director at Sebi, heading the investigations department. Previously, Date served in key roles at the CBI, including Superintendent of Police in various branches. He also held significant positions within the Uttarakhand Police before his appointment at the market regulator.
Choose your reason below and click on the Report button. This will alert our moderators to take action",
business_standard,world_news,"Was bullying, now begging: Iran mocks US over India's Russian oil waiver - Business Standard","<a href=""https://news.google.com/rss/articles/CBMi0AFBVV95cUxPSVRzYVgwcnNZT28wX0NRWWpPWXFJdFI4QjVBTGozSmlaMnhDSExEZ1JkejhIaXNEZUR5cWhPOVNjWnNFTzI0NGFJT1lJWUV0S09pdE9xMzhJWjRjNm44OXlGVl9feUZ1S1V6b1Y4RndVYk9Cdlo3TE15VjFIVnhUM2VET0t6NUlnaWp6R1FZQUs1M0Z5aHdMbi1Hcm1IckNMMlMyZlY1MlBMNWtjRGhTU1kxZDlUQ1pRODU1TDJuMjlmNzBSWTFXcWV6dGdnWGQ30gHWAUFVX3lxTE50S0NtQkFld0U2T09vVTFmVmM2ajlUQnM1eEIyTzEyUUg0Y2lEeDQ3T2NzNDYzT2d3WWhQQU5RaENlZUM1RU15Vm5OMzR0dE4wa3VYM0F0bWNob1lCdUpoZDdhRWNwa2ZKenNObnJSZjZYRVNxWEt1Z0dwS1BXQWVIdlV1VmRNeXNCaTE1aGZYdDFrXzJ0cU5WaFhsOVBMQndqMGRLX3pjU0Z1clN5NjFMZS1yM0R1dUloS2F2XzZkczloeHcyWGFkWWk5N0FuRUltaTNXWWc?oc=5"" target=""_blank"">Was bullying, now begging: Iran mocks US over India's Russian oil waiver</a>&nbsp;&nbsp;<font color=""#6f6f6f"">Business Standard</font>",https://news.google.com/rss/articles/CBMi0AFBVV95cUxPSVRzYVgwcnNZT28wX0NRWWpPWXFJdFI4QjVBTGozSmlaMnhDSExEZ1JkejhIaXNEZUR5cWhPOVNjWnNFTzI0NGFJT1lJWUV0S09pdE9xMzhJWjRjNm44OXlGVl9feUZ1S1V6b1Y4RndVYk9Cdlo3TE15VjFIVnhUM2VET0t6NUlnaWp6R1FZQUs1M0Z5aHdMbi1Hcm1IckNMMlMyZlY1MlBMNWtjRGhTU1kxZDlUQ1pRODU1TDJuMjlmNzBSWTFXcWV6dGdnWGQ30gHWAUFVX3lxTE50S0NtQkFld0U2T09vVTFmVmM2ajlUQnM1eEIyTzEyUUg0Y2lEeDQ3T2NzNDYzT2d3WWhQQU5RaENlZUM1RU15Vm5OMzR0dE4wa3VYM0F0bWNob1lCdUpoZDdhRWNwa2ZKenNObnJSZjZYRVNxWEt1Z0dwS1BXQWVIdlV1VmRNeXNCaTE1aGZYdDFrXzJ0cU5WaFhsOVBMQndqMGRLX3pjU0Z1clN5NjFMZS1yM0R1dUloS2F2XzZkczloeHcyWGFkWWk5N0FuRUltaTNXWWc?oc=5,2026-03-14 08:00:31+00:00,,
economic_times,markets,Smallcaps cheaper but not cheap yet: Sonam Srivastava urges selective investing,"Smallcap stocks have corrected sharply but are still not cheap, says Sonam Srivastava of Wright Research, urging investors to stay selective. She highlights opportunities in private banks, pharma, and capital goods while recommending staggered deployment of cash and balanced allocation across equities, gold, silver, and debt amid volatile markets.",https://economictimes.indiatimes.com/markets/expert-view/smallcaps-cheaper-but-not-cheap-yet-sonam-srivastava-urges-selective-investing/articleshow/129571392.cms,2026-03-14 08:27:16+00:00,"Smallcap stocks have corrected sharply but are still not cheap, says Sonam Srivastava of Wright Research, urging investors to stay selective. She highlights opportunities in private banks, pharma, and capital goods while recommending staggered deployment of cash and balanced allocation across equities, gold, silver, and debt amid volatile markets.
Geopolitical events like the Iran conflict create short-term volatility but rarely alter long-term earnings trajectories, Sonam Srivastava suggested.
Choose your reason below and click on the Report button. This will alert our moderators to take action
Log out of your current logged-in accountand log in again using your ET Prime credentials  to enjoy all member benefits.
Trump temper on H-1B visas is forcing Indians to do these things to stay put in US
Why veterans like Reliance, L&T are on acquisition spree? Aswath Damodaran has an answer.
Huawei launches its own OS to compete with Google and Apple. But can it win beyond China?
Check the score based on the company's fundamentals, solvency, growth, risk & ownership to decide the right stocks.
Analyze the market sentiments & identify the trend reversal for strategic decisions.
Ask your stock queries & get assured replies by ET appointed, SEBI registered experts.
Read your daily newspaper in Digital View & get it delivered to your inbox everyday.",
economic_times,technology,Ola Electric launches #EndICEAge campaign to accelerate EV adoption,The campaign highlights the rising cost and inconvenience of petrol dependency while encouraging riders across the country to make the shift to electric vehicles.,https://economictimes.indiatimes.com/tech/technology/ola-electric-launches-endiceage-campaign-to-accelerate-ev-adoption/articleshow/129571432.cms,2026-03-14 08:31:10+00:00,,
economic_times,technology,"AI cannot replace trained mind of lawyer, ethical responsibility of judge: Justice Vikram Nath","Addressing a conference, Justice Nath further said technology may help draft a note, but it cannot be permitted to invent the law; at the same time, the misuse of AI cannot lead the judicial system to the opposite extreme of refusing to engage with it altogether.",https://economictimes.indiatimes.com/tech/artificial-intelligence/ai-cannot-replace-trained-mind-of-lawyer-ethical-responsibility-of-judge-justice-vikram-nath/articleshow/129571456.cms,2026-03-14 08:33:06+00:00,,
economic_times,technology,TSMC rides AI wave to net nearly 70% of global foundry market in 2025,"Taiwan Semiconductor Manufacturing Co (TSMC) saw its share of the global foundry market rise to almost 70 per cent in 2025 amid booming demand for artificial intelligence. Focus Taiwan, quoting the market information advisory firm TrendForce Corp, said that the contract chipmaker posted USD 122.54 billion in sales, up 36.1 per cent from a year earlier, accounting for 69.9 per cent of the global market. Its share was up from 64.4 per cent in 2024.""",https://economictimes.indiatimes.com/tech/technology/tsmc-rides-ai-wave-to-net-nearly-70-of-global-foundry-market-in-2025/articleshow/129571503.cms,2026-03-14 08:36:26+00:00,,
livemint,markets,"Middle East conflict: Nifty 50 crashes 9.20%, Sensex tanks 7,685 points in two weeks; more pain or trend reversal ahead?","Stock market crash: After the outbreak of the US-Iran war, the Nifty 50 index has crashed from 25,496 to 23.151",https://www.livemint.com/market/stock-market-news/stock-market-crash-us-iran-war-nifty-50-crashes-9-20-sensex-tanks-7-685-points-why-is-indian-stock-market-falling-11773475032677.html,2026-03-14 08:53:21+00:00,"On the reasons dragging the Indian stock market, Hariprasad K, SEBI-registered Research Analyst and Founder at Livelong Wealth, said the Indian stock market is under significant corrective pressure amid deteriorating global risk sentiment, rising crude oil prices, escalating geopolitical tensions in West Asia, and persistent selling by foreign institutional investors.
The Livelong Wealth expert said a sharp shift in global risk appetite triggered broad-based profit-taking across sectors, resulting in one of the steepest weekly declines in recent months. As geopolitical uncertainty intensified and energy prices surged, global investors appeared to reduce their exposure to emerging markets, leading to notable capital outflows from Indian equities.
Speaking on the outlook of the Nifty 50 index, Mehul Kothari, Deputy Vice President — Technical Research at Anand Rathi, said, “Despite the recent sharp decline, the broader market structure still appears intact, suggesting that the current move could be part of a corrective phase rather than a structural breakdown,” adding, “A sustained move above 23,500 may help restore confidence, while holding above the 22,900 support zone would be crucial for maintaining the broader structure.”
However, the Anand Rathi expert maintained that the Nifty 50 index is currently approaching the gap zone near 22,900, which was formed in April 2025 during the earlier phase of the rally. Interestingly, the index has now retraced nearly 61.8% of the entire rally from the low of 21,743 to the recent high of 26,373, bringing it close to an important technical support area.
“A decisive move below 22,900 could open the doors for the 22,800 – 21,800 zone, which may remain volatile and confusing for traders due to the absence of strong intermediate supports,” Mehul Kothari of Anand Rathi said.
Sharing an outlook for the 30-stock index, Hariprasad K of Livelong Wealth, said that Sensex has slipped below the 76,000 region, a level that had previously provided stability during recent trading sessions. The 74,000 level is currently acting as an important support region.
“If selling pressure persists and the index fails to sustain above this zone, the next meaningful support could emerge near the 73,000 level, where previous buying interest had been observed. On the upside, the 75,500 level is expected to act as immediate resistance while the 76,000 region now represents a significant supply zone where selling interest may re-emerge,” Hariprasad K added.
Expecting the selling pressure to continue, Avinash Gorakshkar, a SEBI-registered fundamental equity analyst, said that several Middle East countries — Kuwait, the UAE, Saudi Arabia, Iraq, and Qatar — have announced partial shutdowns of oil and gas production. This partial shutdown decision is highly tricky as it would take from 15 to 30 days to restart production after the shutdown.
On how the partial shutdown in oil and gas production by these OPEC countries would impact key benchmark indices of the Indian stock market, Anuj Gupta, a SEBI-registered market expert, said, ""The partial shutdown of oil and gas production is going to hurt the equity markets due to soaring crude oil prices. The Brent Crude oil is expected to touch $120 per barrel soon, and on breaking above this resistance, the Brent Crude oil price may touch $150 per barrel in the near term.”
Anuj Gupta said that a production halt in Qatar would cost around 20% of the world's LNG supply. So, the partial shutdown of oil and gas production is expected to weigh on the Indian market even as de-escalation in the US-Iran war occurs.
Disclaimer:This story is for educational purposes only. The views and recommendations above are those of individual analysts or broking companies, not Mint. We advise investors to check with certified experts before making any investment decisions.
Asit Manohar has nearly two decades of experience in the mainstream media. In this period, he has served esteemed media organisations like NDTV Profit...Read More",
reuters,world,How China is wooing Paraguay’s political class away from longtime ally Taiwan - Reuters,"<a href=""https://news.google.com/rss/articles/CBMiuwFBVV95cUxOT1I1S2p3MTJjbjdRTXpXLTVabzYzS05EN1dWWlFUZDhJUUZabHJvTlNaY0Fzd05NdE5jMUtvX2dDelkwenVldjhGQUs3Nnc0dnJjTGN5NTNaNzd4Z0ZzbzllbW5SaXRWSFRzRi1ENGZFT1liLVdET09HOGZ1YWV6WkFoUW5qUUJzM1hxY081N2JNTEEydWVSSDdON1RoMHhVX2pWYzg4ZTZmcmRTMVlRMmhiRE0zTjNFLTNV?oc=5"" target=""_blank"">How China is wooing Paraguay’s political class away from longtime ally Taiwan</a>&nbsp;&nbsp;<font color=""#6f6f6f"">Reuters</font>",https://news.google.com/rss/articles/CBMiuwFBVV95cUxOT1I1S2p3MTJjbjdRTXpXLTVabzYzS05EN1dWWlFUZDhJUUZabHJvTlNaY0Fzd05NdE5jMUtvX2dDelkwenVldjhGQUs3Nnc0dnJjTGN5NTNaNzd4Z0ZzbzllbW5SaXRWSFRzRi1ENGZFT1liLVdET09HOGZ1YWV6WkFoUW5qUUJzM1hxY081N2JNTEEydWVSSDdON1RoMHhVX2pWYzg4ZTZmcmRTMVlRMmhiRE0zTjNFLTNV?oc=5,2026-03-14 09:04:33+00:00,,
economic_times,markets,"Stay patient, volatility temporary, says Sebi Chairman as Iran-Israel war ruffles global markets","Sebi Chairman Tuhin Kanta Pandey reassured investors that market volatility, fueled by geopolitical tensions like the Iran-Israel/US conflict, is temporary. He emphasized that the true test of financial markets lies in their ability to function smoothly, fairly, and efficiently despite uncertainty, drawing parallels to past disruptions like the COVID-19 pandemic and the Russia-Ukraine war.",https://economictimes.indiatimes.com/markets/stocks/news/stay-patient-volatility-temporary-says-sebi-chairman-as-iran-israel-war-ruffles-global-markets/articleshow/129571914.cms,2026-03-14 09:12:53+00:00,"Sebi Chairman Tuhin Kanta Pandey reassured investors that market volatility, fueled by geopolitical tensions like the Iran-Israel/US conflict, is temporary. He emphasized that the true test of financial markets lies in their ability to function smoothly, fairly, and efficiently despite uncertainty, drawing parallels to past disruptions like the COVID-19 pandemic and the Russia-Ukraine war.
Choose your reason below and click on the Report button. This will alert our moderators to take action
Log out of your current logged-in accountand log in again using your ET Prime credentials  to enjoy all member benefits.
Trump temper on H-1B visas is forcing Indians to do these things to stay put in US
Why veterans like Reliance, L&T are on acquisition spree? Aswath Damodaran has an answer.
Huawei launches its own OS to compete with Google and Apple. But can it win beyond China?
Check the score based on the company's fundamentals, solvency, growth, risk & ownership to decide the right stocks.
Analyze the market sentiments & identify the trend reversal for strategic decisions.
Ask your stock queries & get assured replies by ET appointed, SEBI registered experts.
Read your daily newspaper in Digital View & get it delivered to your inbox everyday.",
economic_times,markets,"Housing sales in 50 cities dip 3% to 6.14 lakh units, up 16%  in value to Rs 8.4 lakh crore: CREDAI","Indian housing sales saw a slight dip in units last year but a significant rise in value.  Demand for homes above Rs 1 crore drove this growth.  Tier-2 cities are becoming key growth areas.  Improved connectivity and job opportunities are boosting housing markets.  Metro cities continue to lead, but smaller cities are gaining importance.",https://economictimes.indiatimes.com/markets/digital-real-estate/realty-news/housing-sales-in-50-cities-dip-3-to-6-14-lakh-units-up-16-in-value-to-rs-8-4-lakh-crore-credai/articleshow/129571987.cms,2026-03-14 09:19:55+00:00,"Indian housing sales saw a slight dip in units last year but a significant rise in value.  Demand for homes above Rs 1 crore drove this growth.  Tier-2 cities are becoming key growth areas.  Improved connectivity and job opportunities are boosting housing markets.  Metro cities continue to lead, but smaller cities are gaining importance.
Choose your reason below and click on the Report button. This will alert our moderators to take action",
reuters,world,UAE's Fujairah stops some oil loading operations after drone attack - Reuters,"<a href=""https://news.google.com/rss/articles/CBMixwFBVV95cUxOSHlZVXQ2V3h4UVlRaVg2bDJaNmZiWHktTVFkQXNCU0Z3V3ZZQTlvSUxZaExEa1Bfdy04MDZCQjdoSEl3ZVd1Z1dOYmlNN3hUNWdRQlFUSkIwLTY3UWp5ejdrLURMa01qRndiMlFVLWdUREloUkoyd1JnQnZLRXVHaGU4bVRKVUhzVTdCVlo5RkhRcHdPQmp6a0NnSHJ1OWdNck44SS1NNU9zUzJIMVdKVWVkSjZnZW9OanM5MHAxU2xQdmlDdDlR?oc=5"" target=""_blank"">UAE's Fujairah stops some oil loading operations after drone attack</a>&nbsp;&nbsp;<font color=""#6f6f6f"">Reuters</font>",https://news.google.com/rss/articles/CBMixwFBVV95cUxOSHlZVXQ2V3h4UVlRaVg2bDJaNmZiWHktTVFkQXNCU0Z3V3ZZQTlvSUxZaExEa1Bfdy04MDZCQjdoSEl3ZVd1Z1dOYmlNN3hUNWdRQlFUSkIwLTY3UWp5ejdrLURMa01qRndiMlFVLWdUREloUkoyd1JnQnZLRXVHaGU4bVRKVUhzVTdCVlo5RkhRcHdPQmp6a0NnSHJ1OWdNck44SS1NNU9zUzJIMVdKVWVkSjZnZW9OanM5MHAxU2xQdmlDdDlR?oc=5,2026-03-14 09:22:37+00:00,,
reuters,world,"Japan, South Korea ready to act against FX volatility, ministers say - Reuters","<a href=""https://news.google.com/rss/articles/CBMiugFBVV95cUxNVG9aUmY3Slc3MjNIb1o0NEhOYy1YME9kZWRLNnNTTW9SQzZGN2NWYlBMT0FrN1FHM0lXTHVXZTZpNllkbkNLTnZoSVdINE1wbVVrbURKMk9USTNtdU5BMWVsSkRleS0waENyOW5tNW1OQjFheG1MRU9CS1g2a1hKRFNBY1RtelZBRWRzcXE1dXVKUE1IYW1ETXBZd2lVSzRYaWxSSS03UGJMME5XUW84aldLVXJWZE5OSUE?oc=5"" target=""_blank"">Japan, South Korea ready to act against FX volatility, ministers say</a>&nbsp;&nbsp;<font color=""#6f6f6f"">Reuters</font>",https://news.google.com/rss/articles/CBMiugFBVV95cUxNVG9aUmY3Slc3MjNIb1o0NEhOYy1YME9kZWRLNnNTTW9SQzZGN2NWYlBMT0FrN1FHM0lXTHVXZTZpNllkbkNLTnZoSVdINE1wbVVrbURKMk9USTNtdU5BMWVsSkRleS0waENyOW5tNW1OQjFheG1MRU9CS1g2a1hKRFNBY1RtelZBRWRzcXE1dXVKUE1IYW1ETXBZd2lVSzRYaWxSSS03UGJMME5XUW84aldLVXJWZE5OSUE?oc=5,2026-03-14 09:31:32+00:00,,
reuters,world,"Greek tanker hit by unidentified object near CPC terminal, suffers minor damage, operator says - Reuters","<a href=""https://news.google.com/rss/articles/CBMitwFBVV95cUxPRjZZYjVqNDRTLXZYR3pZdzRuV3o3RjJVcjFpNmV3eVB0Vm96VnRudjBRTjZ4d18tVWo0clVUQVBLNUlvUWxEbFhsem1WbEU3TDd5bk51bDJNVnJNbUdZa2xmb2FIYWhORWdmNEVfaUFXd2RYeURGQVZxWFpDN1J3ZmNENTU3ZG1HS1c0N3dzR3lqTU8wdkN0REV4MGpvZGh3OGg0UmpKYThxU0EtZWh1R0IzblR4c3c?oc=5"" target=""_blank"">Greek tanker hit by unidentified object near CPC terminal, suffers minor damage, operator says</a>&nbsp;&nbsp;<font color=""#6f6f6f"">Reuters</font>",https://news.google.com/rss/articles/CBMitwFBVV95cUxPRjZZYjVqNDRTLXZYR3pZdzRuV3o3RjJVcjFpNmV3eVB0Vm96VnRudjBRTjZ4d18tVWo0clVUQVBLNUlvUWxEbFhsem1WbEU3TDd5bk51bDJNVnJNbUdZa2xmb2FIYWhORWdmNEVfaUFXd2RYeURGQVZxWFpDN1J3ZmNENTU3ZG1HS1c0N3dzR3lqTU8wdkN0REV4MGpvZGh3OGg0UmpKYThxU0EtZWh1R0IzblR4c3c?oc=5,2026-03-14 09:40:44+00:00,,
livemint,markets,"Sebi chief Tuhin Kanta Pandey warns investors against ‘impulsive’ trading, says market volatility is ‘natural’","Sebi chairman Tuhin Kanta Pandey emphasized the resilience and depth of India's capital markets amid global uncertainties. He advised retail investors to maintain a long-term perspective, instead of indulging in ‘impulsive’ trading.&amp;nbsp;",https://www.livemint.com/market/stock-market-news/sebi-chief-tuhin-kanta-pandey-warns-investors-against-impulsive-trading-says-market-volatility-is-natural-11773475172773.html,2026-03-14 09:50:28+00:00,"Speaking at the second edition of the Moneycontrol Global Wealth Summit 2026 in Mumbai, Pandey advised retail investors not to react impulsively to short-term market movements and instead keep a long-term perspective while investing.
""For retail investors, the best strategy would be to remain patient,"" he said, adding that markets have historically recovered after major global disruptions.
On top of that, the key benchmark indices of the Indian stock market have remained almost flat for the last 18 months, meaning an investor's portfolio has either remained idle for the last 1.5 years or delivered zero returns during this particular period.
Underlining the role of efficient markets, he said: ""They enable transparent price discovery. They help absorb shocks without destabilising the broader financial system. And perhaps most importantly, they sustain investor confidence. Efficiency is the foundation of trust in the financial system. Without that, capital hesitates.""
Acknowledging the headwinds in global markets, Pandey said a mix of geopolitical tensions, technological disruption and energy shocks is weighing on investor sentiment. ""Geopolitical tensions are shaping economic relationships. Conflict in the Middle East has massively disrupted energy supplies. Inevitably, capital markets have been severely impacted,"" he said.
He added that volatility has become a normal feature of modern financial markets, particularly as the information environment has evolved and shocks spread quickly across economies. However, he stressed that such phases are not permanent: ""One lesson becomes clear: periods of extreme volatility don't last forever.""
Pandey also pointed to the changes that are reshaping capital markets, saying factors such as economic fragmentation, shifting trade corridors and the growing role of technology are influencing how markets function today. ""Algorithmic trading, artificial intelligence and advanced data analytics are accelerating the speed at which markets operate,"" he said.
He also flagged the rapid flow of information as a growing risk for markets, as he stated, “News travels quickly, opinions travel even faster, and most importantly, markets today react almost instantly to the narratives. And therefore, the question before policymakers and market participants alike is: how do we ensure that speed does not compromise stability?”
Setting the stage for what investors can expect going forward, Pandey said capital markets will play a bigger role as India continues its economic journey.
""The next phase of development will require deeper bond markets, stronger institutional participation and continued technological innovation,"" he said.
He also highlighted steps taken by the markets regulator to protect investors, including monitoring misleading social media content and strengthening surveillance systems such as PaRRVA to detect potential market manipulation and misinformation.
The Past Risk and Return Verification Agency (PaRRVA) system announced in December last year, is a tech-driven initiative, aimed at bringing credibility and consistency to performance reporting through digital audit trails.
Eshita Gain is a digital journalist at Mint, where she joined in May 2025. She writes on corporate developments, personal finance, markets, and busine...Read More",
reuters,world,"Drones, burning ships: Indian sailors stranded off Iran just want to go home - Reuters","<a href=""https://news.google.com/rss/articles/CBMixAFBVV95cUxNMkstblVVTHA2elVzcm5nb0FaR0pWc0huSHdxRmhNSThLMEVJUmhHV1ZKdDEyT2lnVXczckR2OVNIam1DYnl1QnVEUGtFblpWNzNFcTBSSDNpSnhLUVVOR2EySlRNNUdiNXA3UVA2aUZQekkwOG9wMUNhNmloSWpFRXdOUFNHaTlKblU3M1FZNFdranp1azRCU1M0cGNjZ1IxRVBRbHRaWnZTODFhcEhNQUV1RlNYb0xoOThUXzJOSTkzSGVO?oc=5"" target=""_blank"">Drones, burning ships: Indian sailors stranded off Iran just want to go home</a>&nbsp;&nbsp;<font color=""#6f6f6f"">Reuters</font>",https://news.google.com/rss/articles/CBMixAFBVV95cUxNMkstblVVTHA2elVzcm5nb0FaR0pWc0huSHdxRmhNSThLMEVJUmhHV1ZKdDEyT2lnVXczckR2OVNIam1DYnl1QnVEUGtFblpWNzNFcTBSSDNpSnhLUVVOR2EySlRNNUdiNXA3UVA2aUZQekkwOG9wMUNhNmloSWpFRXdOUFNHaTlKblU3M1FZNFdranp1azRCU1M0cGNjZ1IxRVBRbHRaWnZTODFhcEhNQUV1RlNYb0xoOThUXzJOSTkzSGVO?oc=5,2026-03-14 09:50:30+00:00,,
reuters,world,Venezuela's students reclaim the streets after years of oppression - Reuters,"<a href=""https://news.google.com/rss/articles/CBMirgFBVV95cUxQaXZKVjcxMGVNT3RXM0xsLVgxQ0lieFJTMVY0dU8xckMyTG05VmZQV1lMSExUdnhHMWxpYVRvWGlIMEdQdk1xZ09CazNfTFlPbmpuMGtzVXRHeUpNV2g5TFZRMlF0a211V1VXRVZxM2VBUHVETnZsa1FaVEhvLVNGdXJ5emY1dEU1ODVXVFREaHQ0YUM5Q21iOE00SjVweEFLb2V5czdvVllhcmxJWnc?oc=5"" target=""_blank"">Venezuela's students reclaim the streets after years of oppression</a>&nbsp;&nbsp;<font color=""#6f6f6f"">Reuters</font>",https://news.google.com/rss/articles/CBMirgFBVV95cUxQaXZKVjcxMGVNT3RXM0xsLVgxQ0lieFJTMVY0dU8xckMyTG05VmZQV1lMSExUdnhHMWxpYVRvWGlIMEdQdk1xZ09CazNfTFlPbmpuMGtzVXRHeUpNV2g5TFZRMlF0a211V1VXRVZxM2VBUHVETnZsa1FaVEhvLVNGdXJ5emY1dEU1ODVXVFREaHQ0YUM5Q21iOE00SjVweEFLb2V5czdvVllhcmxJWnc?oc=5,2026-03-14 10:05:26+00:00,,
reuters,world,"Minneapolis grapples with lingering trauma, economic damage after ICE surge - Reuters","<a href=""https://news.google.com/rss/articles/CBMiuwFBVV95cUxNRlRDSVQ0Vy1ZdF94NjU1LW45TDNLUnJaTDBVVDRIck03OTlQSllWX1VEVUZtSjh3WjgxcmVSM1BxWkhMYnFXV3FHWDFjN1RuTGUyYmRYYjZyRnpjX3VOVm01QWpfa3JRSXczdE0walN3RTJKVy01S1hmcFZ2S0NWLXRwR3ZBSTdDMnM2ZHY2eXA5SEViWVZ2VUtKSkRHZUJWUENaQktzQk0wUnl4MEdHbkRtMHJWdjVRWlA0?oc=5"" target=""_blank"">Minneapolis grapples with lingering trauma, economic damage after ICE surge</a>&nbsp;&nbsp;<font color=""#6f6f6f"">Reuters</font>",https://news.google.com/rss/articles/CBMiuwFBVV95cUxNRlRDSVQ0Vy1ZdF94NjU1LW45TDNLUnJaTDBVVDRIck03OTlQSllWX1VEVUZtSjh3WjgxcmVSM1BxWkhMYnFXV3FHWDFjN1RuTGUyYmRYYjZyRnpjX3VOVm01QWpfa3JRSXczdE0walN3RTJKVy01S1hmcFZ2S0NWLXRwR3ZBSTdDMnM2ZHY2eXA5SEViWVZ2VUtKSkRHZUJWUENaQktzQk0wUnl4MEdHbkRtMHJWdjVRWlA0?oc=5,2026-03-14 10:07:34+00:00,,
livemint,markets,"Finance Ministry amends rules on minimum public shareholding for IPOs — Here's a look at the changes, benefits","The Finance Ministry has revised IPO rules to lower minimum public shareholding, aiming to boost the struggling IPO market. Here's a look at the changes, key highlights and benefits:&amp;nbsp;",https://www.livemint.com/market/stock-market-news/india-finance-ministry-amend-listing-rules-minimum-public-shareholding-ipo-benefit-big-corporate-reliance-ambani-jio-nse-11773479684070.html,2026-03-14 10:24:15+00:00,"The Finance Ministry's Department of Economic Affairs (DEA) on Friday notified changes to India's IPO rules with regards to the minimum offer and allotment to the public in an offer document.
The minimum offer and allotment to the public in terms of an offer document shall be:
Jocelyn Fernandes is a journalist and editor with nearly 13 years of experience covering the business, corporate, economy and markets beats in news.<b...Read More",
reuters,world,"New Prince Harry book a 'deranged conspiracy', his spokesperson says - Reuters","<a href=""https://news.google.com/rss/articles/CBMirAFBVV95cUxPOHQyX2NIZEl1cUdxQmo2NUFMMmJsVEVKOFNWS09uRVNOTlpmQk9yblVRSzh5WnhqMk1CUTF5MFUxaVhrZEFuZXNNcGNBcmVYSk45ZmZfV2xPTF9peWo1di1BeF9SNGNRR1QzYzNXRElxWG9xLTRfRXpQOHdxSEtNUUdjdWVxaUFoYTZZeUpLOG8yRDUzeXMyVTdsX3ltWG5mWjNISFE3X2VPang5?oc=5"" target=""_blank"">New Prince Harry book a 'deranged conspiracy', his spokesperson says</a>&nbsp;&nbsp;<font color=""#6f6f6f"">Reuters</font>",https://news.google.com/rss/articles/CBMirAFBVV95cUxPOHQyX2NIZEl1cUdxQmo2NUFMMmJsVEVKOFNWS09uRVNOTlpmQk9yblVRSzh5WnhqMk1CUTF5MFUxaVhrZEFuZXNNcGNBcmVYSk45ZmZfV2xPTF9peWo1di1BeF9SNGNRR1QzYzNXRElxWG9xLTRfRXpQOHdxSEtNUUdjdWVxaUFoYTZZeUpLOG8yRDUzeXMyVTdsX3ltWG5mWjNISFE3X2VPang5?oc=5,2026-03-14 10:28:07+00:00,,
economic_times,markets,F&amp;O Talk | Nifty breaches crucial Fibonacci retracement level; Sudeep Shah on Adani Total and 5 top weekly movers,"Nifty fell over 5% weekly amid Iran-Israel/US tensions, with Bank Nifty and Auto leading declines. Sudeep Shah highlights key support-resistance levels, sector rotation strategies, and defensive plays in FMCG, Pharma, and CPSEs to navigate high volatility. Investors are advised to avoid bottom-fishing and wait for stabilisation signals.",https://economictimes.indiatimes.com/markets/expert-view/fo-talk-nifty-breaches-crucial-fibonacci-retracement-level-sudeep-shah-on-adani-total-and-5-top-weekly-movers/articleshow/129572837.cms,2026-03-14 10:37:21+00:00,"Nifty fell over 5% weekly amid Iran-Israel/US tensions, with Bank Nifty and Auto leading declines. Sudeep Shah highlights key support-resistance levels, sector rotation strategies, and defensive plays in FMCG, Pharma, and CPSEs to navigate high volatility. Investors are advised to avoid bottom-fishing and wait for stabilisation signals.
Choose your reason below and click on the Report button. This will alert our moderators to take action
Log out of your current logged-in accountand log in again using your ET Prime credentials  to enjoy all member benefits.
Trump temper on H-1B visas is forcing Indians to do these things to stay put in US
Why veterans like Reliance, L&T are on acquisition spree? Aswath Damodaran has an answer.
Huawei launches its own OS to compete with Google and Apple. But can it win beyond China?
Check the score based on the company's fundamentals, solvency, growth, risk & ownership to decide the right stocks.
Analyze the market sentiments & identify the trend reversal for strategic decisions.
Ask your stock queries & get assured replies by ET appointed, SEBI registered experts.
Read your daily newspaper in Digital View & get it delivered to your inbox everyday.",
reuters,world,India seeks passage for more vessels stranded around Strait of Hormuz after a few sail through - Reuters,"<a href=""https://news.google.com/rss/articles/CBMitAFBVV95cUxOSjk5YnRVZTRMTE4tUVZyUEdFM3RzY09GNEpjbHJCQlRoU1NUQ0d0aUZUMnllT0NscllVam1JczBWWGNlbm1lWkZUYUx1bWp0V3prdVFsNlB6X0xFNHphMTVPTzJob25OWjMtN0NybjRVMWVLTmlPRnJ0YTQ4U0pid1FOYUl6bjk0V1lONHZGN3V4X1kyTXdaRXJyU3BWYTgyaUM4Q3p4SVhUU1ZSZmVKT3ZOWmc?oc=5"" target=""_blank"">India seeks passage for more vessels stranded around Strait of Hormuz after a few sail through</a>&nbsp;&nbsp;<font color=""#6f6f6f"">Reuters</font>",https://news.google.com/rss/articles/CBMitAFBVV95cUxOSjk5YnRVZTRMTE4tUVZyUEdFM3RzY09GNEpjbHJCQlRoU1NUQ0d0aUZUMnllT0NscllVam1JczBWWGNlbm1lWkZUYUx1bWp0V3prdVFsNlB6X0xFNHphMTVPTzJob25OWjMtN0NybjRVMWVLTmlPRnJ0YTQ4U0pid1FOYUl6bjk0V1lONHZGN3V4X1kyTXdaRXJyU3BWYTgyaUM4Q3p4SVhUU1ZSZmVKT3ZOWmc?oc=5,2026-03-14 10:46:30+00:00,,
economic_times,markets,"War fears spark market panic, but correction may be opening buying opportunities: Sunny Agrawal","Sharp market selloff amid geopolitical tensions may offer selective long-term buying opportunities, says Sunny Agrawal. He highlights robust order books, corrected valuations, and attractive prospects in private banks, consumer internet, and select large-cap stocks, while noting crude oil and inflation remain key macro variables for investors.",https://economictimes.indiatimes.com/markets/expert-view/war-fears-spark-market-panic-but-correction-may-be-opening-buying-opportunities-sunny-agrawal/articleshow/129573184.cms,2026-03-14 11:00:46+00:00,"Sharp market selloff amid geopolitical tensions may offer selective long-term buying opportunities, says Sunny Agrawal. He highlights robust order books, corrected valuations, and attractive prospects in private banks, consumer internet, and select large-cap stocks, while noting crude oil and inflation remain key macro variables for investors.
Choose your reason below and click on the Report button. This will alert our moderators to take action
Log out of your current logged-in accountand log in again using your ET Prime credentials  to enjoy all member benefits.
Trump temper on H-1B visas is forcing Indians to do these things to stay put in US
Why veterans like Reliance, L&T are on acquisition spree? Aswath Damodaran has an answer.
Huawei launches its own OS to compete with Google and Apple. But can it win beyond China?
Check the score based on the company's fundamentals, solvency, growth, risk & ownership to decide the right stocks.
Analyze the market sentiments & identify the trend reversal for strategic decisions.
Ask your stock queries & get assured replies by ET appointed, SEBI registered experts.
Read your daily newspaper in Digital View & get it delivered to your inbox everyday.",
reuters,world,"US strikes more than 90 Iranian military targets on Kharg Island, CENTCOM says - Reuters","<a href=""https://news.google.com/rss/articles/CBMixwFBVV95cUxPcnRnckoxeDJ2ZDB3QW5LVC1zX1lrZmNFSS1aME1xRk9vTXQzMVZaY2t3UVloZXRuZHBySUFIOVM4bGR0dHMtOFlvaFFhdnplNjBIZ19qcnpGdkxYZUFQcWlGTE5hZTY5d01oY1RSdVVQcVJ6b3BPNUUxU2lMMlE0YzhUczFpNW8xVnl6TnJzek5ZbW90U0s2R2hUbUJEQW1nYkhPUGdXYzl6LW9LZlhwMzJqbzU2YmY3X0VHbmpka1R3MUFtWTRR?oc=5"" target=""_blank"">US strikes more than 90 Iranian military targets on Kharg Island, CENTCOM says</a>&nbsp;&nbsp;<font color=""#6f6f6f"">Reuters</font>",https://news.google.com/rss/articles/CBMixwFBVV95cUxPcnRnckoxeDJ2ZDB3QW5LVC1zX1lrZmNFSS1aME1xRk9vTXQzMVZaY2t3UVloZXRuZHBySUFIOVM4bGR0dHMtOFlvaFFhdnplNjBIZ19qcnpGdkxYZUFQcWlGTE5hZTY5d01oY1RSdVVQcVJ6b3BPNUUxU2lMMlE0YzhUczFpNW8xVnl6TnJzek5ZbW90U0s2R2hUbUJEQW1nYkhPUGdXYzl6LW9LZlhwMzJqbzU2YmY3X0VHbmpka1R3MUFtWTRR?oc=5,2026-03-14 11:37:25+00:00,,
economic_times,technology,Accenture hiring more entry-level jobs globally: CEO Julie Sweet,"In the background of fears of AI eliminating entry-level jobs, the CEO argued that college graduates may actually be better positioned for AI-driven workplaces, as they are already exposed to the technology and so bring with them AI-readiness. The CEO said that at Accenture, instead of eliminating roles, they are being redesigned by removing tasks likely to be automated and emphasising skills that remain human-driven.",https://economictimes.indiatimes.com/tech/artificial-intelligence/accenture-hiring-more-entry-level-jobs-globally-ceo-julie-sweet/articleshow/129574024.cms,2026-03-14 12:01:26+00:00,,
livemint,companies,"Bring your own food! LPG shortage prompts action by IT giants HCLTech, Infosys, Cognizant","Companies, including Infosys, HCL, and TCS, issued advisories as tensions in the Middle East impacted global energy markets.",https://www.livemint.com/companies/news/bring-your-own-food-lpg-shortage-prompts-action-by-it-giants-hcltech-infosys-cognizant-11773489571070.html,2026-03-14 12:17:03+00:00,"Several companies have urged their employees to bring their own food amid nationwide concerns over an LPG shortage in the wake of the war in Iran. Cognizant has now joined the list of companies which have taken measures to reduce reliance on office cafeterias amid the ""shortage"".
Companies, including Infosys, HCL, and TCS, issued advisories as tensions in the Middle East impacted global energy markets. Amid the US-Israeli attack, Iran has shut the Strait of Hormuz, affecting the passage of oil tankers and the movement of LPG and LNG supplies worldwide.
The tech major has reportedly encouraged its employees to adopt a ""Bring Your Own Food"" (BYOF) approach wherever feasible to reduce the heavy dependence on commercial LPG-reliant cafeterias.
According to the Times of India, Cognizant said it is preparing for possible disruptions driven by price volatility, supply prioritisation and strain on vendors.
As part of contingency planning for facilities and food services, Cognizant has reportedly identified alternative food vendors that do not rely on commercial LPG. These include those using induction or solar-based cooking.
As per the report, the company is also exploring partnerships with cloud kitchens operating on electric or solar power to meet meal requirements if conventional supplies are disrupted.
Cognizant is also weighing work-from-home or hybrid arrangements ""for non-critical roles to reduce commute exposure [due to rising fuel cost],"" the TOI reported.
Several cafeteria vendors were unable to operate due to the ongoing LPG crunch, prompting the company to allow staff to work remotely on the two days, the executives toldMint.
Infosys told employees in Bengaluru that cafeterias would function with fewer menu items ""amid an impending situation regarding availability of commercial LPG.""
Live counter operations have been plugged at offices, and employees are being urged to get home-cooked food.
For about a decade, Livemint—News Desk has been a credible source for authentic and timely news, and well-researched analysis on national news, busine...Read More",
economic_times,technology,Robot Phone is here: Honor unveils prototype with AI features at Mobile World Congress,"The robot phone is now in the test phase. Commercial launch in China is expected in the second half of the year. At the event, Honor also showcased a humanoid robot designed for tasks such as shopping assistance, workplace inspections, and companionship.",https://economictimes.indiatimes.com/tech/technology/robot-phone-is-here-honor-unveils-prototype-with-ai-features-at-mobile-world-congress/articleshow/129574319.cms,2026-03-14 12:22:34+00:00,,
economic_times,technology,Win for Amazon as Luxembourg court scraps record $854 million privacy fine,"The Luxembourg ‌National Commission ⁠for Data ⁠Protection (CNPD) penalised Amazon in 2021 over its online behavioural advertising ​practices, saying its processing of users' personal data breached EU privacy rules ​known as the General Data Protection Regulation (GDPR).",https://economictimes.indiatimes.com/tech/technology/win-for-amazon-as-luxembourg-court-scraps-record-854-million-privacy-fine/articleshow/129574725.cms,2026-03-14 12:46:59+00:00,,
economic_times,technology,"Jurors mull evidence in social media addiction trial against Meta, YouTube","Jurors will return to court in Los Angeles Monday to resume deliberations in a landmark social media addiction trial accusing Meta and YouTube of trying to hook young internet users. The lawsuit is one of hundreds accusing social media firms of luring young users to become addicted to their content and suffer from depression, eating disorders, psychiatric hospitalization and even suicide.",https://economictimes.indiatimes.com/tech/technology/jurors-mull-evidence-in-social-media-addiction-trial-against-meta-youtube/articleshow/129574778.cms,2026-03-14 12:51:38+00:00,,
reuters,world,Hamas calls on Iran not to target neighboring countries but affirms its right to self-defence - Reuters,"<a href=""https://news.google.com/rss/articles/CBMizwFBVV95cUxNby1jQXFGRm52T3NwSElMTXhnNVhXZ083RkpZQjFhdURjMXNxYlhDeG1QcEF3cXFqQjNRMGZUX3JiWTdKa3ZIbF9TRGdrRW41VW1uMjQwbERKV1F1aXdIMmdBMzlnOGExTV91UE0zRmNrYXcxT05JaFRDR3FOR0xwQnBObjlkSzlZMkVZMUNMRzE0QUoyVXduS2F4bFNzUWxnS3lQVU1za3A5VFN3U1pacGRwcXFMX2dQZklxSTd2RlZmSmowZEpKc3h5M0xKYVk?oc=5"" target=""_blank"">Hamas calls on Iran not to target neighboring countries but affirms its right to self-defence</a>&nbsp;&nbsp;<font color=""#6f6f6f"">Reuters</font>",https://news.google.com/rss/articles/CBMizwFBVV95cUxNby1jQXFGRm52T3NwSElMTXhnNVhXZ083RkpZQjFhdURjMXNxYlhDeG1QcEF3cXFqQjNRMGZUX3JiWTdKa3ZIbF9TRGdrRW41VW1uMjQwbERKV1F1aXdIMmdBMzlnOGExTV91UE0zRmNrYXcxT05JaFRDR3FOR0xwQnBObjlkSzlZMkVZMUNMRzE0QUoyVXduS2F4bFNzUWxnS3lQVU1za3A5VFN3U1pacGRwcXFMX2dQZklxSTd2RlZmSmowZEpKc3h5M0xKYVk?oc=5,2026-03-14 14:05:11+00:00,,
reuters,world,Protesters in Cuba attack Communist Party office in rare riot over blackouts - Reuters,"<a href=""https://news.google.com/rss/articles/CBMivgFBVV95cUxNM2ItSjJTMEctUmZqc20yWDJpSUcyekwxTTYxcVNYTDdZQ2NjQjFKUTVVbXdhelZkOGtXYTZneU1oMGQ1Z2pzazJpNVNJeXpzcUg4anNQeGRnRVVvTk5IOU9xSWxybUJ5aDc4Z2xqZldWeHRjZGZ2N1pMSHZfdzI0RnI1WUhZZHd0RWZFcUJRby1MQ3ZWblBUcW90am9pNmdtVS1RYlNZcG5icmJYTFdJaFJjZzNUejQ2VHVQS3Bn?oc=5"" target=""_blank"">Protesters in Cuba attack Communist Party office in rare riot over blackouts</a>&nbsp;&nbsp;<font color=""#6f6f6f"">Reuters</font>",https://news.google.com/rss/articles/CBMivgFBVV95cUxNM2ItSjJTMEctUmZqc20yWDJpSUcyekwxTTYxcVNYTDdZQ2NjQjFKUTVVbXdhelZkOGtXYTZneU1oMGQ1Z2pzazJpNVNJeXpzcUg4anNQeGRnRVVvTk5IOU9xSWxybUJ5aDc4Z2xqZldWeHRjZGZ2N1pMSHZfdzI0RnI1WUhZZHd0RWZFcUJRby1MQ3ZWblBUcW90am9pNmdtVS1RYlNZcG5icmJYTFdJaFJjZzNUejQ2VHVQS3Bn?oc=5,2026-03-14 14:12:41+00:00,,
business_standard,world_news,"Trump urges China, UK, others to send warships to keep Hormuz open - Business Standard","<a href=""https://news.google.com/rss/articles/CBMiugFBVV95cUxOaDR0blJOS082anRVdWlMTV84MUZPRDNrNVRIZXhXcGxrVGNYOEc2NFloODBpSUVKaEZTV0dMc2xmUXdJZXkzR3pWVktOZEhpSXU1TFNYVGJKNDRvcFJqUUhDaDRYaHF3clVwdC1QTkJ3ank2LWxLVE5iV2xVM3ZtYXBzQUpiOV95R2RCaDlQQnp3RjZxeUNTVW0zbUpNSGpOQUJKYW92OTl6YkoycHgyZ3VLSGdndk9pb0HSAb8BQVVfeXFMTk9WY2hma2M2ZjNFdlN6UFpwbTh4X0JKcE42T0dHOTd5SklNSjZRWmE0SjdOVXk4ZndiQURLR3VxWUNiVVBwRlNIVk9yUDhHQUpDdmt3dkJSTkgxNUlxU1hTcHlIWUNqNERheHotSWhYZHdEUmZPS25nVk5sVXQ2Y0N4d0pIblNYRy1Nc2xQTVRKRVRKb0RGQ0tkbFlVeEd4VUFWdjgya3lHQUItWVN3VVIxZ2ROYnRRUkRKcWFOMEE?oc=5"" target=""_blank"">Trump urges China, UK, others to send warships to keep Hormuz open</a>&nbsp;&nbsp;<font color=""#6f6f6f"">Business Standard</font>",https://news.google.com/rss/articles/CBMiugFBVV95cUxOaDR0blJOS082anRVdWlMTV84MUZPRDNrNVRIZXhXcGxrVGNYOEc2NFloODBpSUVKaEZTV0dMc2xmUXdJZXkzR3pWVktOZEhpSXU1TFNYVGJKNDRvcFJqUUhDaDRYaHF3clVwdC1QTkJ3ank2LWxLVE5iV2xVM3ZtYXBzQUpiOV95R2RCaDlQQnp3RjZxeUNTVW0zbUpNSGpOQUJKYW92OTl6YkoycHgyZ3VLSGdndk9pb0HSAb8BQVVfeXFMTk9WY2hma2M2ZjNFdlN6UFpwbTh4X0JKcE42T0dHOTd5SklNSjZRWmE0SjdOVXk4ZndiQURLR3VxWUNiVVBwRlNIVk9yUDhHQUpDdmt3dkJSTkgxNUlxU1hTcHlIWUNqNERheHotSWhYZHdEUmZPS25nVk5sVXQ2Y0N4d0pIblNYRy1Nc2xQTVRKRVRKb0RGQ0tkbFlVeEd4VUFWdjgya3lHQUItWVN3VVIxZ2ROYnRRUkRKcWFOMEE?oc=5,2026-03-14 14:24:38+00:00,,
economic_times,technology,Musk says Tesla's 'gigantic' chip fab project to launch in seven days,"Tesla ⁠is ⁠designing its fifth-generation AI chip to power its autonomous ambitions, ​and Musk at the company's annual meeting last year laid out potential ​manufacturing plans.",https://economictimes.indiatimes.com/tech/technology/musk-says-teslas-gigantic-chip-fab-project-to-launch-in-seven-days/articleshow/129576218.cms,2026-03-14 14:25:36+00:00,,
reuters,world,Trump says 'many countries' will send warships to keep Strait of Hormuz open - Reuters,"<a href=""https://news.google.com/rss/articles/CBMiwAFBVV95cUxPR3lrY1d4Tkx1WXhjYmpUa3dnYzFFYkdqcTVKZ01iUFU2VWUwRm82NzZHYjdhQlp0cjRtN29wSXpldW5maTBucU11NWtvVWp6QVBjQXVhek5nVDdWUWVIelI5dEJJZnB5VUpVVmNHa0Q1V1NFU3JZVFo3bHNWYlVFMXhIaVNnZ1E3ZnkyQU5oR3FPNUtPWWNkR0lPTk03SEJFUlZ4U3BWTktES1pPYmg2U0NaVDI5V2dOZlBBMEx5bzM?oc=5"" target=""_blank"">Trump says 'many countries' will send warships to keep Strait of Hormuz open</a>&nbsp;&nbsp;<font color=""#6f6f6f"">Reuters</font>",https://news.google.com/rss/articles/CBMiwAFBVV95cUxPR3lrY1d4Tkx1WXhjYmpUa3dnYzFFYkdqcTVKZ01iUFU2VWUwRm82NzZHYjdhQlp0cjRtN29wSXpldW5maTBucU11NWtvVWp6QVBjQXVhek5nVDdWUWVIelI5dEJJZnB5VUpVVmNHa0Q1V1NFU3JZVFo3bHNWYlVFMXhIaVNnZ1E3ZnkyQU5oR3FPNUtPWWNkR0lPTk03SEJFUlZ4U3BWTktES1pPYmg2U0NaVDI5V2dOZlBBMEx5bzM?oc=5,2026-03-14 14:29:08+00:00,,
reuters,world,Israel threatens to strike ambulances in Lebanon in Hezbollah fighting - Reuters,"<a href=""https://news.google.com/rss/articles/CBMitgFBVV95cUxQTEpGRm5pNFBQcTZ5TzBqWUhfcDFiZWJiRXdBTW0wME83cDZoLWJWZG5nUUVMcWdJZ1I1RGxmOVJmd05CS0F1VmRmYXU5TnVXYWtGdGZfakRyV3VaN2NTM2RlQ1N1aFR3ZUxmWXVWb1NwcUVaM1phQUNBQzkwSDdOZXlKY1BvYVJCaWMxMmhRSTdtNUJLeGRWVV9UZWRVMmhVYVpYVVo5d1pqeWtOdTgyMnh1Mzh1Zw?oc=5"" target=""_blank"">Israel threatens to strike ambulances in Lebanon in Hezbollah fighting</a>&nbsp;&nbsp;<font color=""#6f6f6f"">Reuters</font>",https://news.google.com/rss/articles/CBMitgFBVV95cUxQTEpGRm5pNFBQcTZ5TzBqWUhfcDFiZWJiRXdBTW0wME83cDZoLWJWZG5nUUVMcWdJZ1I1RGxmOVJmd05CS0F1VmRmYXU5TnVXYWtGdGZfakRyV3VaN2NTM2RlQ1N1aFR3ZUxmWXVWb1NwcUVaM1phQUNBQzkwSDdOZXlKY1BvYVJCaWMxMmhRSTdtNUJLeGRWVV9UZWRVMmhVYVpYVVo5d1pqeWtOdTgyMnh1Mzh1Zw?oc=5,2026-03-14 15:10:01+00:00,,
reuters,world,"Israel and Lebanon expected to hold direct talks in coming days, Haaretz reports - Reuters","<a href=""https://news.google.com/rss/articles/CBMiugFBVV95cUxPT2czVDJYR3BycWhzTFlvdzlGWVZQZXFfREE0dDhockdWRUV5MzRlR3FiSEFtWnMyZkZxRzFrdUZhMjdlNVJyeVZuMnN4YjBYRVBCcGNJOUVvb3RSQVY3cFFpSlBtdEpiUGphQjBjeV9iS0U1YlpSVk8tSU9WNE1TVGk3ZjU3aWZleHI2TFFFcmZZc21tMm5Lai1hOWRNMHJPTFdiRFVlZ3JyNUxjZmNwMW1jVUoyOG1pQmc?oc=5"" target=""_blank"">Israel and Lebanon expected to hold direct talks in coming days, Haaretz reports</a>&nbsp;&nbsp;<font color=""#6f6f6f"">Reuters</font>",https://news.google.com/rss/articles/CBMiugFBVV95cUxPT2czVDJYR3BycWhzTFlvdzlGWVZQZXFfREE0dDhockdWRUV5MzRlR3FiSEFtWnMyZkZxRzFrdUZhMjdlNVJyeVZuMnN4YjBYRVBCcGNJOUVvb3RSQVY3cFFpSlBtdEpiUGphQjBjeV9iS0U1YlpSVk8tSU9WNE1TVGk3ZjU3aWZleHI2TFFFcmZZc21tMm5Lai1hOWRNMHJPTFdiRFVlZ3JyNUxjZmNwMW1jVUoyOG1pQmc?oc=5,2026-03-14 15:26:47+00:00,,
economic_times,technology,Karnataka dairy cooperative Bamul files complaint against Flipkart’s Rs 1 milk offer,"The Bangalore Cooperative Milk Union Ltd (Bamul) has filed a complaint with the Competition Commission of India under Section 19(1)(a) against Flipkart’s campaign, he said, adding that he has written to Prime Minister Narendra Modi seeking intervention.",https://economictimes.indiatimes.com/tech/technology/karnataka-dairy-cooperative-bamul-files-complaint-against-flipkarts-rs-1-milk-offer/articleshow/129577304.cms,2026-03-14 15:46:39+00:00,,
economic_times,technology,ByteDance suspends launch of video AI model after copyright disputes: Report,"ByteDance ​has put ​on hold the global launch ‌of ⁠its ⁠latest ​video-generation model, Seedance 2.0, ​after a series ​of ⁠copyright disputes ‌with ​major ​Hollywood ⁠studios and streaming platforms, ​The Information ​reported on Saturday.",https://economictimes.indiatimes.com/tech/technology/bytedance-suspends-launch-of-video-ai-model-after-copyright-disputes-report/articleshow/129577766.cms,2026-03-14 16:17:27+00:00,,
reuters,world,EU extends sanctions against people over Russia's war against Ukraine - Reuters,"<a href=""https://news.google.com/rss/articles/CBMirwFBVV95cUxPVVJZWXVNVUpCMm5NNzFZcm1hSVBDUEJVTS1TRXgtYS1CdjA5b2hheDJxem4wQkdRUDJJZlJmWnZKVUNKcUZaXzlaUUZLSXZ3ZWx2LThMaGJPSmZZWmgxUnM5ZDJNLVpBeXctV3B5bWNIY2gwTFNkV0ZsY250R1BISTdJcUY3dzBQSjVzb2xvQ29MZFg3YWw0aEF3SXRMWnB0V1UybFFjeU9lR0R5a0VJ?oc=5"" target=""_blank"">EU extends sanctions against people over Russia's war against Ukraine</a>&nbsp;&nbsp;<font color=""#6f6f6f"">Reuters</font>",https://news.google.com/rss/articles/CBMirwFBVV95cUxPVVJZWXVNVUpCMm5NNzFZcm1hSVBDUEJVTS1TRXgtYS1CdjA5b2hheDJxem4wQkdRUDJJZlJmWnZKVUNKcUZaXzlaUUZLSXZ3ZWx2LThMaGJPSmZZWmgxUnM5ZDJNLVpBeXctV3B5bWNIY2gwTFNkV0ZsY250R1BISTdJcUY3dzBQSjVzb2xvQ29MZFg3YWw0aEF3SXRMWnB0V1UybFFjeU9lR0R5a0VJ?oc=5,2026-03-14 16:20:17+00:00,,
livemint,companies,"Avenue Supermarts DMART appoints Kalpana Unadkat as chairperson, she replaces Chandrashekhar Bhave","Avenue Supermarts Limited which operates the DMart supermarket chain, said in a statement that Unadkat will replace Chandrashekhar Bhave as the Chairman of the Board on April 1.",https://www.livemint.com/companies/news/avenue-supermarts-dmart-appoints-kalpana-unadkat-as-chairperson-she-replaces-chandrashekhar-bhave-11773504355571.html,2026-03-14 16:29:41+00:00,"Avenue Supermarts Limited announced on Saturday (March 14 )the appointment of Kalpana Unadkat as the chairperson of the company.
It informed that the Board of Directors held a meeting on Saturday, March 14, 2026, and approved the ""appointment of Ms. Kalpana Unadkat (DIN: 02490816), Independent Director as Chairperson of the Company w.e.f. 1st April, 2026.""
Kalpana Unadkat has 25 years of experience in corporate law, governance, and cross-border M&A transactions, as per the NSE filing. She is a ""dual-qualified solicitor"" in India and the United Kingdom.
Unadkat was earlier a Senior Partner at Khaitan & Co and Co-Head (India Practice) at Ashurst, an international law firm based in London, where she advised global corporations on cross border M&A and strategic joint ventures, the NSE filing read.
""On the Board, Unadkat brings deep expertise in corporate governance, regulatory frameworks, and board effectiveness,"" a brief profile of Unadkat as shared by the company in the NSE filing read.
governance and board leadership. She brings a collaborative leadership approach that encourages open dialogue, balanced deliberation, and strong board engagement,"" the filing stated.
Beyond her professional advisory work, Unadkat also contributed significantly to advancing governance leadership in India.
She regularly engages with boards and senior executives on matters of board effectiveness, leadership, and governance stewardship, drawing on her extensive international experience.
""Through these engagements, she has mentored and influenced more than 200 directors and senior leaders, contributing to stronger boardroom leadership and governance standards across organisation,"" the statement added.",
reuters,world,"Exclusive: Trump rejects efforts to launch Iran ceasefire talks, sources say - Reuters","<a href=""https://news.google.com/rss/articles/CBMitgFBVV95cUxQcG41Tl80eUxGMzVlQm5VZlNrbmc0UGI5aktXY0dxRGtQWGYxOTBJYWxlQzd0MV9wSnJJSV9Od0c4Umk2MGxPNHp4ZEhCQm0zemtxWjJiOGVjRVdDUjFxYWxjT0hNUTRHNTlnMjNhbWlhbU00R0F6M1M5MHUzTnNXcTNJQlpvaTcwUkFocW5fNUp0cFB4aU1mVGhQVmxNYlpiZXU2N2s0ckVldTUtTzVXVDduZGlwQQ?oc=5"" target=""_blank"">Exclusive: Trump rejects efforts to launch Iran ceasefire talks, sources say</a>&nbsp;&nbsp;<font color=""#6f6f6f"">Reuters</font>",https://news.google.com/rss/articles/CBMitgFBVV95cUxQcG41Tl80eUxGMzVlQm5VZlNrbmc0UGI5aktXY0dxRGtQWGYxOTBJYWxlQzd0MV9wSnJJSV9Od0c4Umk2MGxPNHp4ZEhCQm0zemtxWjJiOGVjRVdDUjFxYWxjT0hNUTRHNTlnMjNhbWlhbU00R0F6M1M5MHUzTnNXcTNJQlpvaTcwUkFocW5fNUp0cFB4aU1mVGhQVmxNYlpiZXU2N2s0ckVldTUtTzVXVDduZGlwQQ?oc=5,2026-03-14 16:46:41+00:00,,
business_standard,industry,"Geopolitics, AI posing challenges to corporate governance: Industry body - Business Standard","<a href=""https://news.google.com/rss/articles/CBMi1AFBVV95cUxPS243VlpBc2VlSVB4N05NS1B5RTN4QlAyQUMwV1dmWDdJc0RSV29Nb2QxYXcxUUc5eVhZeS1fdjIzOWhIRENReTQ5LVZmUC03NHBiTlE5M21DRWMwZ0JoY3JiRWw3U3dwUFlDbXNya0JTVUFLVl8tdV9SSFB3Nm5QMHFCWUctaUxaVXV0YXN6QzZEcGhoYVEwMDhVcVloR2NNX2dMbUFVTGVYUl9yM1duYVA0aTViZENhSE9TZlU0RE1ZWjZMUEdvQi1Sa2lTSVNzdUxDV9IB2gFBVV95cUxQeU9sVmtvbzJIRW9nMFZ5ZHZ0U0dEZGI4UHFua3l0S3hDVlAwN0tlSXdFZFhhNTRhazk4US1xeGJ5NmQxeFNsNE1HN05RRHQwblMtWEkwQVRXQmFhSWd6Zkh3UUdKVzZCc2pGOF9JdDB2QkNJazdWZUhZX1VHUVNkRHJjbFNoMkZhNERwR3YxQTJ2bzdEMlVYNlNsb2JLQzNWa2ZHbG1XRzI5UnBfZlNpbU1hTWI4NWtkdXVtdWtTNGs1OXVxSUpCeU5DWnBLZmREZUw1czl6aXllQQ?oc=5"" target=""_blank"">Geopolitics, AI posing challenges to corporate governance: Industry body</a>&nbsp;&nbsp;<font color=""#6f6f6f"">Business Standard</font>",https://news.google.com/rss/articles/CBMi1AFBVV95cUxPS243VlpBc2VlSVB4N05NS1B5RTN4QlAyQUMwV1dmWDdJc0RSV29Nb2QxYXcxUUc5eVhZeS1fdjIzOWhIRENReTQ5LVZmUC03NHBiTlE5M21DRWMwZ0JoY3JiRWw3U3dwUFlDbXNya0JTVUFLVl8tdV9SSFB3Nm5QMHFCWUctaUxaVXV0YXN6QzZEcGhoYVEwMDhVcVloR2NNX2dMbUFVTGVYUl9yM1duYVA0aTViZENhSE9TZlU0RE1ZWjZMUEdvQi1Sa2lTSVNzdUxDV9IB2gFBVV95cUxQeU9sVmtvbzJIRW9nMFZ5ZHZ0U0dEZGI4UHFua3l0S3hDVlAwN0tlSXdFZFhhNTRhazk4US1xeGJ5NmQxeFNsNE1HN05RRHQwblMtWEkwQVRXQmFhSWd6Zkh3UUdKVzZCc2pGOF9JdDB2QkNJazdWZUhZX1VHUVNkRHJjbFNoMkZhNERwR3YxQTJ2bzdEMlVYNlNsb2JLQzNWa2ZHbG1XRzI5UnBfZlNpbU1hTWI4NWtkdXVtdWtTNGs1OXVxSUpCeU5DWnBLZmREZUw1czl6aXllQQ?oc=5,2026-03-14 17:18:37+00:00,,
business_standard,world_news,High winds leave hundreds of thousands without power across parts of US - Business Standard,"<a href=""https://news.google.com/rss/articles/CBMi0gFBVV95cUxOZFZQWW9Rbkt4VXVJalZBY1E0czdGNWRtTlRHMkpGbGxfMDRLaGlSbkJCaVItdlpmUEFFbkVlZGZIUlVyQVZwc29rc2hiR3lxM2ozYXJHMzVXXzU3em9XX0ExbTEwcDdIR2tEeGZxVUJVNWhXQ3ZzOHUxbnVnSk9RNXAtdlR3TnhyOVN2WjByZkh4QkFHeTc5V1lOQXpUY19yekJXazZfdXZUNktud3NPeks5cW8wNVpCY1ZMMS1rY1BfQmpCc3FaamtUbXI2N0wwc2fSAdcBQVVfeXFMT0pqZWtlRkxkTHRmTDRlR1lqT2s2QTRSMy0zbU1ocFoyaTJRNDJqQUQzWXlzd1ZqbVNPVFNwY0d1SkVSOWo4RU9hRlBid0hSN0dpMUlxTlRmQmljVjczWDFNdjB5NjBRRkozVXM5NW9ZZzBIMnlab3Q5d1R4VW5pTWhXaXVNbkhmZzNodlp1V3o2eDRqXzg4U0hDX19yOXlZVkpPRUpVQUpYWGtla1o0My0wb083Y3VLSHUyWFdyNGVNazlWRE43ZHFoaDR6T0k0QnZzUF9xQVE?oc=5"" target=""_blank"">High winds leave hundreds of thousands without power across parts of US</a>&nbsp;&nbsp;<font color=""#6f6f6f"">Business Standard</font>",https://news.google.com/rss/articles/CBMi0gFBVV95cUxOZFZQWW9Rbkt4VXVJalZBY1E0czdGNWRtTlRHMkpGbGxfMDRLaGlSbkJCaVItdlpmUEFFbkVlZGZIUlVyQVZwc29rc2hiR3lxM2ozYXJHMzVXXzU3em9XX0ExbTEwcDdIR2tEeGZxVUJVNWhXQ3ZzOHUxbnVnSk9RNXAtdlR3TnhyOVN2WjByZkh4QkFHeTc5V1lOQXpUY19yekJXazZfdXZUNktud3NPeks5cW8wNVpCY1ZMMS1rY1BfQmpCc3FaamtUbXI2N0wwc2fSAdcBQVVfeXFMT0pqZWtlRkxkTHRmTDRlR1lqT2s2QTRSMy0zbU1ocFoyaTJRNDJqQUQzWXlzd1ZqbVNPVFNwY0d1SkVSOWo4RU9hRlBid0hSN0dpMUlxTlRmQmljVjczWDFNdjB5NjBRRkozVXM5NW9ZZzBIMnlab3Q5d1R4VW5pTWhXaXVNbkhmZzNodlp1V3o2eDRqXzg4U0hDX19yOXlZVkpPRUpVQUpYWGtla1o0My0wb083Y3VLSHUyWFdyNGVNazlWRE43ZHFoaDR6T0k0QnZzUF9xQVE?oc=5,2026-03-14 17:29:32+00:00,,
economic_times,technology,When your Apple watch becomes an office taskmaster,"White-collar workers increasingly track heart rate variability (HRV) with wearables to boost health and workplace performance. The trend has created HRV coaching and biohacking industries, though experts warn the obsession may be misleading, unhealthy, or anxiety-inducing.",https://economictimes.indiatimes.com/tech/technology/when-your-apple-watch-becomes-an-office-taskmaster/articleshow/129579588.cms,2026-03-14 18:18:28+00:00,,
economic_times,technology,Tamil Nadu govt invests Rs 25 crore in space startup Agnikul Cosmos,"The latest investment would help accelerate Agnikul's operational readiness, supporting the scaling of its aerospace manufacturing capabilities, advancing its stage recovery program, and strengthening the development of its integrated space campus on the 300 acres allocated by the Tamil Nadu government near Kulasekharapatnam.",https://economictimes.indiatimes.com/tech/startups/tamil-nadu-govt-invests-rs-25-crore-in-space-startup-agnikul-cosmos/articleshow/129579645.cms,2026-03-14 18:23:11+00:00,,
livemint,companies,"A pardon lobbyist, $500,000 demand and alleged enforcer lead to extortion charge in New York","A pardon lobbyist, $500,000 demand and alleged 'enforcer' lead to extortion charge in New York",https://www.livemint.com/companies/a-pardon-lobbyist-500-000-demand-and-alleged-enforcer-lead-to-extortion-charge-in-new-york-11773513514965.html,2026-03-14 18:38:34+00:00,"Joshua Nass, 34, of Charleston, South Carolina, was scheduled to appear Saturday before a magistrate judge on an attempted extortion charge unsealed Friday, the U.S. Attorney's Office for the Eastern District of New York said. Nass could face up to 20 years in prison if convicted.
Court documents allege that starting in January Nass recruited and agreed to pay what the government calls a confidential witness to force the former client and intimidate his son into paying the amount that Nass claimed was owed for the client's services. The father and son are named in court documents only as “John Doe 1” and “John Doe 2.”
“Rather than honestly representing his client, Joshua Nass allegedly chose to shake him down by hiring an enforcer to extort payment,"" James Barnacle Jr., assistant director in charge of the FBI's New York field office, said in a news release. ""The FBI prioritizes crushing violent crimes offenses and extortion schemes.”
A federal lobbying disclosure form filed with the U.S. House and Senate dated Jan. 15, signed digitally by Nass and covering final three months of 2025 listed Joseph Schwartz as a client. The form said the firm that Nass founded generated an estimated $100,000 in income for lobbying activities for the reporting period, with “federal presidential pardon advocacy” among his lobbying issues.
Reached by phone, John Marzulli, a spokesperson for the U.S. Attorney’s Office, said Saturday he had no comment about whether the allegations against Nass are related to activities involving Schwartz.
Nass was arrested outside of his New York hotel on Friday, the same day he had expected to meet with the confidential witness, the U.S. Attorney’s Office said.
Nass’ attorney did not respond immediately to email and text messages seeking comment on the case.
According to a letter from the U.S. Attorney’s Office, Nass agreed in December to provide lobbying services to the client, who signed an agreement to pay Nass $600,000 in exchange for the services. The son helped make a $100,000 payment but said he could not then pay the full amount and asked for “a payment plan,” which Nass viewed as an “insult,” the letter said.
Nass, who is also a licensed attorney in New York, had told the witness to go to the son's New York-area home to compel payment, but the son shut the door on him after being told Nass had sent him, court documents allege.
Between January and March, Nass and the witness discussed ways the witness could extort the payment, including assaulting the son or forcing him into a car with masked men and threatening him, according to the government's news release. Nass said he did not want the witness to behave ""like a human being with” the son, an FBI agent's signed affidavit said.",
livemint,companies,BP Cleared for First New Gulf of Mexico Field Project Since 2010 Blowout,The Trump administration approved BP Plc’s plan to pump billions of dollars worth of crude from what will be the company’s first virgin field development in the Gulf of Mexico since the deadly 2010 Deepwater Horizon disaster that triggered the worst oil spill in US history.,https://www.livemint.com/companies/bp-cleared-for-first-new-gulf-of-mexico-field-project-since-2010-blowout-11773514177032.html,2026-03-14 18:49:36+00:00,"(Bloomberg) -- The Trump administration approved BP Plc’s plan to pump billions of dollars worth of crude from what will be the company’s first virgin field development in the Gulf of Mexico since the deadly 2010 Deepwater Horizon disaster that triggered the worst oil spill in US history.
BP’s deepwater Kaskida project is scheduled to start crude production in 2029. In its initial phase, the development is expected to produce the equivalent of about 275 million barrels from a section of the seafloor estimated to hold as much as 10 billion barrels.
The Department of Interior’s approval of Kaskida comes despite objections from environmental groups and Democratic lawmakers, who warn another Deepwater Horizon-like catastrophe could threaten Gulf Coast communities and ecosystems while encouraging more ultra-deep water drilling.
BP has said “the safety of our people and the environment will remain our highest priority.”
BP’s return to large-scale Gulf of Mexico development has been gradual since the April 2010 eruption of the Macondo well that killed 11 workers and destroyed Transocean Ltd.’s Deepwater Horizon floating rig.
Although the British oil major was cleared to resume bidding on federal offshore drilling leases in early 2014, Kaskida represents BP’s first full-blown new field development project development in the region in almost 16 years.
“Kaskida is a world-class project that reflects decades of technological innovation by BP and the offshore oil and gas industry,” a company spokesperson wrote in an email.
“This $5 billion investment will safely bring online more American energy by helping to unlock 10 billion barrels of discovered BP resources in the Gulf of America’s Paleogene fields.”
The Kaskida find has remained largely undeveloped since its discovery almost 20 years ago because the oil industry lacked technology capable of managing the field’s high pressure and forbidding geology.
The Deepwater Horizon, which still rests at the bottom of the Gulf, was under lease by BP at the time of the Macondo disaster.
“It’s deeply disturbing that the Bureau of Ocean Energy Management approved a proposal littered with legal and regulatory flaws, especially given BP’s history in the Gulf,” said Brettny Hardy, senior attorney for Earthjustice. “It’s also an insult to the millions of people and businesses in the Gulf whose lives were changed for the worse by Deepwater Horizon.”",
