,site,section,title,summary,link,published,body,clustering_index
0,livemint,markets,OPEC extends crude oil production pause amid geopolitical tension,"Eight major participants, spearheaded by Saudi Arabia and Russia, reconfirmed the suspension — initially established in November 2025 — via a Sunday video summit",https://www.livemint.com/market/opec-extends-crude-oil-production-pause-amid-geopolitical-tension-11769965197126.html,2026-02-01 17:37:43,"Eight major participants, spearheaded by Saudi Arabia and Russia, reconfirmed the suspension — initially established in November 2025 — via a Sunday video summit, according to an official group announcement.
Delegates indicated that deliberations regarding post-quarter strategies were deferred until their upcoming assembly on March 1, as reported byBloomberg.
The OPEC and its affiliates frequently react with deliberation to rising geopolitical hazards, generally awaiting tangible supply shifts before adjusting policy.
Crucial alliance partners technically still possess roughly 1.2 million daily barrels of sidelined production from 2023 available for restoration. De facto leader Saudi Arabia, alongside the United Arab Emirates, has displayed an inclination toward resuming output growth.
Conversely, the International Energy Agency (IEA) predicts a historic surplus in international markets as consumption growth decelerates while production surges among OPEC competitors, including the United States, Brazil, Canada, and Guyana.
JPMorgan Chase & Co. and Morgan Stanley have argued that OPEC must implement cuts to stop crude valuations from sliding, as reported byBloomberg.
Throughout the previous year, eight OPEC members aggressively boosted production to recapture global market share; however, they consented in November to halt those expansions during the first quarter, citing a routine seasonal dip in energy demand.
Oil prices have remained unexpectedly resilient this year, supported by instability in Iran and logistical interruptions in Kazakhstan.
Additionally, significant ambiguity surrounds the petroleum industry in Venezuela, which US President Trump pledged to revitalize following the removal of former leader Nicolas Maduro.
Increasing production has presented a complex challenge for the Saudis. While the strategy helped the kingdom’s economy achieve its swiftest growth in three years during 2025, the prior year’s 18% price drop compelled Riyadh to reduce investment in major initiatives and pursue external financing to cover budget deficits.
A separate OPEC panel called the Joint Ministerial Monitoring Committee also met on Sunday. The JMMC does not have decision-making authority on production policy.
The JMMC stressed the importance of achieving full compliance with OPEC output agreements, a statement on OPEC's website said.
Oops! Looks like you have exceeded the limit to bookmark the image. Remove some to bookmark this image.",
1,livemint,markets,"Ray Dalio recommends 10-15% gold allocation: Should you use  ₹38,000 gold price crash to your advantage?","Gold rate today: Prices on the MCX have fallen by nearly  ₹38,000 from record highs, prompting investors to weigh whether the decline offers a buying opportunity or signals the need for greater caution.",https://www.livemint.com/market/commodities/ray-dalio-recommends-10-15-gold-allocation-should-you-use-rs-38-000-gold-price-crash-to-your-advantage-11769957549114.html,2026-02-01 14:58:56,"In December and once again in Davos last month, Dalio — billionaire investor and founder of hedge fund Bridgewater Associates — had stressed that most investors should have between 5% and 15% of their portfolio in gold or an alternative money.
The 76-year-old investor said that we can get into the pricing of gold or what it might and might not do, but I need to hold that amount because that amount is the right amount.
""Because when the other parts of the portfolio do very badly — because of certain things like stagflation or debt issues — then gold does very well,"" the billionaire investor opined.
Dalio has repeatedly raised red flags on the rising debt levels in the world, and against that backdrop, he prefers holding gold.
""There’s too much debt, and we’re producing it too much. I’m not just looking at it in the United States, I’m looking at it in the UK and in France and in China and in most countries — we’re producing too much debt. That means I don’t want that kind of money. So because I don’t want that kind of money, I have been preferring the holding of gold to that kind of money,"" Ray Dalio told Nikhil Kamath in a podcast last month.
Analysts on Dalal Street, too, believe that this is not a moment of panic and rather gold and silver are portfolio hedges. They see the recent crash in gold as a much-needed cooling off in prices after the hot run seen in a span of two years.
Precious metals tend to move in cycles, and chasing momentum — particularly after vertical moves — often leads to suboptimal entry points, said Harshal Dasani, Business Head at INVasset PMS.
Despite the volatility, the long-term outlook remains structurally bullish for the bullion, said analysts. Record central bank buying, silver’s persistent supply deficit, and geopolitical tensions provide a solid floor for the precious metals.
Gold, with its lower volatility, continues to play a portfolio stabiliser role, while silver remains a higher-beta asset that requires tighter position sizing, he said, advising to use the precious metals as strategic portfolio hedges rather than for short-term trading, said Dasani.
Disclaimer: This story is for educational purposes only. The views and recommendations expressed are those of individual analysts or broking firms, not Mint. We advise investors to consult with certified experts before making any investment decisions.
Oops! Looks like you have exceeded the limit to bookmark the image. Remove some to bookmark this image.",
2,livemint,markets,"Nifty 50 breaks below 25,000, suffers biggest Budget-day crash in six years; 3 key factors behind the sell-off","The Union Budget failed to uplift the market, causing the Nifty 50 to drop 2% to 24,825 points. Key factors included a hike in securities transaction tax and increased government borrowing, raising concerns about foreign investor confidence amid a broad sell-off.",https://www.livemint.com/market/stock-market-news/nifty-50-breaks-below-25-000-suffers-biggest-budget-day-crash-in-six-years-3-key-factors-behind-the-selloff-11769954697563.html,2026-02-01 14:37:24,"In what investors hoped would provide a booster to the Indian stock market after a volatile run, today’s Union Budget instead delivered the weakest budget-day market performance in six years, underscoring persistent uncertainty across markets.
The Nifty 50 suffered a 2%, or 500-point, crash, falling below the psychological level of 25,000 to 24,825 points, marking its weakest budget performance since 2020, when it plunged 2.25%.
Today's steep crash has also brought the index to its lowest level in four months and represents a 6% drop from the January peak of 26,373.
All major sectoral indices closed lower, with the Nifty PSU Bank index falling the most at 5.57%, followed by the Nifty Metal, Nifty Oil & Gas, Nifty FMCG, and Nifty Auto indices, all shedding over 2%.
Though the measures aim to curb speculative activity, some experts believe they could discourage foreign participation in the near term. Foreign investors, who have already remained net sellers, have withdrawn up to $22 billion since last January—a trend that has also pushed the Indian rupee to multiple record lows.
The raise in the STT limit sent shockwaves across capital market-related stocks. Apart from the STT hike, the government will tax buyback proceeds for all types of shareholders as capital gains.
Expectation Gap: Additionally, the market had expected the government to announce major reforms in response to higher US tariffs and measures to attract overseas investors, but those fell short of expectations, further hurting sentiment.
On the positive side, the government focused on boosting manufacturing via higher allocations for semiconductors, electronics, biopharma, auto, and critical minerals.
It also kept the fiscal deficit target at 4.3% and allocated a record₹12.2 lakh crore for capex expenditure, which was higher than market estimates.
Ponmudi R, CEO of Enrich Money, said the index decisively broke below the 25,000–24,900 support band and slid swiftly to an intraday low near 24,572. The subsequent rebound toward the 25,150-zone lacked conviction, highlighting weak follow-through buying amid elevated volatility. Fresh selling emerged once again, dragging the index back below the 25,000 psychological level into the 24,700–24,800 zone.
Technically, he said, Nifty is now consolidating below its earlier breakdown area, indicating a clear sell-on-rallies structure in the near term. As long as the index remains below the 25,200–25,300 resistance band, the bias stays cautious to bearish. Only a sustained move back above 25,300 would neutralize the negative undertone and signal short-term stabilization.
Disclaimer:This story is for educational purposes only. The views and recommendations made above are those of individual analysts or broking companies, and not of Mint. We advise investors to check with certified experts before making any investment decisions.
Oops! Looks like you have exceeded the limit to bookmark the image. Remove some to bookmark this image.",
3,livemint,markets,Budget 2026: Manufacturing gets a big push amid global headwinds,"The biggest push was for the electronic goods sector, with an increase in outlay for the electronics components manufacturing scheme from about  ₹23,000 crore to  ₹40,000 crore.",https://www.livemint.com/market/mark-to-market/union-budget-2026-electronics-manufacturing-india-11769950774352.html,2026-02-01 13:42:23,"Union Budget 2026-27 continued to push the pedal on localization in the Indian manufacturing sector, announcing a slew of measures across electronic goods, pharma, textiles, capital goods and other sectors to boost India's production and export competitiveness.
The focus on self-reliance was reflected in finance minister Nirmala Sitharaman’s speech. “Today, we face an external environment in which trade and multilateralism are imperilled and access to resources and supply chains are disrupted,"" she said.
The biggest push is for the electronic goods sector, with an increase in outlay for the electronics components manufacturing scheme (ECMS) from about₹23,000 croreto₹40,000 crore. “This aims to build resilient supply chains and reduce reliance on imports, particularly from China,"" said a report by IDBI Capital Markets & Securities Ltd.
The scheme,launched inApril, aims to build domestic capability for various electronic components such as printed circuit boards (PCBs), camera modules and so on, and had received proposals worth about₹1.1 trillion. PCBs is one of the most important sub-segments as almost 90% of India’s current requirement is met through imports.The budget proposal provides a boost to companies such as Amber Enterprises IndiaLtd and Kaynes Technology India Ltd, which saw their stocks rise 2-5% on the NSE on 1 February.
However, there was no mention of extending mobile production-linked incentives (PLIs) in the Budget speech, which was perhaps why shares of Dixon Technologies (India) Ltd fell more than 2% after climbing more than 5% intraday.
That apart, the government’s India Semiconductor Mission (ISM), which provides capital subsidies to for semiconductor manufacturing facilities, has seen significant success. Encouraged by this, the government launched ISM 2.0 to produce equipment and materials, design full-stack Indian intellietual property (IP), and fortify supply chains.
The Budget also proposed safe harbour to non-residents for component warehousing of electronic goods to improve ease of doing business. Safe harbour requires tax authorities to accept transfer prices set by manufacturers for international transactions without detailed scrutiny, subject to certain conditions. This helps simplify compliance and reduce transfer pricing litigation.
The finance minister also proposed a five-year tax exemption to foreign companies providing capital goods, equipment and tooling to a manufacturers of electronic goods, as well as a₹10,000-crore outlay to build an ecosystem for biologics and biosimilars.
Biologics are advanced, high-cost therapies derived from living organisms rather than synthesized chemicals, whereas biosimilars are low-cost versions of the same with similar effectiveness. These are have drawn attention owing to their effectiveness in treating diseases such as diabetes and cancer. The proposal calls for creating more than 1,000 clinical trials sites to boost associated research & development. Despite the push, the NSE Pharma index fell marginally, dragged down by the weakness in the broader market, which was spooked by the hike in the securities transaction tax.
The finance minister also called for building domestic capability in segments with vulnerable supply chains such as critical minerals,exempting capital goods required for their processing from basic customs duty. She also proposed that certain minerals be included in Schedule XII of the Income Tax Act, which would make expenditure incurred on exploration of these minerals eligible for a tax deduction.
Thecapital goods sector also got a push with the establishment of tool rooms to design and test high-precision components, apart from a scheme to strengthen the manufacturing of construction and infrastructure equipment. This would fill a critical gapin domestic capability and help increase companies' share in high-margin segments across sectors.For textiles, the finance minister proposed a scheme to modernise traditional clusters with capital support for machinery and technology upgrades.
An equity fund of₹10,000 crore to boost capabilities of micro, small and medium enterprises (MSME) was also proposed. A mandate to central public sector enterprises to settle all payments to MSME through the TReDS (trade receivables discounting system) was aimed at improving their cash flows. More than₹7 trillion has been made available to MSME through TReDS, the finance minister noted in her Budget speech. The proposed professional support to MSMEs, by training a cadre of 'corporate mitras’, especially in tier-II and tier-III towns, could help them meet compliance requirements, which has been a major pain point for these companies.
Overall, the Budget buttressed India’s manufacturing focus across traditional and new-age sectors. The proposals are especially significant in the increasingly uncertain global economic environment, and could provide a cushion. “The Budget’s focus on high-value manufacturing — including semiconductors, electronics, chemicals, textiles, and rare earth magnets — strengthens India’s production base in sectors that stand to gain preferential market access under the recently announced India–EU FTA, in which over 99% of Indian exports by trade value receive preferential conditions in the EU market,"" said Delano Furtado, partner, corporate practice at Trilegal.
Oops! Looks like you have exceeded the limit to bookmark the image. Remove some to bookmark this image.
You are now subscribed to our newsletters. In case you can’t find any email from our side, please check the spam folder.",
4,livemint,markets,Post Budget blues? How will Indian stock markets open on Monday after 2% crash today: Key technical levels to watch,"Indian equities are expected to open cautiously negative on February 2 due to weak global cues and unfavorable Budget announcements. Key support and resistance levels will guide traders, while the market may remain volatile amid continued FII selling and mixed signals from global markets.",https://www.livemint.com/market/stock-market-news/post-budget-blues-after-a-2-crash-how-will-indian-stock-markets-open-on-monday-key-nifty-technical-levels-to-watch-11769948723529.html,2026-02-01 13:18:22,"Budget 2026: Indian stock market benchmarks - Sensex, Nifty 50 are likely to witness a cautious to mildly negative opening on February 2 as investors continue to process key Budget announcements along with weak global cues. The absence of market-friendly tax relief and the sharp increase in Securities Transaction Tax (STT) on derivatives are expected to weigh on early sentiment, particularly in high-beta and F&O-heavy counters.
He added that pressure from a stronger dollar, weakness in cryptocurrencies, and mixed US futures may cap any sharp upside in Indian benchmarks, while recent sessions have also seen sustained FII selling amid global risk-off positioning.
Mayank Jain, Market Analyst, Share.Market also belives investors should prepare for volatility when the market opens on Monday morning. The market is still trying to balance the bad news of the trading tax (STT) hike against the good news of the government’s growth plans.
Important levels Monday - Immediate Support: 24,500 – 24,400. The 24,500 strike currently holds the maximum Put Open Interest (OI), which significantly increases its importance as a key floor for the index.
Immediate Resistance: 25,000 – 25,100. This zone now acts as a stiff ""supply wall"" on any recovery attempts. Additionally, these levels carry significant Call Open Interest, suggesting that sellers are likely to defend this range aggressively.
Adding to this, Shrikant Chouhan, Head Equity Research at Kotak Securities, said, “We are of the view that the short-term market texture is volatile, and volatility is likely to continue in the near future. Hence, level-based trading would be the ideal strategy for day traders.” He noted that as long as the market trades below 25,000 on Nifty and 81,300 on Sensex, weak sentiment may persist. On the downside, further correction could test 24,650–24,600, and if selling intensifies, even 24,300 cannot be ruled out.
On Sunday, February 1, markets reacted sharply after Finance Minister Nirmala Sitharaman announced a steep hike in STT on derivatives. STT on futures was raised to 0.05% from 0.02%, and on options to 0.15% from 0.01% earlier.
Broader markets were also hit hard, with the BSE MidCap index down 1.91% and the SmallCap index falling 1.61%. Sectorally, Nifty PSU Bank plunged 5.57%, Metal index dropped 4.05%, and Oil & Gas, Financial Services, Auto, FMCG, and Realty indices fell over 2%. Nifty Bank ended 2% lower at 58,417.20.
Ajit Mishra of Religare Broking explained the sentiment reaction. He said, “The negative market reaction to the STT hike is largely sentiment-driven and linked to higher transaction costs, especially in the derivatives segment, which contributes significantly to daily volumes.” He added that brokerage and exchange stocks faced disproportionate pressure due to concerns around liquidity and trading profitability.
Despite the volatility, analysts believe the broader economic and earnings outlook remains intact. The Budget’s fiscal discipline, record₹12.2 lakh crore capex plan, and infrastructure-led growth strategy continue to support the long-term equity narrative.
Divam Sharma of Green Portfolio PMS noted that consistent capex-led growth may support higher long-term valuations, especially for cyclical and capital goods stocks, helping restore investor confidence once short-term noise subsides.
“While short-term market reactions may be influenced by macro factors and liquidity conditions, consistent capex-led growth can support higher long-term equity valuations, especially for cyclical and capital goods stocks,” Sharma said.
As markets open on Monday, traders are likely to remain cautious near resistance levels, while long-term investors may look at declines as opportunities in fundamentally strong sectors. The initial reaction may remain muted or weak, but technical supports and strong macro fundamentals could limit deeper downside, setting the stage for stabilisation after the Budget-induced shock.
Disclaimer: The views and recommendations made above are those of individual analysts or broking companies, and not of Mint. We advise investors to check with certified experts before making any investment decisions.
Oops! Looks like you have exceeded the limit to bookmark the image. Remove some to bookmark this image.",
5,livemint,markets,Budget 2026: Bond yields likely to rise on higher than expected borrowing plans for FY27,"In the Union Budget 2026, Finance Minister Nirmala Sitharaman announced a record  ₹17.2 lakh crore borrowing plan, with a fiscal deficit target of 4.3% of GDP, causing worries about rising bond yields amid ongoing fiscal consolidation.",https://www.livemint.com/market/bonds/budget-2026-bond-yields-likely-to-rise-on-higher-than-expected-borrowing-plans-for-fy27-11769949826730.html,2026-02-01 13:17:54,"The projected net borrowing for FY27 is expected to increase to₹11.73 lakh crore, up from₹11.33 lakh crore in the current fiscal year, according to the Budget.
Market participants had anticipated that gross borrowings would fall between₹16 lakh crore and₹17.5 lakh crore, with the median forecast from a Reuters survey of 35 economists at₹16.3 lakh crore.
The unexpectedly high borrowing levels have heightened concerns regarding the strain on government bond yields.
In recent months, government bond yields have already risen as the extensive borrowings by both the Centre and state governments have surpassed the demand for sovereign debt.
Although bond markets were closed on Sunday, analysts indicated that the benchmark 10-year government bond yield might experience further increases when trading resumes on Monday.
Investors are concerned that the substantial amount of bonds available might sustain high yields, even with the Reserve Bank of India’s extraordinary support measures, which include record bond acquisitions and foreign-exchange swaps.
As per reports, Rajeev Radhakrishnan, who is the fixed income CIO at SBI Mutual Fund, stated that the overall gross and net borrowing figures, coupled with the lack of targeted measures to stimulate demand for bonds, will likely impact the market negatively.
He mentioned that in the near future, the performance of the bond market will largely hinge on the RBI’s open market interventions to stabilize yields. According to him, this level of borrowing poses a challenge and could lead to yields remaining high in comparison to the fundamental macroeconomic conditions.
The government, now focusing on a debt-to-GDP ratio as a primary fiscal benchmark, plans to reduce this ratio to 55.6% in the upcoming fiscal year. This aligns with a fiscal deficit goal of 4.3% of GDP, a crucial indicator monitored by investors due to its impact on borrowing requirements, debt sustainability, and overall market confidence.
Churchil Bhatt, Executive Vice President- Investment, Kotak Mahindra Life Insurance, said that the FY27 union budget highlighted the government’s commitment towards fiscal consolidation while retaining its push towards capital spending which is expected to grow by 11.5% to Rs12.2 lakh crore.
Bhatt added that fiscal deficit is pegged at 4.3% (against 4.4% in FY26). Net market borrowing is expected to finance slightly less than 70% of the fiscal deficit. However, Bond markets were anticipating a lower gross borrowing by way of dated securities (17.2 lakh crore as per budget).
“As a result, 10-year bond yield may open 4-5 bps higher on Monday. Focus may shift thereafter to RBI policy outcome later in the week,” said Churchil.
Further, Rajeev Radhakrishnan, CFA, CIO - Fixed Income, SBI Mutual Fund, added that even as broader fiscal consolidation measures and the reduction in the debt-to-GDP ratio are long-term positives, the bond market in the near term will continue to depend on RBI’s open market operations to anchor yields. This remains a challenge and could keep yields elevated relative to underlying macroeconomic numbers.
Anurag Mittal, Senior Executive Vice President & Head - Fixed Income, UTI AMC, believes that the budget is marginally bond heavy mainly on supply: gross borrowing of₹17.2 lakh crore is above market expectations of ~₹16.5 lakh crore.
""The fiscal consolidation path looks broadly steady rather than meaningfully tighter, with FY27 debt-to-GDP guided at 55.6% versus the 55.2% street view. Near-term yields may see pressure, though demand remains supportive. We expect yield curve to remain steep. Moderate duration products like corporate bond funds or income plus arbitrage funds remain most attractive from risk reward perspective,”opined Mittal.
Disclaimer: The views and recommendations made above are those of individual analysts or broking companies, and not of Mint. We advise investors to check with certified experts before making any investment decisions.
Oops! Looks like you have exceeded the limit to bookmark the image. Remove some to bookmark this image.",
6,livemint,markets,"Q3 results 2026: LIC, Tata Motors PV, SBI &amp; Adani Entp among 680 companies set to post Dec quarterly earnings this week","PSU stocks like State Bank of India (SBI), Life Insurance Corporation of India (LIC) and Indian Oil Corporation (IOCL) are some of the marquee names that will post Q3 earnings next week.",https://www.livemint.com/market/stock-market-news/q3-results-2026-lic-tata-motors-pv-sbi-adani-enterprises-among-680-companies-set-to-post-dec-quarterly-earnings-11769950773700.html,2026-02-01 13:08:32,"Q3 results 2026:The earnings action is expected to remain heightened in the upcoming week from February 2 to February 8 as a total of 680 companies, including several market bigwigs, are slated to post quarterly results for the quarter ended December 2025.
Beyond the initial knee-jerk reaction, markets are likely to move on quickly, reverting to broader macro and earnings drivers, N. ArunaGiri, CEO of TrustLine Holdings.
Overall, markets may continue to see choppy movements in the near term, a clearer trend and improved stability could emerge from April, driven by fiscal spending, earnings visibility for FY27, and clarity on global macro conditions, Abhinav Tiwari, Research Analyst at Bonanza, said.
Systematix Research said that slippages are expected to increase sequentially due to higher agri slippages; however, provisions are expected to decrease sequentially. The brokerage has pegged SBI Q3 profit at₹18136 crore. NII growth is set at 3.1% QoQ and 6.9% YoY to₹44306.1 crore.
Kotak Institutional Equities (KIE) said LIC will likely report strong APE growth of 22% YoY in 3QFY26E, similar to the run rate in the first two months of the quarter (20-27% YoY APE growth).
Margins, it said, will likely compress 80 bps QoQ and 90 bps YoY to 18.5%. ""LIC's product mix is skewed toward participating products, which have a lower impact of ITC disallowance,"" it added.
The brokerage expects a 3.5% QoQ and 19.6% YoY, led by growth in mobile service and the Africa business, to₹53,970 crore. Meanwhile, KIE said it sees a 17.4% YoY and 1.6% QoQ jump in net sales, led by steady subs additions in India's wireless business.
The brokerage models 3 million wireless net adds (+1.4 mn QoQ) and expects ARPU to increase to₹258 (versus₹255 QoQ) on continued plan-rationalisation measures.
Kotak expects Tata Motors' domestic PV business revenues to increase by 33% YoY in Q3 FY26, led by a 22% YoY increase in volumes and a 9-10% YoY increase in ASPs driven by a richer product mix. ""Overall, we expect EBITDA margin to increase by 140 bps QoQ, driven by operating leverage benefits and favourable net pricing,"" the brokerage added.
JLR volumes (excluding China JV) declined by 43% YoY, led by weakness in China markets and production-related challenges due to the cyberattack in October. Overall, KIE expects revenues (ex-China JV) to decline by 41% YoY in 3QFY26, driven by a decline in volumes.
Disclaimer: This story is for educational purposes only. The views and recommendations expressed are those of individual analysts or broking firms, not Mint. We advise investors to consult with certified experts before making any investment decisions.
Oops! Looks like you have exceeded the limit to bookmark the image. Remove some to bookmark this image.",
7,livemint,markets,"Gold price today: Despite late January crash, precious metal extends 8-month bull run","Gold price today: Gold prices have sharply declined, dropping nearly  ₹20,000 per 10 grams to  ₹1,49,653. Investor sentiment was affected by a strong US dollar and the nomination of Kevin Warsh as Fed Chair, raising speculation of higher interest rates.",https://www.livemint.com/market/commodities/gold-price-today-despite-late-january-crash-precious-metal-extends-8-month-bull-run-11769949167093.html,2026-02-01 13:07:47,"Gold rate today: Gold prices, which had maintained an uninterrupted run over the past year, nosedived sharply in recent sessions, marking one of the biggest crashes in recent history. Investor sentiment toward the safe haven was hit amid concerns over a firm US dollar and the nomination of Kevin Warsh as the next Federal Reserve chairperson.
The latest crash brings the gold rate down by₹44,594 per 10 grams, or 25%, from the recent peak of₹1,80,779.
Investors had flocked to safe-haven assets this year, as foreign policy actions by the US, including the seizure of Venezuela's former leader and threats to annex Greenland, coupled with renewed tariff threats on major countries, including the European Union, South Korea, and Canada, have been major drivers.
In terms of yearly performance, gold prices finished CY25 with a stellar gain of 76.5%, as sustained buying from global central banks also pushed the metal to a historic surge.
Warsh Nomination:The primary trigger was the nomination of Kevin Warsh as the next US Federal Reserve Chair, fueling speculation of a more hawkish monetary policy and higher interest rates.
Market moves suggested that traders are dialling back expectations for policy easing under Warsh, who served as a policymaker from 2006 to 2011 and often emphasised inflation risks, even as others focused on supporting growth and jobs during the financial crisis.
The announcement ended months of speculation over who would lead the Fed, after Trump repeatedly criticised Chair Jerome Powell for not cutting interest rates.
Firm US Dollar: The nomination of Warsh also boosted demand for the US dollar, which strengthened 0.73% in Friday’s session to 96.99, making dollar-priced precious metals more expensive for other currency holders.
Silver margins will climb to 15% from 11% for non-heightened risk profiles, while heightened risk profile margins will increase to 16.5% from 12.1%, the report added.
Profit Booking: The sharp rally in gold prices also seems to have prompted investors to book profits, as prices in India jumped₹80,000 per 10 grams in a record eight months.
Ponmudi R, CEO, Enrich Money, said, ""The price has slipped back toward the₹1,36,000 region, indicating heavy profit booking and long liquidation rather than healthy consolidation. Although the broader long-term trend was bullish, the recent move clearly reflects distribution at higher levels. The rising channel support has been decisively tested, and momentum has shifted into sell-on-rise mode.""
""Immediate stability is required above₹1,32,000–₹1,35,000 to avoid further downside extension. Until price regains₹1,45,000, rallies are likely to face supply, keeping the near-term outlook cautious to corrective,"" he further added.
Disclaimer:We advise investors to check with certified experts before making any investment decisions.
Oops! Looks like you have exceeded the limit to bookmark the image. Remove some to bookmark this image.",
8,livemint,markets,Herd mentality fading? Retail investors turned selective ahead of Budget 2026,"In sharp contrast to previous years, retail investors were net sellers ahead of Budget 2026. About 55% of companies saw retail shareholding fall, the highest level since 2021.",https://www.livemint.com/market/stock-market-news/budget-2026-impact-retail-shareholding-trends-11769946324680.html,2026-02-01 13:05:59,"Retail investors, once quick to load up on stocks ahead of the Union Budget, turned more cautious this year. The shift had less to do with the Budget itself and more to do with with the circumstances of the market. Slower earnings growth, global uncertainty, commodity price swings and patchy returns have made individual investors far more selective about where they put their money.
This change in behaviour is visible in the numbers. Though many small investors had been actively buying during the Sensex’s nearly 7% rise in the December quarter, positioning for a possible policy boost, their participation has since narrowed.
Out of 2,321 companies analyzed byMint, only 967 firms or 42% saw an increase in ownership by small retail investors (those holding shares worth up to₹2 lakh) during the December 2025 quarter. This was down from 48% in the September 2025 quarter and marked the lowest level since December 2021.
The median return on Budget Day 2026 for stocks where retail shareholding had increased sequentially between September and December 2025 was just -0.14%, even as the Sensex dropped nearly 2%, its steepest single-day drop since 2020.
The trend is not new. In 2025, retail-favoured stocks rose just 0.1% on Budget Day while the BSE Sensex was flat. In 2024, these stocks fell 0.3% while the index was nearly unchanged, and in 2023 they dropped 1.4% even as the index gained 0.3%.
In sharp contrast to previous years, retail investors were net sellers ahead of Budget 2026. About 55% of companies saw retail shareholding fall, the highest level since 2021.
“The headline numbers may look uncomfortable, but they don’t mean retail investors are abandoning equities,"" said Akshat Garg, head of research and product at Choice Wealth. After years of rapid expansion in market participation, investors are becoming more selective, he said. Rather than spreading money across a wide range of stocks in the hope of a Budget-led rally, flows are increasingly gravitating towards mutual funds and SIPs, or into a narrower set of high-conviction ideas. This signals maturing behaviour, not risk aversion, Garg said.
The diminishing impact of Budget Day reinforces this shift. Market expectations are now debated and priced in weeks in advance, and by the time the finance minister speaks, most tradeable information is already embedded in stock prices. Garg added that near-term market moves are driven far more by global liquidity, foreign investor flows, interest-rate expectations and earnings visibility than by Budget announcements.
Vinayak Magotra, product head and founding team member at Centricity WealthTech, said the caution seen in the December quarter reflected weaker sentiment, geopolitical risks and commodity volatility. Budgets now provide mainly short-term sentiment triggers, which have little bearing on medium- to long-term equity returns, Magotra said, adding that pushes individual investors to be more selective and deliberate.
Retail participation in Q3 was not only thinner but also directionally noisy. Across most large sectors, the Budget-day performance of stocks to which retail investors increased exposure was no better than those in which they cut their positions.
The finance sector best illustrated this churn. Only 38% of finance stocks saw higher retail ownership, while 58% saw reductions. Yet Budget-day returns were marginally positive in both cases.
Pharmaceuticals and chemicals followed a similar pattern: retail investors trimmed holdings in 62% of chemical stocks and 55% of pharma stocks, but returns remained muted regardless of buying or selling.
There were a few exceptions to this. Among software companies, higher retail participation in 46% of stocks coincided with stronger Budget-day returns. Textiles also stood out, with stocks that had rising retail ownership outperforming those in which positions were trimmed.
The broader signal, however, is clear. Retail investors are no longer crowding into sectors ahead of the Budget. Participation has become narrower and more selective – and an increasingly unreliable directional cue.
Performance trends also help explain the caution. Heavy retail buying in the run-up to Budget Day did not protect stocks from broader weakness.
Companies in which retail ownership rose by more than 10 percentage points between Q2FY26 and Q3FY26 posted a median loss of 0.1% on Budget Day and remained down so far this year, with a median return of -13.3%.Stocks with a 5-10 percentage point rise in retail holding were flat 0.04% on the day and down 4.2% this year.Those with a 2-5 percentage point increase gained 1% on the day but have fallen 8.7% so far this year.Even stocks with only a small rise in retail ownership are down around 7% this year.
Experts said structural reforms would matter more over the long term than one-day market reactions. Mahavir Lunawat, chairman and managing director of Pantomath Capital, pointed to measures such as market-making in corporate bonds, total return swaps and faster, more digital settlement systems as steps that could deepen and strengthen market infrastructure.
“From a medium- to long-term perspective, this is a good Budget that lays out a clear strategy for growth with fiscal prudence,"" said Dr. V. K. Vijayakumar, chief investment strategist at Geojit Investments. He expects nominal GDP growth of around 10% in FY27, which could translate to corporate earnings growth of about 15%, supporting equities over the medium term.
He noted, however, that this year’s Budget was mildly disappointing for the stock market as it did not deliver the expected relief on capital gains tax.
Oops! Looks like you have exceeded the limit to bookmark the image. Remove some to bookmark this image.
You are now subscribed to our newsletters. In case you can’t find any email from our side, please check the spam folder.",
9,livemint,markets,NSE changes bullion ETF daily price range computing method,The change followed confusion after it emerged that the closing price of silver ETFs on Friday was higher than the lower circuit for Sunday's trades.,https://www.livemint.com/market/commodities/silver-etf-gold-etf-daily-price-range-bullion-silver-prices-gold-prices-nse-11769944824978.html,2026-02-01 13:04:41,"Mumbai: To work around the tricky problem of computing circuits of silver exchange-traded funds (ETFs), the National Stock Exchange (NSE) on Sunday changed its computation to trade minus one day (T-1) from T-2 . The change followed confusion after it emerged that the closing price of silver ETFs on Friday was higher than the lower circuit for Sunday's trades.
For instance, Kotak Silver ETF's lower circuit for Sunday, computed on a T-2 basis, was₹291.65 a unit, which was above Friday's closing price of₹286.93. This set the stage for massive confusion on Sunday until the exchange changed its methodology.
On Sunday, heavy selling pressure was expected after silver prices on MCX tanked 27% at 11.55 pm on Friday against silver ETFs' closing at 3:30 pm.
The bourse, however, said computation of the circuit would be at T-1. This change helped overcome the problem, said Satish Dondapati, fund manager at Kotak Mahindra MF.
Under the revised methodology, the lower circuit for Sunday was calculated at₹256.11 based on Friday's net asset value (NAV) of₹320.15.
Dondapati said the computation on T-1 was likely to continue through Monday, thanks to silver ETFs hitting lower circuits on Sunday.
A fund manager added that, owing to thin volumes on Sunday, there could be more liquidation when markets trade on Monday.
Sunday's thin trading was reflected in volumes of silver ETFs. For instance, SilverBees' volume was₹417.12 crore against the one-week average of₹7511.5 crore.
Most investors couldn't get an exit as their silver units were locked at the lower circuit half-an-hour post-opening at 9 am.
SilverBees fell 29.86% from its record high of₹360 on Thursday to Sunday's closing of₹252.5 a unit. Kotak Silver ETF has tanked 34% to₹256.11 a unit from Thursday's record high of₹388.
Oops! Looks like you have exceeded the limit to bookmark the image. Remove some to bookmark this image.",
10,livemint,markets,"Budget long-term positive, investors should focus on fairly valued growth stocks: VK Vijayakumar of Geojit Investments","VK Vijayakumar from Geojit Investments reviews the recent budget proposal, highlighting its long-term growth focus despite initial market reactions. He emphasises the need for investors to target fairly valued growth stocks.",https://www.livemint.com/market/stock-market-news/budget-long-term-positive-investors-should-focus-on-fairly-valued-growth-stocks-vk-vijayakumar-of-geojit-investments-11769947759242.html,2026-02-01 12:28:55,"VK Vijayakumar, Chief Investment Strategist of Geojit Investments, hailed the budget for its focus on long-term growth. ""The Finance Minister (FM) has delivered what the economy needs, at this juncture,"" he said in an interview with Mint. While the Indian stock market suffered a sharp loss due to the STT hike, Vijayakumar noted that it is not a revenue-raising measure, but a decision to discourage retail traders. He suggests investors continue buying, focusing on fairly valued growth stocks in the mid and small-cap segments.
I would rate this Budget high, giving seven marks out of ten. The FM has delivered what the economy needs at this juncture.
The Indian economy is doing well despite many headwinds like the Trump tariffs. The 7.4% GDP growth rate for FY26 makes India the fastest-growing large economy in the world, for the fourth year in a row.
The challenge is to sustain this growth rate even in the midst of geopolitical tensions in a fractured global order. For FY27, the 7% growth rate target can be achieved.
It is important that this growth is achieved through fiscal prudence. So, what the economy wanted was a growth-oriented Budget with fiscal prudence, and this is exactly what the FM has delivered.
With 7% GDP growth and around 3.5% inflation, nominal GDP growth of around 10% is achievable, and this would be a significant improvement over the 8.1% nominal GDP growth in FY26.
More importantly, from the market perspective, this is good news because 10% nominal GDP growth has the potential to deliver 15% earnings growth in FY27, triggering a modest rally in the market, after the initial negative reaction, which is unlikely to last beyond a couple of days.
The government has stuck to the fiscal consolidation glide path by achieving the fiscal deficit target of 4.4% of the GDP for FY26 and targeting a 4.3 % fiscal deficit for FY27.
The debt-to-GDP ratio is targeted at 55.6% for FY27. There is no compromise on fiscal discipline. Growth orientation with fiscal discipline is the hallmark of this Budget.
A Budget proposal that spooked the market was the decision to raise the STT on F&O.
It is important to understand that this is not a revenue-raising measure, but a decision to discourage retail traders, 92% of whom were losing money in F&O trades, from trading in the F&O market.
This is a welcome move, though sentimentally negative in the short run. On the other hand, the decision to treat share buybacks as capital gains, treat all shareholders alike, and impose an additional tax on promoters for buybacks is a welcome move from the perspective of retail investors. This will discourage promoters from improperly using buybacks.
The sectoral allocations for defence and infrastructure are on expected lines, given the revenue constraints. The capital expenditure for FY27 is targeted at₹12.2 lakh crore.
The speculative boom in the precious metals has been busted, at least for the near-term, and this has the potential to bring investors back into the equity markets.
After the initial disappointment relating to unrealistic expectations of tax reliefs dies down, the market will start responding to fundamentals.
If FII selling drags the market further down in the near-term, the domestic consumption-driven large-caps will become attractive buys from a fundamental perspective.
DIIs will turn buyers in these segments, imparting resilience to the market. There are pockets of overvaluation in mid and small caps, and, therefore, investors should be choosy in these broader market segments, opting for fairly valued growth stocks.
Disclaimer:This story is for educational purposes only. The views and recommendations expressed are those of individual analysts or broking firms, not Mint. We advise investors to consult with certified experts before making any investment decisions, as market conditions can change rapidly and circumstances may vary.
Oops! Looks like you have exceeded the limit to bookmark the image. Remove some to bookmark this image.",
11,livemint,markets,"Dividend Stocks: ITC, Sun Pharma, GAIL, BPCL, NTPC, among others to trade ex-dividend this week; Full list here","Over 45 stocks, including ITC, Sun Pharma, BPCL, and GAIL, will trade ex-dividend this week. Key dates include February 2 for BPCL, February 3 for Cochin Shipyard, and February 4 for ITC, with various payouts for eligible shareholders.",https://www.livemint.com/market/stock-market-news/dividend-stocks-itc-sun-pharma-gail-bpcl-ntpc-among-others-to-trade-ex-dividend-this-week-full-list-here-11769945315639.html,2026-02-01 12:24:23,"Apart from these some other major companies include NTPC, REC, ITC , Metro Brands, Cochin Shipyard, Garden Reach Shipbuilders & Engineers, Gillette India,
On February 2, Balkrishna Industries, Metro Brands, and Siyaram Silk Mills are scheduled to trade ex-dividend, with announced payouts of₹4,₹3, and₹3 per share respectively for eligible shareholders.
On February 3, Garden Reach Shipbuilders and Symphony Ltd will turn ex-dividend, offering₹7.15 per share and₹2 per share respectively to shareholders on record.
On February 4, Gillette India, Coromandel International, Great Eastern Shipping, and KPIT Technologies will trade ex-dividend with payouts of₹180 in total,₹9,₹9, and₹2.25 per share respectively.
On February 5, MOIL Ltd and Procter & Gamble Hygiene and Health Care will trade ex-dividend, with declared payouts of₹3.53 per share and a combined interim and special dividend of₹195 per share respectively.
On February 6, Nestle India, National Aluminium Company (NALCO), SIS Ltd, Sharda Cropchem, Quess Corp, Control Print, Insecticides (India), Triveni Engineering, HUDCO, and Manappuram Finance will trade ex-dividend with respective payouts as announced.
A dividend is a portion of a company’s profits distributed to its shareholders as a reward for their investment. Companies typically declare dividends when they generate consistent earnings and have surplus cash after meeting operational, expansion, and debt obligations. Dividends can be paid in cash or sometimes in the form of additional shares. The amount is decided by the board of directors and is usually expressed on a per-share basis. Investors holding the stock before the ex-dividend date become eligible to receive the declared dividend. Dividend-paying stocks are often preferred by investors seeking steady income along with potential capital appreciation.
Disclaimer: This story is for educational purposes only. Please consult with an investment advisor before making any investment decisions.
Oops! Looks like you have exceeded the limit to bookmark the image. Remove some to bookmark this image.",
12,livemint,markets,Budget bloodbath: Market breadth hits 5-year low as STT hike triggers widespread rout,"Nearly 1% of stocks plunged over 10%, a level of carnage mirrored only in 2023.",https://www.livemint.com/market/stock-market-news/budget-bloodbath-market-breadth-5-year-low-stt-hike-impact-11769944402416.html,2026-02-01 12:00:04,"MUMBAI:Market breadth has hit at least a five-year low during Sunday’s budget session, with four out of every five BSE 500 stocks retreating. This marks the most widespread sell-off on a budget day since 2021, erasing gains across every sector except pharma and textiles.
The analysis is based on the common sample of stocks currently belonging to the BSE 500 Index and excludes interim budgets.
Other major casualties included IIFL Finance (10%) and Bharat Dynamics (9.8%). Metal stocks came under sharp selling pressure after silver futures prices in global markets tumbled by more than 30% in a single session on Friday.
Furthermore, 9% of the stocks dropped between 5% and10%, while around 70% of the constituents fell up to 5%. With this, around 20% of stocks managed to stay in the green, a sharp contrast to over 30% that typically held their heads above water during the last three budget sessions. In the previous two budgets (2021 and 2022), over 60% of the stocks traded in green. Overall, the 30-scrip blue-chip index Sensex was down nearly 2% while the BSE 500 was down 2%.
“This comes on the back of higher capital gains taxes in 2025, raising overall transaction costs for market participants,"" highlighted Pranav Haridasan, managing director and chief executive, Axis Securities.
“Futures are a margined, risk-managed product and not typically the primary source of retail excess, which raises questions on whether higher STT will deliver the desired outcome or instead weigh on liquidity, participation, and India’s market cost competitiveness. These concerns are being voiced by foreign investors and domestic traders, and are reflected in the immediate market reaction,"" he added.
The stocks that managed to trade in green include Anant Raj, which rose 5.4% following a proposed tax holiday until 2047 for foreign cloud companies, and Amber Enterprises, which rallied 4.7% on the proposal that the Centre will expand the electronics component manufacturing scheme (ECMS) to a net outlay of₹40,000 crore.
Stocks of pharma companies also soared on the proposal to launch Biopharma Shakti with an outlay of₹10,000 crore. “The announcement underscores a clear policy intent to deepen India’s presence in high-value biologics and biosimilars. By focusing on domestic manufacturing capacity, regulatory strengthening, and supply-chain resilience, the initiative aims to improve India’s competitiveness in global biopharma markets at a time of rising demand and supply-chain diversification,"" noted Gyanendra Tripathi, partner and lead-indirect tax: north and west, tax and regulatory advisory, BDO India.
Oops! Looks like you have exceeded the limit to bookmark the image. Remove some to bookmark this image.
You are now subscribed to our newsletters. In case you can’t find any email from our side, please check the spam folder.",
13,livemint,markets,Budget boosts sentiment in hospitality stocks. Cricket World Cup in focus,"To encourage foreign travel, the Union Budget also proposed to reduce the tax collected at source rate on the sale of overseas tour programme packages to 2%.",https://www.livemint.com/market/mark-to-market/union-budget-hospitality-stocks-tourism-hotel-stocks-icc-cricket-world-cup-11769944504907.html,2026-02-01 11:59:44,"The Union Budget 2026-27 put the spotlight on the tourism and hospitality sector. The finance minister proposed measures to strengthen the tourism ecosystem, with focus on medical tourism, skilling and institutional capacity-building.
In reaction, the stocks of listed hotel companies such as EIH Ltd, ITC Hotels Ltd and Lemon Tree Hotels Ltd rose 2-4% on 1 February. It is expected that these measures will gradually boost the prospects of the Indian tourism sector, buoying key earnings parameters such as average room rates (ARR) and occupancy levels.
“The announcements made in the Union Budget for the tourism and hospitality sector are sentimentally positive. Going ahead, in Q4FY26, the 2026 ICC Men's T20 cricket World Cup is a near-term demand trigger for hotels in cities where matches are scheduled,"" said Jinesh Joshi, analyst at PL Capital. The 2026 ICC Men's T20 World Cup, will be co-hosted by India and Sri Lanka from 7 February to 8 March 2026. “Also, Q4 is typically a good quarter for companies which have more business focus in their portfolio.""
Further, the stocks of Easy Trip Planners Ltd and Mahindra Holidays & Resorts India Ltd also rose intraday but later gave up some of those gains.
TCS is collected by authorized dealers or tour operators on international travel expenses or remittances under the liberalized remittance scheme (LRS).
“The sharp reduction in TCS on overseas travel is an immediate demand stimulant for the sector and improves cash flows for both consumers and operators,"" said Kunal Gala, partner at tax advisory firm BDO India.
At the macro level, the travel industry is also considered a significant job creator. The government plans to launch a new scheme to support states in setting up regional medical hubs in partnership with the private sector.
Foreign tourist arrivals in the first nine months of 2025 are still 19% lower than pre-covid levels of 2019, noted Pushan Sharma, director, Crisil Intelligence.
Given this context, the budget allocation for overseas promotion for FY27 stands at₹3.5 crore versus₹415 crore seen in 2019, so concerted efforts are needed to prop-up India in the minds of the global outbound traveler, like we are seeing in competing countries like Thailand, Vietnam, Georgia, Azerbaijan, he added.
Crisil expects the hotel industry to see 5% ARR rise in FY26 versus 6% in FY25, and occupancy to be at 72% and further improve in FY27.
Oops! Looks like you have exceeded the limit to bookmark the image. Remove some to bookmark this image.
You are now subscribed to our newsletters. In case you can’t find any email from our side, please check the spam folder.",
14,livemint,markets,"Upcoming IPOs: NFP Sampoorna Foods, Grover Jewells to open next week, 5 SME listings scheduled; check full list","The week of February 2 is expected to see limited mainboard IPO activity, focusing instead on SMEs like Grover Jewells, NFP Sampoorna Foods, and Biopol Chemicals. Several SME listings are also anticipated across BSE and NSE platforms.",https://www.livemint.com/market/ipo/upcoming-ipos-nfp-sampoorna-foods-ipo-grover-jewells-ipo-to-open-next-week-5-sme-listings-scheduled-check-full-list-11769944551391.html,2026-02-01 11:56:23,"NFP Sampoorna Foods IPO:The IPO of NFP Sampoorna Foods will be available for subscription from February 4 to February 6. The company intends to raise₹24.53 crore entirely through a fresh issue of 44.60 lakh shares, without any offer for sale portion. The price band has been fixed between₹52 and₹55 per share. Each lot consists of 2,000 shares, and retail investors must apply for at least two lots, or 4,000 shares.
The proceeds from the issue will be directed toward working capital needs, repayment of borrowings and general corporate purposes.
NFP Sampoorna Foods is engaged in processing and trading of dry fruits, including cashew nuts, almonds, makhana and walnuts. Its operations cover procurement, processing, packaging, marketing and distribution through business-to-business, business-to-customer and institutional channels. The company sources raw cashew nuts directly from selected farms in African nations as well as from registered domestic importers to maintain cost efficiency.
Grover Jewells IPO:Grover Jewells is also scheduled to open its IPO from February 4 to February 6. The price band for the issue has been set at₹83 to₹88 per share. The company plans to mobilise₹33.83 crore through a fresh issue of 38.44 lakh shares.
A single lot comprises 1,600 shares, and individual investors must bid for a minimum of 3,200 shares. Funds raised will be utilised to meet working capital requirements and for general corporate purposes.
Biopol Chemicals IPO:Biopol Chemicals will open its book-built IPO from February 6 to February 10. The issue carries a price band of₹102 to₹108 per share, and the minimum application size for retail investors is 2,400 shares.
The company aims to raise₹31.26 crore through a fresh issue of 28.94 lakh shares. The funds will be used for acquiring industrial land, repaying debt and meeting general corporate requirements.
Biopol Chemicals operates in the speciality chemicals domain, involved in manufacturing, trading and distributing products across emulsifiers, silicones, biochemicals and polyelectrolytes. Its portfolio includes 66 products, comprising 40 silicone-based products, 15 biochemical products, 6 polyelectrolyte products and 5 emulsifier-based offerings.
Beyond the fresh IPO openings, a series of SME counters are also preparing for their stock market debut over the coming days.
Hannah Joseph Hospital is slated to kick off the listing calendar, with its shares expected to start trading on the BSE SME platform on February 1. This will be followed by Kasturi Metal Composite, which is lined up for listing on February 3.
Listing momentum picks up on February 4, when Msafe Equipments, Accretion Nutraveda and Kanishk Aluminium India are all set to make their debut on the BSE SME exchange.
The final listing of the week is scheduled for February 6, when CKK Retail Mart is likely to commence trading on the NSE SME platform.
Disclaimer: This story is for educational purposes only. Please consult with an investment advisor before making any investment decisions.
Oops! Looks like you have exceeded the limit to bookmark the image. Remove some to bookmark this image.",
15,livemint,markets,"STT hike in F&amp;O: Shankar Sharma, Deepak Shenoy, other market mavens react. Here’s what they said","STT hike in F&amp;amp;O: Finance Minister Nirmala Sitharaman announced a sharp hike in STT - by 150% on futures transactions and 50% on options transactions. The move has elicited mixed reactions from market participants, with several industry leaders taking to social media platform X to voice their views.",https://www.livemint.com/market/stock-market-news/stt-hike-in-f-o-shankar-sharma-deepak-shenoy-other-market-mavens-react-here-s-what-they-said-11769943935654.html,2026-02-01 11:40:31,"The proposal in the Union Budget 2026-2027 to increase the Securities Transaction Tax (STT) on futures and options (F&O) transactions rattled the Indian stock market investors, triggering a nearly 2% decline in the benchmark indices, Sensex and Nifty 50.
The move has elicited mixed reactions from market participants, with several industry leaders taking to social media platform X to voice their views.
Porinju Veliyath, Founder and CEO of Equity Intelligence India, criticised the decision, arguing that a second hike in STT — at a time when trading profits are already taxed at higher rates — could further dampen trader sentiment. He said the move appeared designed to discourage trading activity and could worsen overall market sentiment.
In contrast, veteran investor Shankar Sharma welcomed the proposal, strongly endorsing the government’s intent. In a post on X, Sharma described derivatives trading as deeply harmful, arguing that it leads to wealth destruction among retail participants and disproportionately benefits specialised F&O brokers. While acknowledging that derivatives cannot be eliminated, he said taxing them heavily was justified.
“I love this Budget for ONE major reason: hiking of STT on derivatives. Derivatives are a poison x cocaine, eating away at the roots of our youth. Its destructive effect will be felt by generations. It’s a pure wealth transfer from the traders to F&O specialist brokers, who have been massive winners of this drug + gun trade. (Not their fault). F&O adds zero value to India. It deducts inestimable value. It can’t be stopped but it can be taxed the hell out of. Kudos to the Finance Minister,” Sharma said in a post on X.
Varinder Bansal, Founder, Omkara Capital criticized the move saying that “everything was so great in the budget, barring one STT increase which was not required at the current times.”
“Increase in STT but govt treats F&O like sin goods (rightly so but plz do consider incentivising long-term investors by cutting LTCG/STCG),” he noted.
Meanwhile, according to studies by Sebi, over 90% of retail investors’ trades in the F&O segment lead to losses, and the capital markets regulator has also taken steps to reduce volumes in the past.
Deepak Shenoy, Founder of Capitalmind, said the impact on retail traders is likely to be limited, with arbitrage funds emerging as the biggest affected segment.
“The STT increase is not of major impact to retail players. The biggest players in futures are arb funds. Your arb fund returns will fall by about 0.5% next year due to this increased STT,” Shenoy said.
He further noted that foreign portfolio investors (FPIs) often buy stocks through the futures market as impact costs are lower than in the cash segment, allowing positions to expire and convert into stock holdings. “With the STT hike, this strategy becomes costlier, with futures trades now carrying an additional cost of around 4 basis points,” Shenoy said.
Varinder Bansal, Founder of Omkara Capital, offered a more balanced view, stating that while the Budget was largely positive, the STT hike was unnecessary in the current environment. He added that if derivatives are being treated as “sin goods,” the government should also consider incentivising long-term investing by reducing long-term and short-term capital gains taxes.
Meanwhile, data from the Securities and Exchange Board of India (Sebi) shows that over 90% of retail investors incur losses in the F&O segment. The market regulator has previously introduced multiple measures to curb excessive derivatives trading and protect retail investors.
Disclaimer: The views and recommendations made above are those of individual analysts or broking companies, and not of Mint. We advise investors to check with certified experts before making any investment decisions.
Oops! Looks like you have exceeded the limit to bookmark the image. Remove some to bookmark this image.",
16,livemint,markets,Budget 2026: STT hike to hit derivatives trading volumes,"Shares of BSE Ltd, Angel One and Groww plummeted 5-9% after the Budget speech on Sunday, while the Nifty 50 was down 2%, reflecting fears that the substantial STT hike would result in less derivatives trading.",https://www.livemint.com/market/mark-to-market/stt-hike-2026-union-budget-2026-11769941488329.html,2026-02-01 11:39:29,"Stocks of capital-market-related companies such as exchanges and discount brokers have been hit hardest by the steep hike in securities transaction tax (STT). Listed companies aren’t the only ones that will bear the brunt — the valuation of NSE’s upcoming initial public offering (IPO) will also be affected as it is the dominant exchange in equity derivatives trading.
Discount brokers primarily provide the execution platform for placing trades, generally at a flat fee per order. This fee is currently₹20 per order at leading discount brokers such as Angel One Ltd, Billionbrains Garage Ventures Ltd (Groww) and Zerodha. They depend more on brokerage income from futures and options (F&O) than full-service brokerages such as Motilal Oswal Financial Services Ltd, ICICI Securities, Nuvama Wealth Management Ltd and 360 One Wam Ltd.
Note that full-service brokerages provide research services that allow them to earn more brokerage from the cash market than discount brokers, and that most of them also have diversified business models with wealth management and asset management verticals.
On 1 February, shares of BSE Ltd, Angel One and Groww plummeted 5-9%, while the Nifty 50 was down 2%, reflecting fears that higher STT would result in less trading activity in the derivatives segment.
While it is difficult to estimate the impact on trading activity, the tax hike is substantial. STT on futures has been increased from 0.02% of futures sales turnover to 0.05%, and from 0.10% to 0.15% on the premium value of options. Put simply, a trader will have to shell out₹5,000 (up from₹2,000 earlier) to sell futures worth₹1 crore. While STT is on the value of contract in futures, it applies only to the premium in options. So, to sell options with premiums worth₹1 crore, the STT increases to₹15,000 from₹10,000 earlier.
Let’s understand the rationale for such a steep hike. The government’s actual STT collection from 1 April 2025 to 11 January 2026 is about₹45,000 crore and is likely to fall short of the₹78,000 crore pencilled in for FY26. But the higher STT rate is likely to reduce derivatives trading volume further in FY27, which would offset the gains from the higher tax rate. However, the government is likely to argue that the steep hike is meant to disincentivize traders from F&O trading rather than maximize STT revenue.
Whatever the rationale, the fact remains that hiking STT will hurt the earnings forecasts of stock exchange company BSE Ltd and discount brokers Angel One and Groww.
BSE Ltd is likely to be affected less than the discount brokers because of two factors: their different revenue models and BSE’s market-share gains.
BSE levies 0.0325% (or₹3,250 per one crore) as transaction charges on the premium value of options, while Angel One and Groww charge flat brokerage fees of₹20 per order, irrespective of the premium value.
BSE earned₹624 crore as derivatives transaction charges in the September quarter (Q2FY26) or 58% of its total revenue at₹1,068 crore. As BSE’s revenue is linked to the premium value of options, average daily premium turnover (ADPT) becomes an important metric to track.
Here, ADPT can increase even if trading activity falls in general as ADPT is linked to the underlying value of the contract. So, if the stock price and future price go up to offset the decline in volume, the option premium or ADPT may be affected less.
There is empirical evidence that suggests this. Even after Sebi introduced a series of measures such as increasing the contract size, stricter margin requirements, and rationalizing the number of weekly expiries, which that took full effect in Q4FY25, BSE’s ADPT increased 83% year-on-year in Q2FY26 to₹15,000 crore. Consequently, its derivatives transaction charges rose 80% year-on-year.
BSE has also been gaining market share. While a year-on-year comparison is more relevant as Sebi’s more stringent rules took effect in Q4FY25, quarter-on-quarter numbers show BSE’s ADPT remained flat, whereas NSE’s ADPT fell 16%.
For Angel One and Groww, the composition of equity brokerage revenue in derivatives and cash is important. Angel One saw 85% of its equity brokerage come from derivatives and the remaining 15% from cash, while for Groww it was 75% and 25%, respectively. Angel One’s derivatives revenue declined 11% year-on-year on fewer orders, but Groww saw this increase 6% due to market-share gains.
While the Budget proposals could still have an incremental negative impact for all these companies, BSE is best placed as its earnings have been more resilient in the past to the Sebi’s F&O curbs, and it operates in a duopoly. Angel One, thanks to its larger share of broking income from equity derivatives, is worse off than Groww.
Oops! Looks like you have exceeded the limit to bookmark the image. Remove some to bookmark this image.
You are now subscribed to our newsletters. In case you can’t find any email from our side, please check the spam folder.",
17,livemint,markets,"Is Budget 2026 good enough to counter the impact of geopolitical risks, stalled India-US trade deal?","The Budget prioritizes fiscal consolidation and long-term growth, focusing on infrastructure and competitiveness. Experts note its awareness of India-US trade dynamics while avoiding dependence on trade deals, aiming for structural inflows and resilience against external shocks.",https://www.livemint.com/market/stock-market-news/is-budget-2026-good-enough-to-counter-the-impact-of-geopolitical-risks-stalled-india-us-trade-deal-11769940049583.html,2026-02-01 11:20:47,"Finance Minister (FM) Nirmala Sitharaman presented her ninth consecutive budget on February 1, keeping the government's focus on structural, long-term growth rather than boosting near-term market sentiment.
The FM announced measures to strengthen domestic competitiveness, support MSMEs, and attain self-reliance in key reliance sectors.
Pankaj Pandey, the head of research at ICICI Securities, pointed out that the government is looking at more structural inflows in terms of FDI. The FM announced a tax holiday for data centres till 2047- a place where there have been the biggest announcements by foreign companies.
""If you look at the announcements and the kind of capex, it can easily overtake the kind of FPI selling what we are seeing in the markets, which can be structurally positive across the value chain, because data centres not only benefit select companies, right from real estate to power, it has implications across the value chain,"" said Pandey.
Seema Srivastava, Senior Research Analyst at SMC Global Securities, underscored that Budget 2026 was crafted with a clear awareness of India’s trade dynamics, including the US tariff, but it deliberately avoided being dependent on the outcome of a bilateral trade deal.
Srivastava highlighted that several measures in the budget were designed to cushion exporters against steep US tariffs and to strengthen domestic competitiveness.
Customs duty cuts on inputs for seafood, textiles, footwear, and leather were aimed at supporting sectors directly impacted by US trade actions, Srivastava added.
Srivastava further pointed out that concessions for SEZ units, extended timelines for exports, and liquidity support for MSMEs were introduced to ease compliance and improve resilience.
At the same time, the budget emphasised diversification by incentivising electronics, semiconductors, rare earth magnets, and container manufacturing, reducing reliance on imports and broadening India’s industrial base.
Infrastructure expansion, energy security measures, and support for services such as IT, healthcare, and tourism highlighted a broader strategy to build resilience across multiple sectors.
""In essence, while the India–US trade context shaped certain duty and export-related provisions, the budget was not US-centric. It balanced defensive measures with structural reforms, domestic capacity building, and fiscal consolidation, positioning India to withstand external shocks while pursuing sustainable growth,"" said Srivastava.
""This approach reflects India’s intent to defend its exporters against US tariffs but also to diversify markets and strengthen its overall economic foundations,"" she added.
The Budget focuses on fiscal consolidation, which was expected by market experts.
The goal was to improve revenue and reduce spending, particularly following the previous year's revenue loss.
""While fiscal consolidation is a great move for India, from a global market standpoint, we are not very attractive today as compared to our emerging market counterparts. This year, there is less incentive for the FIIs to enter India. We can peg this year as a stability year where we build our reserves and wait for the growth phase to kick in, maybe in a year or two,"" said Shashank Udupa, SEBI-registered research analyst and fund manager at Smallcase.
""The Budget 2026 wasn’t formulated around the India–US trade deal, but it was framed to keep India ready for it. The focus on infrastructure, capex, and long-term growth reflects India’s ongoing domestic strategy, not a reaction to bilateral negotiations,"" Manoranjan Sharma, Chief Economist at Infomerics Ratings, noted.
However, Sharma quickly added that these priorities also indirectly support trade talks by improving competitiveness, logistics, and policy credibility—key issues in India–US discussions.
""By avoiding deal-specific fiscal commitments, the Budget preserves negotiating flexibility while strengthening the economy regardless of whether a trade agreement materialises,"" said Sharma.
Disclaimer:This story is for educational purposes only. The views and recommendations expressed are those of individual analysts or broking firms, not Mint. We advise investors to consult with certified experts before making any investment decisions, as market conditions can change rapidly and circumstances may vary.
Oops! Looks like you have exceeded the limit to bookmark the image. Remove some to bookmark this image.",
18,livemint,markets,"Silver rate today: White metal crashes over  ₹1,50,000/kg in three sessions. Is it the right time to buy silver?","Silver rate today: In a special session on Sunday, February 1, the white metal plunged over 9% lower circuit, with the March contract plunging  ₹26,273 to  ₹2,65,652 per kilogram.",https://www.livemint.com/market/commodities/silver-rate-today-white-metal-crashes-over-1-50-000-kg-in-three-sessions-is-it-the-right-time-to-buy-silver-11769942045066.html,2026-02-01 11:18:32,"The MCX opened for trading for a special session on Sunday as Finance Minister Nirmala Sitharaman presented the Union Budget for the financial year 2026-27.
On Friday, the white metal had already tumbled₹1,07,968, or 27%, to settle at₹2,91,925 per kg, also touching the lower circuit. The steep decline followed Thursday’s record high of₹4,20,048 per kg.
According to market experts, the sharp drop in bullion prices is due to heavy unwinding of long positions amid heightened global market volatility and cautious investor sentiment ahead of the Union Budget presentation.
Structural long-term drivers—including central bank purchases, the erosion of fiat currency value, widening government fiscal deficits, and growing silver demand from EV, AI, and renewable energy industries—continue to remain in place.
Meanwhile, according to Prithviraj Kothari, Managing Director at RiddiSiddhi Bullions, the bullion industry had expected a cut in import duty on gold, GST rationalisation, export incentives and extended credit support.
“The Budget announced capital gains tax exemption on RBI Sovereign Gold Bonds, applicable only to original subscribers, not to secondary market buyers, while there were no announcements of any meaningful reduction in gold import duty or GST reforms,” Kothari said.
Ponmudi R, CEO of Enrich Money, believes that MCX Silver futures have seen an extreme volatility-driven reversal after posting record highs near₹4,20,000, followed by a near-vertical collapse toward₹2,65,000, confirming blow-off top behaviour.
“The breakdown invalidates the steep bullish channel, and signals panic unwinding of leveraged long positions. Momentum indicators have flipped from extreme overbought to oversold within a very short span, highlighting structural instability rather than a healthy correction. The₹2,60,000–₹2,55,000 zone is now a critical demand area; failure to hold may open bigger corrective risk. Any pullback toward₹3,00,000–₹3,10,000 is expected to attract selling pressure. The trend remains bearish-biased in the short term, with volatility expected to stay elevated,” Ponmudi said.
Meanwhile, Akshat Garg, Head Research & Product of Choice Wealth, said that this isn't a panic moment for investors.
“Gold and silver are portfolio hedges, not trading bets. If your allocation is sensible, staying put makes sense. If anything, staggered buying during corrections works better than chasing rallies. Volatility hurts emotions, not long-term plans,” Garg said.
Disclaimer:This story is for educational purposes only. Please consult with an investment advisor before making any investment decisions.
Oops! Looks like you have exceeded the limit to bookmark the image. Remove some to bookmark this image.",
19,livemint,markets,"Nifty 50, Sensex crash 2% on STT hike — Will this stock market correction be short lived? Explained","The Indian stock market experienced a sharp decline due to increased Securities Transaction Tax on derivatives, with a 1,547-point drop in the BSE Sensex. Analysts expect the market to recover quickly, focusing on fundamentals and macro stability rather than the immediate transaction cost impact.",https://www.livemint.com/market/stock-market-news/nifty-50-sensex-crash-2-on-stt-hike-will-this-stock-market-correction-be-short-lived-explained-11769939663426.html,2026-02-01 11:00:27,"She stated in her speech, ""I propose to raise the STT on Futures to 0.05% from the present 0.02%. STT on options premium and exercise of options are both proposed to be raised to 0.15% from the present rate of 0.1% and 0.125%, respectively,"" the FM said in her budget speech.
This means for every₹1 lakh worth of futures sold, traders will now pay₹20 as STT compared to the earlier₹12.50. Similarly, on a₹10,000 options contract sale, STT has risen to₹10 from₹6.25 earlier.
Jimeet Modi, Founder & CEO of SAMCO Group, believes the increase in Securities Transaction Tax on futures and options has deeper implications than it appears on the surface. He said, “On our India Budget Strength Index, this budget scores a 4/10 — essentially a defensive budget that preserves stability but misses a major growth and capital-market opportunity.”
He explained that while fiscal discipline remains intact, the higher STT weakens India’s global capital attractiveness by affecting market microstructure. According to him, higher derivatives costs could reduce volumes, which may spill over into lower cash market activity, thinner liquidity, and a higher liquidity premium demanded by global investors. Over time, this could influence valuation multiples, fundraising conditions, and capital allocation decisions.
Securities Transaction Tax (STT) is a tax levied on the purchase and sale of securities such as shares, futures, and options traded on recognised stock exchanges in India. Introduced to curb tax evasion and improve transparency, STT is collected at the time of each transaction and varies based on the type of trade and instrument. It directly increases the transaction cost for traders and investors, especially those active in derivatives, as the tax is charged on the traded value or premium, impacting overall post-tax returns.
The sharp reaction was largely driven by an immediate repricing of derivatives strategies rather than a deterioration in India’s macro or earnings outlook. Traders, arbitrageurs, and high-frequency participants were the first to unwind positions as transaction costs rose sharply. Analysts believe once this mechanical adjustment settles, markets are likely to refocus on fundamentals such as earnings visibility, fiscal prudence, and the record capex push outlined in the Budget.
The Budget’s macro framework continues to reassure long-term investors. With a fiscal deficit target of 4.3% for FY27 and a record₹12.2 lakh crore capital expenditure allocation, the government reinforced the ongoing investment cycle across infrastructure, capital goods, and manufacturing.
Market veterans also described the fall as a knee-jerk reaction rather than a structural shift.
Dhiraj Relli, MD & CEO, HDFC Securities, observed, ""The immediate correction appears to be a knee-jerk response. I remain confident that investors should maintain their market participation, focusing strategically on sectors with strong earnings visibility."" He pointed out that the finer details of the Budget contain multiple provisions that will become more apparent over time and collectively support sustainable growth through FY27, even if the enhanced STT regime creates short-term headwinds.
As the dust settles, experts expect the market narrative to shift back to earnings growth, government capex momentum, and macro stability. Historically, policy-led volatility has often been followed by recoveries once traders adjust to new cost structures and long-term investors reassert their focus on fundamentals.
With fiscal credibility intact, reforms in bond markets, improved foreign investment access, and continued infrastructure push, the broader equity story remains well supported. The immediate fall appears to be a reaction to higher transaction costs in derivatives rather than any change in India’s structural growth outlook, suggesting that the correction may indeed prove short lived.
Disclaimer: The views and recommendations made above are those of individual analysts or broking companies, and not of Mint. We advise investors to check with certified experts before making any investment decisions.
Oops! Looks like you have exceeded the limit to bookmark the image. Remove some to bookmark this image.",
20,livemint,markets,Investors see red as Budget offers little to celebrate. What went wrong?,"The BSE Sensex closed 1.9% lower at 80,722.94, while Nifty 50 fell 2% to 24,825.45. Losses intensified in the broader markets, with Nifty Smallcap 250 declining 1.7% and Nifty Midcap 100 dropping 1.6%.",https://www.livemint.com/market/stock-market-news/india-stock-market-union-budget-nirmala-sitharaman-11769936713327.html,2026-02-01 10:48:27,"India's benchmark stock indices slumped about 3% intraday, as finance minister Nirmala Sitharaman's decision to raise securities transaction tax (STT) on futures and options (F&O) trades spooked investors.
Higher-than-expected government borrowings for the next financial year starting 1 April also worried investors, as the move could spike interest costs for businesses and make sovereign debt more attractive than equities.
The BSE Sensex settled 1.9% lower at 80,722.94, while Nifty 50 fell 2% to 24,825.45, their lowest closing level since 30 September 2025. Losses intensified in the broader markets, with both Nifty Smallcap 250 and Nifty Midcap 100 declining over 2% each. BSE-listed companies saw their combined market capitalisation shrink by₹94,05,81.75 crore on Sunday.
Stocks of brokerage Angel One tumbled 11% after the hike in STT, while those of Motilal Oswal Financial Services and Anand Rathi slumped 4% each.
The budget speech had no real big surprises, as it continues the past policies. The focus on manufacturing like textiles, electronic manufacturing services (EMS), semiconductor and bio-pharma was very good. Increase in public capital expenditure, defence, railways & roads, was positive, Vikas Khemani, founder and chief investment officer of Carnelian Asset Management & Advisors, said.
However, the hike in STT should have been avoided altogether, especially at a time when the government is simultaneously trying to ease regulations to attract foreign capital, calling it “an avoidable surprise.”
The budget announced an outlay of₹40,000 crore for the EMS sector, buoying stocks of companies like Dixon Technologies, Syrma SGS Technology, and Kaynes Technology.
According to Feroze Azeez, joint chief executive officer (CEO) of Anand Rathi Wealth, “The increase in STT on F&O significantly raises transaction costs for derivatives traders, particularly impacting high-frequency traders, arbitragers and hedgers (thereby impacting their strategies)”.
This, according to him, could lead to lower derivative volumes and near-term volatility in the markets. While the move is positive from a government-revenue perspective, brokerage houses may see pressure on transaction-led earnings, and markets could face some immediate downside as participants adjust to higher costs, he explained.
“The hike in STT clearly does little to lift investor sentiment,"" Ashish Gupta, chief investment officer, Axis Mutual Fund, said.
“What may have unsettled markets,” Gupta said, “was the absence of any sector-specific stimulus”. On the positive side, he finds comfort in the government’s emphasis on capacity building, identifying long-term growth drivers and strengthening self-reliance in select areas.
The Indian government will gross borrow₹17.2 trillion in 2026-27, Sitharaman proposed in her budget speech, above most market estimates. A Reuters report noted that market participants had pencilled in gross borrowings in the range of₹16 trillion to₹17.5 trillion, with the median estimate of a Reuters poll of 35 economists at₹16.3 trillion.
Sitharaman proposed allowing foreign individuals to directly buy Indian stocks. The individual ownership limit may rise from 5% to 10%, while the overall cap could increase from 10% to 24%.
Market experts say the push to boost NRI/foreign individual participation is well-timed, especially amid weak foreign inflows. The relaxed rules under the Portfolio Investment Scheme could widen India’s pool of long-term foreign capital.
They explained that the higher limits will allow foreign investors to take more meaningful stakes in Indian companies. This could improve market efficiency, widen the shareholder base, and encourage stronger long-term participation in Indian equities.
“This is a welcome change as it materially expands the foreign capital pool available to Indian markets,” said Komal Dani, partner - tax practice, Trilegal.
“There was limited reason for cheer for retail consumers and investors,” said Nirav Karkera, head of research at Fisdom, a fintech wealth management platform.
Most of the measures announced in the budget are directed towards longer term resilience, but have caused near-term disappointment. Among others, the increase in STT has created the largest dent in sentiment, especially considering the absence of any form of break on the capital gains tax front, he said.
A key positive impact of the hike in STT could be a cooling of speculative participation in the F&O market, but the jury is still out on whether the benefits of this move will outweigh the costs, he remarked.
Another gap, in Khemani’s view, was the absence of any incentive for bank deposits at a time when the financial system is clearly grappling with sluggish deposit growth.
Nifty PSU Bank and Nifty Midsmall Financial Services emerged as the biggest drags among NSE sectoral indices on Sunday, tumbling 5.6% and 3.7%, respectively.
In contrast, pharma and healthcare stocks found strong tailwinds after the finance minister’s announcement to position India as a bio-pharma development hub. Nifty Pharma and the BSE Healthcare index climbed about 2% each. However, these indices ended the session in the red.
Textile counters, meanwhile, rallied 3–7%, as the Centre unveiled plans to set up mega textile parks to give a fresh impetus to the sector. However, similar to pharma space, textile stocks also witnessed profit booking towards the end of the session, with many settling in the red.
Textile stocks had a mixed day on the Street. KPR Mill settled 1.3% higher on the NSE on Sunday, Vardhman Textiles gained 4%, and Arvind jumped 6.3%. Gokaldas Exports stole the show with a 10.7% surge.
On the flip side, Cantabil Retail slipped 2.5% and Bombay Dyeing fell 2.1%, while Raymond Lifestyle tumbled 5%.
Railway-linked stocks also rose after the finance minister proposed developing seven high-speed rail corridors. Shipping stocks surged after the finance minister announced a ship-repair ecosystem along with incentives for seaplanes in the annual budget.
However, most of the railway and shopping stocks ended in the red as selling intensified in the broader market.
The markets are unlikely to fall sharply on Monday, after Sunday's post-budget sell-off, Khemani said.
Oops! Looks like you have exceeded the limit to bookmark the image. Remove some to bookmark this image.",
21,livemint,markets,"Cathie Wood says gold, not AI, is in a bubble — Here's why","Cathie Wood argues the current bubble is in gold, not AI, citing historical trends and the US dollar's strength. She warns of potential gold price peaks, indicating signs of a trend reversal linked to gold's market capitalisation relative to the US money supply.",https://www.livemint.com/market/commodities/cathie-wood-says-gold-not-ai-is-in-a-bubble-heres-why-11769941991963.html,2026-02-01 10:40:58,"According to her, a key warning signal comes from gold’s market capitalisation as a percentage of the US money supply (M2), which recently hit an all-time high.
The data shows this ratio has now surpassed its 1980 peak, a period marked by runaway inflation and interest rates soaring into the mid-teens. More shockingly, Wood pointed out that the gold-to-M2 ratio reached such levels during the Great Depression in 1934.
That era was defined by extraordinary economic stress. During that crisis, she said, the US government devalued the dollar against gold by nearly 70% in January 1934, banned private gold ownership, and the money supply collapsed.
Wood argued, “The US economy today looks nothing like the double-digit inflation-prone 1970s or the deflationary bust of the 1930s.”
While she highlighted that it's true that foreign central banks have gradually diversified away from the US dollar, she suggested that it has been happening for years. A World Gold Council report for Q4 of 2025 showed that central bank gold purchases remain historically elevated and geographically widespread but have slowed from their recent pace.
She further warned that parabolic asset moves and “out-of-this-world spikes” in asset prices tend to signal a trend reversal. ""While parabolic moves often take asset prices higher than most investors would think possible, the out-of-this-world spikes tend to occur at the end of a cycle,"" Wood said in her social media post.
Therefore, she said the bubble today is not in AI but in gold. Gold, on the other hand, appears vulnerable if the US dollar strengthens. She draws a historical parallel to the period between 1980 and 2000, when a rising dollar coincided with a more than 60% decline in gold prices.
Disclaimer: This story is for educational purposes only. The views and recommendations expressed are those of individual analysts or broking firms, not Mint. We advise investors to consult with certified experts before making any investment decisions.
Oops! Looks like you have exceeded the limit to bookmark the image. Remove some to bookmark this image.",
22,livemint,markets,"Budget 2026 to RBI MPC meeting, gold, silver prices: Top five triggers that may dictate Indian stock market this week","Stock market today: The Sensex plunged over 2,800 points from the day’s peak, while the Nifty 50 slid to 24,571.75 after the announcement of an increase in the STT",https://www.livemint.com/market/stock-market-news/budget-2026-to-rbi-mpc-meeting-gold-silver-rates-today-top-five-triggers-that-may-dictate-indian-stock-market-11769937985157.html,2026-02-01 10:32:19,"“The budget supports sectors affected by global trade tariffs and focuses on emerging areas of development, including data centers, GCC, semiconductors, biopharma, rare earth elements, and manufacturing. Additionally, it extends support to traditional sectors like textiles, aquaculture, and MSMEs, which have been impacted by global protectionist trade policies. Despite these measures, the market's reaction has been negative, primarily due to low expectations, limited outlays, and the negative bias created by the increased Securities Transaction Tax (STT) for futures, triggering a knee-jerk response,” said Vinod Nair, Head of Research, Geojit Investments Limited.
""The increase in STT and F&O-related costs could dampen trading volumes, putting near-term pressure on brokerages and exchanges that are heavily dependent on market activity. This may also lead to more cautious participation from retail traders, adding to short-term uncertainty.
The broader macro picture remains supportive. The Budget strikes a careful balance between growth and fiscal discipline, reinforcing the government’s commitment to capital expenditure without compromising on consolidation. This is constructive for the medium-term outlook, especially for banks and infrastructure companies,"" said Arora.
On February 1, Union Finance Minister Nirmala Sitharaman presented the Union Budget for the financial year 2026-27, announcing measures to accelerate economic growth while maintaining fiscal prudence.
“ The Union Budget 2026–27 on February 1 will remain the primary focus, with markets closely tracking fiscal discipline, capital expenditure priorities, and growth-oriented policy measures,” Mishra said.
The Reserve Bank of India (RBI) MPC will hold its upcoming monetary policy meeting (MPC) between February 4 and February 6, 2026. According to market experts, the RBI is likely to hold interest rates steady in the upcoming February meeting.
“For the Reserve Bank of India (RBI), which has already lowered the repo rate by 125 basis points since February 2025 to 5.25%, the Fed’s pause makes it less likely that the RBI will announce another cut in its upcoming February policy meeting,” said Seema Srivastava, Senior Research Analyst at SMC Global Securities.
As the earnings season heads into the fourth week, the market will witness xx companies reporting their financial results for the period ending on December 31, 2025, in the coming week.
Adani Enterprises, Bharti Airtel, Life Insurance Corporation of India (LIC), RVNL, and State Bank of India (SBI) are among the marquee companies to declare their Q3 earnings for 2026 next week.
“ A busy earnings calendar across sectors is likely to add to stock-specific volatility,” said Ajit Mishra of Religare Broking.
Gold and silver prices on the Multi Commodity Exchange of India (MCX) continued to decline on Sunday during a special trading session held in view of Budget 2026.
MCX gold April futures opened 0.48% lower at₹1,51,610 per 10 grams, compared with the previous close of₹1,52,345. Selling pressure intensified thereafter, dragging gold prices down by over 9%.
Similarly, MCX silver March futures fell sharply, opening lower by₹7,099, or 2.43%, at₹2,84,826 per kilogram versus the earlier close of₹2,91,925. The sell-off gathered momentum, with silver prices also sliding more than 9%.
Foreign investors (FIIs/FPIs) turned net sellers in Indian equities on January 29, offloading shares worth₹394 crore, as per provisional exchange data. In contrast, domestic institutional investors (DIIs) were net buyers, purchasing shares worth₹2,634 crore.
DIIs bought equities worth₹24,424 crore and sold₹21,785 crore during the session. Meanwhile, FIIs purchased shares valued at₹20,213 crore but sold holdings worth₹20,607 crore.
So far this year, FIIs have remained net sellers to the tune of₹43,682 crore, while DIIs have invested₹69,816 crore in the market.
“Sustained trading above the 25,350 level could pave the way for a further rebound towards the 25,600 zone. Conversely, a decisive break below the long-term moving average, the 200-DEMA near 25,150, may disrupt the recovery and drag the index towards the 24,750–24,900 support band,” he said.
Bank Nifty closed the week at 59,610, maintaining a constructive bias and helping the benchmark defend key support levels.
“On the upside, a decisive move above 60,300 could open the door for a rally towards the 61,000+ zone, while the 58,100–58,700 range is likely to act as a cushion during any profit-taking or corrective move,” Mishra added.
Disclaimer: This story is for educational purposes only. The views and recommendations above are those of individual analysts or broking companies, not Mint. We advise investors to check with certified experts before making any investment decisions.
Oops! Looks like you have exceeded the limit to bookmark the image. Remove some to bookmark this image.",
23,livemint,markets,STT hike on F&amp;O in Budget 2026: Income Tax Department issues clarification — ‘More than 500 times of GDP’,"Budget 2026: Presenting her ninth consecutive Budget on Sunday, 1 February, FM Nirmala Sitharaman proposed to hike the Securities Transaction Tax (STT) on futures and options (F&amp;amp;O) trading.",https://www.livemint.com/market/stock-market-news/stt-hike-on-f-and-o-in-budget-2026-income-tax-department-issues-clarification-more-than-500-times-of-gdp-11769939282413.html,2026-02-01 10:31:54,"Budget 2026 STT announcement:The Income Tax Department on Sunday clarified about the new STT rules on F&O announced by Finance Minister Nirmala Sitharaman in Budget 2026.
“I propose to raise the STT on Futures to 0.05% from present 0.02% options premium and exercise of options are both proposed to be raised to 0.15% from the present rate of 0.1% and 0.125% respectively,” she said during her Budget 2026 speech today.
Issuing a clarification, the income tax department said STT has been raised only on options and futures, and not other segments.
Giving the government's rationale behind the STT increase, the department said that the total volume of transaction in the F&O segment is a massive 500 times of the Indian GDP, which stands at₹300 lakh crore.
“Therefore there is justification for increase in rates to curb purely speculative activity in options and futures,” the income tax department said.
In the post-Budget press conference on Sunday, Revenue Secretary Arvind Shrivastava said that the STT hike on F&O trading is “intended to discourage speculative tendencies, handle systemic risk in derivatives market.”
Under the existing provisions of the Income Tax Act, 2025, and the STT framework of Finance (No. 2) Act, 2004, STT is levied on transactions in specified securities carried out through recognised stock exchanges. The current rates applicable to options in securities are 0.1% of the option premium on sale of an option and 0.125% of the intrinsic price on sale of an option when exercised.
Budget 2026 has revised the STT applicable to specified derivatives transactions carried out on recognised stock exchanges. The revised rates apply to the sale of options in securities, sale of options in securities where the option is exercised, and sale of futures in securities.
STT on futures contracts would be raised to 0.05% from 0.02%. STT on options premium and exercise of options will be raised to 0.15% from the present rate of 0.1% and 0.125% respectively.
The revised STT rates on F&O transactions will take effect from 1 April, 2026. The new rates will apply to derivatives transactions in securities entered into on or after that date, the Income Tax Department said.
Oops! Looks like you have exceeded the limit to bookmark the image. Remove some to bookmark this image.",
24,livemint,markets,‘Very negative for SGBs if…’: Deepak Shenoy reacts to new tax rules for Sovereign Gold Bond investors,Deepak Shenoy reacted to new tax rules for Sovereign Gold Bond (SGB) investors as the Union Budget 2026 announced a new set of rules for investors looking to buy from the secondary bond market. Here's what the ace investor said.,https://www.livemint.com/market/bonds/very-negative-for-sgbs-if-deepak-shenoy-reacts-to-new-tax-rules-for-sovereign-gold-bond-investors-11769935228194.html,2026-02-01 10:24:22,"The new taxation rules will be effective from 1 April 2026, according to the official announcement.
“Holy moly! If you buy SGBs in the market (not from primary issuance), you will pay full tax on capital gains when the bond is redeemed! This is from April 1, 2026. Very negative for SGBs if you have bought in the market,” said Deepak Shenoy in a social media post on X.
“It is proposed to provide that the exemption from capital gains tax in respect of Sovereign Gold Bonds shall be available only where such bonds are subscribed to by an individual at the time of original issue and are held continuously until redemption on maturity,” said FM Nirmala Sitharaman in her Union Budget 2026 speech.
Sitharaman also said that the proposed reform will be applicable to all SGBs issued by the Reserve Bank of India (RBI).
“It is also proposed to provide that this exemption applies uniformly to all issuances of Sovereign Gold Bonds by the Reserve Bank of India,” said Sitharaman in her parliament address.
Mintreported earlier that SGBs were designed to be 100% tax-free for individuals who subscribed to the issue and held for a period of five years or more while redeeming them through the RBI.
Disclaimer:This story is for educational purposes only. We advise investors to consult with certified experts before making any investment decisions, as market conditions can change rapidly and circumstances may vary.
Oops! Looks like you have exceeded the limit to bookmark the image. Remove some to bookmark this image.",
25,livemint,markets,"Top Gainers &amp; Losers on Budget: Hindustan Copper, MCX, Hindustan Zinc, Angel One, BSE, Indian Bank among top losers","The Indian stock market faced heavy selling on February 1, with metal stocks and PSU banks driving a decline. The Nifty 50 dropped nearly 2% to 24,825, while the S&amp;amp;P Sensex fell 2.17% to 80,484, marking significant losses across broader markets.",https://www.livemint.com/market/stock-market-news/top-gainers-losers-on-feb-01-hindustan-copper-mcx-hindustan-zinc-angel-one-bse-indian-bank-among-top-losers-11769940238196.html,2026-02-01 10:20:55,"The Indian stock market came under heavy selling pressure during a special trading session on Sunday, February 1, as metal stocks once again emerged as the major drag. PSU banks also joined the sell-off, causing key indices to snap their three-day gaining run.
The Nifty 50 slumped nearly 2% to the 24,825 level, marking its biggest intraday correction in recent times, while the S&P Sensex tanked 2.17% to 80,484. Broader markets witnessed even sharper losses, with the Nifty Midcap 100 plunging 2.24% and the Nifty Smallcap 100 index falling 2.73%.
Though the measures aim to curb speculative activity, some experts believe they could discourage foreign participation in the near term. Foreign investors, who have already remained net sellers, have withdrawn up to $22 billion since last January, a trend that has also pushed the Indian rupee to multiple record lows.
Apart from the STT hike, the government will tax buyback proceeds for all types of shareholders as capital gains, Sitharaman said.
Markets had expected the government to announce major reforms in response to higher US tariffs, but the measures fell short of expectations, further impacting sentiment.
Ponmudi R, CEO of Enrich Money, said, ""Initial optimism faded quickly as higher transaction costs driven by the increase in Securities Transaction Tax (STT) on equity derivatives—and the lack of strong measures to revive foreign capital inflows weighed on sentiment and near-term liquidity expectations.""
""While the Budget reaffirmed long-term intent through record infrastructure spending and a manufacturing push, the market response signalled near-term disappointment, with participants choosing to book profits and reassess risk amid fiscal and policy clarity gaps,"" he further added.
According to Trendlyne, over 120 stocks closed the special trading session with losses exceeding 3%.
In a broad-based sell-off, a few stocks bucked the trend, with Global Health emerging as the top gainer, rallying 6.3% to₹1,120 apiece. Tech and EMS stocks such as Anant Raj, Netweb Technologies, and Amber Enterprises gained 5.3%, 5.1%, and 5%, respectively.
Vardhman Textiles finished the session 4.6% higher at₹452.2 apiece. Other Nifty 500 constituents, including Action Construction, IFCI, Aegis Vopak Terminal, Bharti Hexacom, Aster DM Healthcare, Delhivery, Escorts Kubota, Affle, 3i Infotech, and Timken India, all surged over 3%.
Disclaimer:We advise investors to check with certified experts before making any investment decisions.
Oops! Looks like you have exceeded the limit to bookmark the image. Remove some to bookmark this image.",
26,livemint,markets,Gold-silver ratio slumps sharply below historical averages: Does it signal more pain ahead for silver prices? Explained,"Gold-silver ratio had hit 46 mark on Thursday, only to rebound to 57 amid the sharp reversal in silver prices. Analysts had warned that a gold-silver ratio below 50 levels signals that silver is no longer cheap.",https://www.livemint.com/market/commodities/goldsilver-ratio-slumps-sharply-below-historical-averages-does-it-signal-more-pain-ahead-for-silver-prices-explained-11769938970865.html,2026-02-01 09:51:04,"According to the data by The Conversation, silver's spectacular gain had come with 36% ""annualised volatility"", which measures how much a stock price varies over one year. This was nearly double that of gold's 20% volatility over the same period.
It measures the relative value between the two precious metals and is commonly used by investors to assess market conditions. A high ratio suggests gold may be overvalued relative to silver, while a low ratio may indicate silver is relatively expensive. During periods of market volatility, the ratio can help guide decisions on whether gold or silver may offer better value.
The gold-silver ratio remains significantly below the 10-year ratio averages close to 80:1.
""When it drops below 50:1, silver is no longer cheap. In previous cycles, a ratio this low has preceded a mean reversion where silver prices corrected significantly faster relative to gold,"" said a report by WhiteOak Capital Mutual Fund, and a trend which was already reflected in Friday's session.
Harshal Dasani, Business Head at INVasset PMS, said that the sub-50 levels in the gold-silver ratio are typically seen only during sharp silver outperformance phases, such as in 2011. This compression does not necessarily mean silver has become “expensive” in absolute terms, but it does indicate that a large part of the relative re-rating has already played out, he opined.
Silver’s higher volatility means that once the ratio compresses to these levels, incremental returns tend to become more uneven and drawdowns sharper, he added.
When precious metals like gold and silver start to rise, it is seen as a signal of poor macroeconomic wealth. WhiteOak Capital's report stated that when gold “talks”, it mainly signals geopolitical tensions, systemic risks inside or outside major global economies, and may portend currency devaluation because of the above risks.
But, it cautioned that when silver begins to ""scream"", outperforming gold with high velocity/parabolic moves, it often signals the final, speculative stage of a run; one that historically ends against investors’ best interests, the fund house cautioned.
For investors, the key takeaway is portfolio discipline rather than a binary call on metals, opined Dasani. From an asset-allocation perspective, it makes sense to trim some silver exposure and shift part of that allocation into gold that can help stabilise portfolios, as gold typically performs better in risk-off or consolidation phases, he added.
""The broader precious metals theme remains intact, but the risk–reward is now more balanced, calling for calibration rather than aggression,"" as per Dasani.
Sharing a sharp warning call for silver, Amit Goel of Pace 360 told Mint that silver price weakness is expected to continue as he sees silver at $50/oz (₹2 lakh) by the end of June 2026.
Disclaimer: This story is for educational purposes only. The views and recommendations expressed are those of individual analysts or broking firms, not Mint. We advise investors to consult with certified experts before making any investment decisions.
Oops! Looks like you have exceeded the limit to bookmark the image. Remove some to bookmark this image.",
27,livemint,markets,"Why did Wipro, TCS, Coforge and other tech stocks rally up to 4.6% despite stock market sell-off? Explained","Wipro, TCS, and LTI Mindtree saw significant gains on February 1, defying a broader market sell-off after a tax holiday announcement for foreign cloud service providers. The Nifty IT index rose 2%, signaling a potential end to its two-day decline.",https://www.livemint.com/market/stock-market-news/why-did-wipro-tcs-coforge-and-other-tech-stocks-rally-up-to-4-6-despite-stock-market-sell-off-explained-11769937235684.html,2026-02-01 09:50:55,"Tracking gains among heavyweights, the Nifty IT index jumped 2% to 38,833, and if the rally holds through the session, the index is set to snap its two-day losing streak.
The rally in tech stocks came after Union Finance Minister Nirmala Sitharaman announced a major boost to data centre infrastructure.
She also proposed providing a safe harbour of 15% on cost in cases where the company offering data centre services from India is a related entity.
India is rapidly building a robust AI computing and semiconductor infrastructure to support its expanding digital economy.
In March 2024, the Indian government approved the IndiaAI Mission with a budget outlay of₹104 billion, aimed at creating a public artificial intelligence compute infrastructure of over 10,000 graphics processing units (GPUs) through the public–private partnership route.
Sonam Srivastava, founder and fund manager at Wright Research PMS, says the focus on digital public infrastructure, data platforms, skilling, and compute access expands the addressable market for AI applications across government, BFSI, healthcare, and manufacturing.
According to Sonam Srivastava, large IT services companies such as TCS, Infosys, and HCLTech stand to benefit from rising enterprise AI adoption in automation, analytics, and cloud-led transformation, while mid-tier digital engineering firms gain from specialised AI deployment.
Sonam Srivastava further says the more important second-order effect is data creation. As capex, financial inclusion, and formalisation expand, Sonam Srivastava notes that data intensity across the economy rises, creating sustained demand for AI-driven optimisation. According to Sonam Srivastava, this positions India as an AI application and services hub rather than a frontier model developer.
In terms of market perspective, Srivastava says this translates into steady, compounding earnings opportunities rather than speculative spikes, aligning well with the risk profile of listed technology companies.
Disclaimer:We advise investors to check with certified experts before making any investment decisions.
Oops! Looks like you have exceeded the limit to bookmark the image. Remove some to bookmark this image.",
28,livemint,markets,Budget 2026: Auto sector left wanting,"The hope from the Union Budget 2026-27 was for a clear policy nudge, if not a shove, towards EVs, hybrids, and the broader automobile ecosystem.",https://www.livemint.com/market/mark-to-market/union-budget-auto-sector-expectations-financial-news-india-11769937259856.html,2026-02-01 09:40:54,"India’s automotive sector, which had been buoyed by exports and accelerated electric vehicle (EV) adoption, has recently hit one speed-breaker after another.
EVs lost some of their tax-edge over internal combustion engine (ICE) vehicles after the goods and services tax (GST) rates on the latter were rationalized; competitive pressures are set to intensify with the India-EU free trade agreement, and with global original equipment manufacturers (OEMs) sharpening their India playbooks; South Africa—a key export destination for Indian automobiles—is contemplating doubling import-duties to 50%; and raw material prices are on the rise as steel prices recover on the back of safeguard duties.
Against this backdrop, the hope was for a clear policy nudge, if not a shove, towards EVs, hybrids, and the broader automobile ecosystem. Hybrids continue to operate in a grey zone—neither fully incentivized, nor discouraged. In a market like India, where affordability still trumps ideology, clearing out that ambiguity matters.
The sector’s expectations can be grouped into three broad categories—a sharper fiscal incentive to offset EV price parity challenges post-GST rationalization, clear signalling on hybrids as a transition technology, and some recognition that increased import competition (especially from Europe) would require a faster domestic demand ramp-up. None of these found explicit mention.
But what the sector got instead was continuity. Production-linked incentive (PLI) outlays for automobiles and auto components were raised meaningfully to₹5,940 crore in FY27 BE (budget estimates), up from₹2,819 crore in FY26 BE, clearly signalling that localization and scale remain priorities. From a supply-side perspective, especially against the backdrop of recent production challenges due to China’s dominance on the supply chain, this is reassuring.
Of course, one could argue that the heavy lifting has already been done. EV penetration is rising, battery costs are easing, and charging infrastructure is expanding. The broader rise in transport and urban capex also provides indirect tailwinds to auto demand, and the manufacturing depth incentives should eventually support margins. But such indirect support makes for a slower, more market-led transition rather than a policy-accelerated one.
Oops! Looks like you have exceeded the limit to bookmark the image. Remove some to bookmark this image.
You are now subscribed to our newsletters. In case you can’t find any email from our side, please check the spam folder.",
29,livemint,markets,Not just F&amp;O traders: FM Sitharaman has disappointing news for Sovereign Gold Bond investors too!,"The Union Budget 2026 introduced new taxation rules for Sovereign Gold Bonds, increasing the burden on investors not part of the original issue, alongside setbacks for F&amp;amp;O traders in the stock market.",https://www.livemint.com/market/bonds/not-just-f-o-traders-income-tax-alert-fm-sitharaman-has-a-disappointing-news-for-sovereign-gold-bond-investors-too-11769936452281.html,2026-02-01 09:04:51,"According to the proposal announced in Budget 2026 by Finance Minister Nirmala Sitharaman, the capital gains tax exemption on SGBs will only be available to investors who subscribed to the original issue and held till maturity.
It is also proposed to provide that this exemption applies uniformly to all issuances of Sovereign Gold Bonds by the Reserve Bank of India, FM said.
For years, SGBs ranked among India’s most tax-efficient investments, offering 2.5% annual interest and full capital gains tax exemption at maturity.
Most tax experts argued that any individual holding an SGB at the time of redemption (maturity) was exempt from capital gains tax, regardless of whether they bought it from the government or the exchange.
But this is not true anymore. Applicable from April 1, the FM has announced that the capital gains tax exemption will only apply to those investors who bought the issue originally and held it at redemption.
If an investor bought the SGB from the secondary market, the exemption is no longer applicable. When redeemed at maturity, the SGB will attract a tax on capital gains made from April 1, 2026. Investors who bought SGBs from the exchanges and plan to hold them till maturity need to consider the said tax hit.
The tax on short-term capital gains is 20%, and on long-term capital gains is 12.5%.
Reacting to the development, Capitalmind CEO Deepak Shenoy said that this development will be ""very negative for SGBs if you have bought in the market"".
SGBs were introduced by the government to dissuade people of the country, one of the largest gold importers in the world, from investing in physical gold. The rally in gold prices over the past year has led to reports of the impressive gains which investors stand to make. Gold prices jumped 70% last year and gained 12% so far this month before the two-day crash.
Disclaimer: This story is for educational purposes only. The views and recommendations expressed are those of individual analysts or broking firms, not Mint. We advise investors to consult with certified experts before making any investment decisions.
Oops! Looks like you have exceeded the limit to bookmark the image. Remove some to bookmark this image.",
30,livemint,markets,Budget 2026: What may become cheaper and costlier in FY27? Full list inside,"Union Budget 2026: Overall, the focus on infrastructure, semiconductors, bio-pharma, and strategic manufacturing is a positive factor for the overall investment story of India and broadens the investment universe beyond a specific set of sectors.",https://www.livemint.com/market/stock-market-news/budget-2026-what-may-become-cheaper-and-dearer-in-fy27-full-list-inside-11769930649075.html,2026-02-01 09:02:59,"On the relief front, the government has proposed measures to reduce prices of leather products, cancer drugs and seafood by extending policy support, allowing duty-free imports and granting customs exemptions, with the objective of strengthening domestic industries while easing costs for patients and producers.
In contrast, trading activity and some corporate cash-distribution mechanisms are expected to turn more expensive due to proposed revisions to buyback taxation, the securities transaction tax (STT), and tax collected at source (TCS), indicating a stricter approach toward tax arbitrage and compliance.
Overall, the focus on infrastructure, semiconductors, bio-pharma, and strategic manufacturing is a positive factor for the overall investment story of India and broadens the investment universe beyond a specific set of sectors. Although increased transaction costs in specific sectors of the capital markets may affect trading sentiment, overall continuity and fiscal prudence would be much more important factors for long-term investors. We expect the capital markets to increasingly reward quality, balance sheet, and businesses that are structurally aligned with India’s growth themes,"" said Manish Jain, Managing Director & CEO, Bajaj Broking on Budget 2026.
Note: The list is made out of the budget presented in the Parliament, which is yet to be approved in both Lower and Upper Houses.
Oops! Looks like you have exceeded the limit to bookmark the image. Remove some to bookmark this image.",
31,livemint,markets,"Hindustan Zinc, NALCO to Hind Copper: Metal stocks crash up to 19% on MCX gold, silver price rout on Budget Day","Metal stocks faced significant selling pressure on January 30, following sharp declines in gold and silver prices. Companies like Hindustan Zinc and Vedanta reported steep losses, while the Nifty Metal index fell over 5%.&amp;nbsp;",https://www.livemint.com/market/stock-market-news/budget-2026-hindustan-zinc-nalco-to-hind-copper-metal-stocks-crash-up-to-19-on-fall-in-mcx-gold-price-silver-rate-11769935264687.html,2026-02-01 08:54:25,"Gold, Silver price today: Metal stocks came under intense selling pressure on Friday, January 30, mirroring the sharp correction seen in gold, silver, and other base metals. Shares of Hindustan Zinc Limited, Vedanta Limited, Hindustan Copper Limited, and National Aluminium Company Limited witnessed steep declines as weakening commodity prices hurt sentiment across the space. This marked the second straight session of losses for metal stocks after the crash in gold and silver prices.
The Nifty Metal index fell over 5%, emerging as the worst-performing sectoral index on the NSE. Over two trading sessions, the index has corrected by more than 10%.
Gold and silver prices extended their steep fall on Sunday, February 1, hitting the 9% lower circuit as investors rushed to book profits amid a global selloff triggered by a stronger US dollar. Sentiment was further dented after reports suggested that CME Group was increasing margins on Comex gold and silver futures. Traders also remained cautious ahead of the Union Budget 2026.
The selloff had accelerated on Friday, January 30. Silver prices plunged 19% to₹3.12 lakh per kg, while gold fell to₹1.65 lakh per 10 grams. This came immediately after silver had touched a record high of₹4,04,500 per kg on Thursday, before witnessing a sharp collapse the next day.
Commodity markets globally have remained volatile since US President Donald Trump nominated Kevin Warsh as the new Federal Reserve Chair. Market participants believe his leadership could strengthen the US dollar, reducing the appeal of safe-haven assets like gold and silver.
Although Warsh’s stance had appeared to soften in recent months, aligning with calls for lower interest rates, analysts believe he may revert to a stricter policy approach if inflationary pressures return.
Bloomberg also reported that CME Group was raising margins on Comex gold and silver futures following the steepest price declines in decades. Gold margins are set to increase to 8% from 6% for non-heightened risk profiles, and to 8.8% from 6.6% for heightened risk profiles.
Silver margins will rise to 15% from 11% for non-heightened risk profiles, while heightened risk profile margins will be raised to 16.5% from 12.1%. Margins on platinum and palladium futures are also set to be increased.
Oops! Looks like you have exceeded the limit to bookmark the image. Remove some to bookmark this image.",
32,livemint,markets,"STT increase in Budget 2026: What is STT in stock market and how it affects traders, FPIs?","STT increase in Budget 2026: In her Budget speech, Sitharaman proposed to increase STT by a massive 150% on futures transactions and by 50% on options transactions. The announcement shook Dalal Street, and Sensex crashed more than 2,000 points, while Nifty 50 slipped below 24,600 level intraday.",https://www.livemint.com/market/stock-market-news/stt-increase-in-budget-2026-what-is-stt-in-stock-market-and-how-it-affects-traders-fpis-11769934089309.html,2026-02-01 08:35:26,"As per the Budget proposal, STT on futures will be hiked to 0.05% from 0.02% at present, and STT on options transactions will be raised to 0.15% from 0.1% earlier.
“To provide reasonable course correction in the F&O segment in the capital market and generate additional revenues for the government, it is proposed to raise the STT on Futures to 0.05% from the present 0.02%. STT on options premium and exercise of options is proposed to be raised to 0.15% from the present rate of 0.1% and 0.125%, respectively,” said Nirmala Sitharaman in her Budget 2026 speech.
Here’s a look at what STT is and how it affects F&O traders and equity investors.
Securities Transaction Tax is a direct tax levied by the government on every purchase and sale of securities, such as equity shares, futures, and options, on recognised stock exchanges.
F&O traders face the steepest hit due to high volumes and thin margins. The STT hike raises transaction costs — e.g.,₹10,000 extra on₹1 crore futures turnover — eroding profits, curbing high-frequency trading, and forcing reduced leverage or fewer trades.
“The steep increase in STT on futures and options, coming on top of last year’s hike, is likely to raise impact costs for traders, hedgers, and arbitrageurs. This could cool derivative activity and lead to a reduction in volumes. The intent appears to be volume moderation rather than revenue maximisation, as any potential revenue gain could be offset by lower derivative volumes,” said Shripal Shah, MD & CEO, Kotak Securities.
Jimeet Modi, Founder and CEO of SAMCO Group, said the hike in securities transaction tax (STT) is not a minor technical adjustment but one that alters market microstructure.
“The impact chain is critical: higher STT on derivatives leads to lower derivatives volumes, which in turn dampens cash market activity, reduces overall liquidity, and raises the liquidity premium demanded by global investors. This ultimately increases India’s cost of capital and encourages a gradual reallocation of capital to competing markets such as the US, ASEAN economies and other emerging markets. At a time when India needs to deepen market liquidity and attract global flows, raising frictional trading costs sends a counterproductive signal,” Modi said.
He added that derivative markets are not merely speculative platforms but function as liquidity engines and risk-transfer mechanisms that underpin price discovery in the cash market. “Weakening this ecosystem can have second-order effects on valuation multiples, fundraising conditions and long-term capital formation,” he noted.
“While the Budget prioritises stability and protects the sovereign balance sheet, it underdelivers on strengthening India’s position as a globally competitive capital market. In essence, stability has been delivered, but market competitiveness has been compromised,” Modi said.
Analysts believe that the hike in STT for F&O transactions can negatively affect the flow of foreign portfolio investors (FPIs) who may tend to shift capital towards other emerging markets.
FPIs have remained net sellers in the Indian stock market, with equity outflows of over₹41,000 crore in January 2026 alone, reflecting global risk-off sentiment, elevated US bond yields, and currency pressures.
“In this context, a higher STT further reduces post-tax returns, making India relatively less competitive for short-term and derivative-oriented foreign flows. However, for long-only, fundamentally driven FPIs, the STT hike is unlikely to be a deal-breaker. Their investment decisions are more influenced by earnings visibility, currency stability, and policy predictability,” said Aakash Shah, Technical Research Analyst at Choice Equity Broking.
He added that at the margin, higher transaction costs could tilt some global allocators towards other Asian markets, especially at a time when India is already facing pressure from AI-led capital shifts to the US, Taiwan and Korea.
“Overall, while the STT hike may help boost tax collections, it risks dampening trading volumes and could slow tactical FPI participation. To meaningfully revive sustained FPI inflows, investors will be looking more closely at macro stability, rupee movement, and consistency in tax policy rather than just growth optics,” said Shah.
Disclaimer: The views and recommendations made above are those of individual analysts or broking companies, and not of Mint. We advise investors to check with certified experts before making any investment decisions.
Oops! Looks like you have exceeded the limit to bookmark the image. Remove some to bookmark this image.",
33,livemint,markets,"Budget 2026: E2E Networks, Anant Raj shares jump up to 14% as FM proposes tax holiday for data centre investments","Anant Raj shares rose 14% to  ₹576, while E2E Networks gained 10% to  ₹2,334 after the Union Budget announced tax incentives for data centers. The government aims to enhance digital infrastructure and AI capabilities in India with long-term tax benefits for cloud service providers.",https://www.livemint.com/market/stock-market-news/budget-2026-e2e-networks-share-price-jumps-10-as-fm-proposes-tax-holiday-for-data-centre-investments-11769931469894.html,2026-02-01 07:53:51,"In her Budget speech on February 1, Sitharaman said, ""Recognising the need to enable critical infrastructure and boost investment in data centres, I propose to provide a tax holiday till 2047 to any foreign company that provides cloud services to customers globally by using data centre services from India. It will, however, need to provide services to Indian customers through an Indian reseller entity.""
""I also propose to provide a safe harbour of 15 per cent on cost in case the company providing data centre services from India is a related entity,"" she further stated.
India is rapidly building a robust AI computing and semiconductor infrastructure to support its growing digital economy.
The Indian government, in March 2024, approved a comprehensive IndiaAI mission at a budget outlay of₹104 billion to create a public artificial intelligence (AI) compute infrastructure of over 10,000 graphic processing units, or GPUs, built through the public-private partnership route.
Further, it aims to design an AI marketplace to offer AI-as-a-service and pre-trained models to AI innovators and will also act as a one-stop solution for resources critical for AI innovation.
Mr Raju Vegesna, Chairman & Managing Director, Sify Technologies Ltd, said, ""The Union Budget for 2026-27 emphasizes accelerating India’s AI journey and strengthening the country’s data center infrastructure. This focus is timely and forward-looking. The Budget combines long-term tax incentives for cloud and data center investments with a broader push for digital infrastructure and innovation. It recognizes that high-quality computing capacity is now crucial to India’s growth, just like roads and power.""
""As a home-grown, AI-ready data center platform with a growing presence in India’s key digital hubs, we see these measures as a positive sign for sustained, cost-effective capacity creation,"" says Vegesna.
""They also promote deeper partnerships with hyperscalers and faster cloud adoption by enterprises. These initiatives will allow us to continue investing in energy-efficient, high-density infrastructure that supports India’s AI workloads, protects data sovereignty, and helps global and domestic customers run their most demanding applications in India,"" says Vegesna.
""Overall, the Budget supports a long-term, demand-driven vision for the country’s digital infrastructure sector, which aligns with our goal of building India’s trusted, large-scale colocation and AI infrastructure platform,"" added Vegesna
E2E Networks is an NSE-listed, MeitY-empanelled, AI-focused hyperscale cloud platform, offering advanced cloud GPUs and a full ecosystem of cloud technologies designed for the development and deployment of AI/ML/GenAI workloads on large-scale compute clusters.
According to Trendlyne shareholding data, Larsen & Toubro Limited held a 19% stake in the company at the end of the December quarter. The stock has delivered a massive 9,054% return over the last five years.
Disclaimer:We advise investors to check with certified experts before making any investment decisions.
Oops! Looks like you have exceeded the limit to bookmark the image. Remove some to bookmark this image.",
34,livemint,markets,"Bharat Dynamics, Data Patterns to BEL: Why defence stocks fell after Budget 2026 announcements?","Defence stocks fell on February 1 after no specific policy announcements in Budget 2026, despite a 15% budget increase to  ₹7.85 lakh crore for the sector, focusing on military preparedness and personnel welfare.",https://www.livemint.com/market/stock-market-news/bharat-dynamics-data-patterns-to-bel-why-defence-stocks-fell-after-budget-2026-announcements-11769931589161.html,2026-02-01 07:48:08,"Budget 2026: Defence stocks including Bharat Electronics, Mazagon Dock Shipbuilders, Hindustan Aeronautics, Bharat Dynamics, Apollo Micro, Data Patterns (India), and others declined on February 1 after Finance Minister Nirmala Sitharaman did not make any defence-specific policy announcement in her Budget 2026 speech.
However, the government allocated₹7.85 lakh crore to the defence sector in the Union Budget 2026, marking a 15% increase over the₹6.81 lakh crore provided in FY26. The higher allocation signalled continued emphasis on military preparedness, modernisation, and welfare of defence personnel.
As per Budget documents, the total outlay for the Ministry of Defence for FY27 includes defence services revenue expenditure, capital outlay, defence pensions, and civil establishments under the ministry.
In the previous Budget, the Centre had earmarked₹6.81 lakh crore for defence, making it one of the largest components of overall government spending.
“The higher allocation to defence underscores the government’s twin priorities of strategic preparedness and domestic capability-building. Beyond immediate security needs, capital-led defence spending has a powerful economic multiplier—supporting indigenous manufacturing, technology development and skilled employment. A sustained shift towards domestically sourced defence capital can strengthen India’s strategic autonomy while creating durable growth opportunities across the broader industrial ecosystem,” Varun Gupta, CEO, Groww Mutual Fund.
Ahead of the Budget, several brokerages had projected up to a 30% rise in the defence allocation, expecting a greater share to be directed toward domestic procurement, modernisation programmes, and research and development.
Shares across defence counters witnessed sharp declines, with Garden Reach Shipbuilders & Engineers plunging 14% to₹2,382.00, Data Patterns (India) dropping 13.5% to₹2,310.60, and Paras Defence and Space Technologies falling over 12% to an intraday low of₹625.05.
Other major names HAL, Cochin Shipyard, Mazagon Dock Shipbuilders, BEL, BEML, and Bharat Dynamics declined around 10% each, while MTAR Technologies slipped 6% and Apollo Micro Systems fell 5% during the session.
Disclaimer: The views and recommendations made above are those of individual analysts or broking companies, and not of Mint. We advise investors to check with certified experts before making any investment decisions.
Oops! Looks like you have exceeded the limit to bookmark the image. Remove some to bookmark this image.",
35,livemint,companies,Setback for Elon Musk as US judge signals xAI's trade theft allegations against OpenAI may get dismissed,"Elon Musk's xAI lawsuit against OpenAI may soon be dismissed as a federal judge tentatively supports OpenAI's request. xAI alleged unfair competition and trade secret theft, but the judge found their claims lacked plausibility. xAI may amend its claims if the case is dismissed.",https://www.livemint.com/companies/news/setback-for-elon-musk-as-us-judge-signals-xais-trade-theft-allegations-against-openai-may-get-dismissed-11769937109219.html,2026-02-01 09:54:29,"Elon Musk-led xAI's lawsuit against OpenAI may get dismissed soon after a federal judge signalled that her ‘tentative view’ is to grant the ChatGPT maker's request. xAI had alleged that OpenAI had waged a coordinated and unfair campaign against it by targeting its employees and using them to steal trade secrets related to the Grok chatbot.
As per a Reuters report, US District Judge Rita Lin has signalled an intent to grant OpenAI's motion to dismiss the xAI lawsuit, pending oral arguments on 3 February. The judge also stated that, tentatively, xAI would have the option to amend its claims if the case is dismissed.
Judge Lin, in her four-page filing, stated that xAI did not plausibly allege that OpenAI acquired or encouraged the theft of trade secrets, despite the allegations that a few former xAI employees downloaded Grok source code before leaving the company.
She also reportedly dismissed the unfair competition claim, stating that the startup's poaching charges “all focus on poaching in service of acquiring xAI’s trade secrets and do not identify any other reason why the hiring of those employees was anticompetitive.”
“OpenAI is not merely soliciting or hiring a competitor’s employees. OpenAI is waging a coordinated, unfair, and unlawful campaign,” xAI said in its lawsuit.
Notably, Musk had also sued OpenAI for moving away from its original mission in favour of profit seeking motive. The billionaire is also seeking around $134.5 billion in damages from OpenAI and Microsoft in the same  case.
Oops! Looks like you have exceeded the limit to bookmark the image. Remove some to bookmark this image.",
36,livemint,companies,"Market manipulation? Khaby Lame’s net worth soars to  ₹60,510 crore after historic deal; then, stock crashes 77%","Khaby Lame's Step Distinctive Limited was acquired by Rich Sparkle Holdings for $975 million, with the company transitioning to a platform-led model. The deal includes creating an AI version of Lame. His stake was valued at about $6.6 billion at one point.",https://www.livemint.com/companies/people/market-manipulation-khaby-lame-s-net-worth-soars-to-rs-60-510-crore-after-historic-deal-then-stock-crashes-77-11769924284535.html,2026-02-01 05:46:58,"Khaby Lame, famous for silent videos that cross language and cultural barriers, has struck gold. On 11 January, Rich Sparkle Holdings confirmed that it had completed a $975-million (nearly₹9,000-crore) deal to acquire Step Distinctive Limited, founded by the TikTok star. Rich Sparkle is a Hong Kong-based company listed in the US.
The deal also includes making an AI version of Khaby Lame using his face, voice and style. This digital version will create content in many languages. It will work across different time zones, helping him reach more people simultaneously.
According to SEC filings, Lame owned 49% of Step Distinctive Limited before the sale. Now, he has reportedly become a controlling shareholder of Rich Sparkle.
""This is not just an equity acquisition, but a revolution in the global content e-commerce model. We will perfectly combine Khaby Lame's global influence with the 'industrialized e-commerce operational capabilities',” Rich Sparkle said in a statement.
Khaby Lame has a combined global following of about 360 million. Rich Sparkle views Khaby as a rare creator who can drive value across markets worldwide since he doesn’t depend on language.
Soon after the deal news, Rich Sparkle’s share price surged by more than 650%, touching $180.64 on 15 January.
Then, Rich Sparkle’s share price crashed by 77%. As of 31 January, the stock is trading at $83.00. However, it is still well above its pre-deal price, which was around $24.
Rich Sparkle listed on Nasdaq only six months earlier, in July. It raised money by selling 1.25 million shares at $4 each. Its 2024 revenue was under $6 million.
The company’s sudden change in direction, sharp rise and steep fall to around $41 have raised “red flags” among critics.
“The whole thing just seems nuts,” Forbes quoted the founder of Chanos & Company as saying.
Cohen Milstein’s Laura Posner says, “I’ve only seen that kind of chart in a pump and dump scheme.”
There is uncertainty over whether the deal has formally closed, Forbes says. Rich Sparkle has not filed a confirmation with the US SEC after its announcement.
Legal experts say this raises serious questions. Some believe the valuation relies heavily on Lame’s TikTok popularity, sparking concerns over transparency and investor risk.
“It leaves a lot of questions to be answered. It appears that the valuation is predominantly based on Khaby Lame’s following on TikTok,” attorney Ron Geffner told Forbes.
Amid tighter immigration enforcement under President Donald Trump, Khaby Lame was detained by US immigration officials in Las Vegas for allegedly overstaying his visa.
US Immigration and Customs Enforcement (ICE) confirmed in June 2025 that Lame had been stopped at Harry Reid International Airport. He was later allowed to leave voluntarily without a deportation order.
A voluntary departure allows individuals to leave without a formal deportation record. That helps them avoid long-term re-entry bans.
The Senegalese-Italian citizen entered the US in April 2025 and stayed beyond the permitted visa period. He did not comment publicly on the incident.
Oops! Looks like you have exceeded the limit to bookmark the image. Remove some to bookmark this image.",
37,livemint,companies,Nvidia H-1B salary data emerges as AI boom fuels record pay for top talent - How much did they pay employees in 2025?,"Nvidia has greatly benefited from the AI boom, with its stock value soaring and market cap exceeding $4.6 trillion. Despite a small workforce, many employees have become millionaires due to stock appreciation. Nvidia pays competitive salaries across various roles, with large bonuses and equity.",https://www.livemint.com/companies/nvidia-h-1b-salary-data-emerges-as-ai-boom-fuels-record-pay-for-top-talent-how-much-did-they-pay-employees-in-2025-11769910937751.html,2026-02-01 02:13:39,"Although the company still employs a relatively low number of people (36,000), given its size and scale, its stock has appreciated in the last few years, turning a number of long-standing employees into multi-millionaires, according to Levels.fyi data quoted byBusiness Insider.
Although the company doesn't publicly disclose the salaries it pays its employees, this can be seen in work visa filings, which are publicly available. The company submits filings to the US Labor Department when sponsoring H-1B visas. The figures available reflect the base pay of their employees and not the bonuses and equity they receive, which form a considerable chunk of their pay packages.
Other Big Tech companies, such as Google, Meta, and Microsoft, are also paying similar amounts amid the AI boom. Here we take a look at the base salaries Nvidia pays across key positions, as per filings seen byBusiness Insider:
Oops! Looks like you have exceeded the limit to bookmark the image. Remove some to bookmark this image.",
38,livemint,companies,"Union, Marathon meeting as strike deadline looms for US refineries","USA-REFINERIES/LABOR-NEGOTIATIONS (PIX):Union, Marathon meeting as strike deadline looms for US refineries",https://www.livemint.com/companies/union-marathon-meeting-as-strike-deadline-looms-for-us-refineries-11769910285232.html,2026-02-01 01:44:44,"HOUSTON, - Negotiators for the United Steelworkers union and Marathon Petroleum continued to meet on Saturday, just hours ahead of a deadline for possible strikes at multiple U.S. refineries and chemical plants, the union said.
Late on Saturday afternoon, the union rejected an offer from Marathon, the lead negotiator for 26 U.S. refiners and chemical companies including Exxon Mobil, Chevron and Valero Energy. The offer would have provided a 13% increase in wages over a four-year contract, according to sources familiar with the talks.
""MPC continues to meet with representatives from the USW,"" said Marathon spokesperson Jamal Kheiry. ""We are committed to bargaining in good faith and to working toward a mutually satisfactory agreement.""
The pay increases in Marathon's proposal would have been for 3% in each of the first two years and 3.5% in each of the final two years of the agreement.
Sticking points for the talks are cost of living increases for the 30,000 oil industry workers represented by the USW, healthcare costs and standards for use of artificial intelligence in the plants, the sources said.
The USW is also pushing for tougher safety standards, but the sources said that seems to be a non-starter for Marathon.
""Marathon as a company thinks our industry is overpaid,"" said one of the sources, who asked not to be identified because they were not authorized to speak publicly. ""They’re not coming up much on economics. And to be honest, they’re not really addressing anything else in our proposal besides AI. And they’re not addressing it in a good way.""
The current four-year contract expires at 12:01 a.m. on Sunday, but that does not mean a strike will automatically begin at that time.
In past negotiations, the union has granted rolling 24-hour contract extensions to hammer out an agreement past expiration.
Workers will only walk off their jobs at plants where the union authorizes a strike.
At the start of the last nationwide strike in 2015, the USW called out workers at 11 refineries across the United States that employed 5,200 USW members. The refineries continued operating with temporary replacement workers.
The negotiations between the USW and Marathon are for a national pattern agreement that sets wages for the hourly union workers, healthcare costs, national agreements on safety and other issues.
Inside refinery operators make about $50 an hour after completing their probationary period.
The national agreement is combined with agreements on site-specific issues to create the contract for each plant.
Workers and the company settled local issues on Friday at Marathon's largest refinery, the 631,000 barrel-per-day Galveston Bay Refinery.
This article was generated from an automated news agency feed without modifications to text.
Oops! Looks like you have exceeded the limit to bookmark the image. Remove some to bookmark this image.",
39,livemint,companies,"From Elon Musk to the former Prince Andrew, a who’s who of powerful men are named in Epstein files","From Elon Musk to the former Prince Andrew, a who’s who of powerful men are named in Epstein files",https://www.livemint.com/companies/from-elon-musk-to-the-former-prince-andrew-a-who-s-who-of-powerful-men-are-named-in-epstein-files-11769904388790.html,2026-02-01 00:06:28,"Many have denied having close ties to the late financier, or at least having anything to do with his alleged sexual abuse of girls and young women that led to his arrest on sex trafficking charges.
Mountbatten-Windsor’s name appears at least several hundred times in Friday’s document release, including in Epstein’s private emails.
The billionaire Tesla founder turns up at least a few times in Friday’s document release, notably in email exchanges in 2012 and 2013 in which he discussed visiting Epstein’s infamous Caribbean island compound.
But it’s not immediately clear if the island visits took place. Spokespersons for Musk’s companies, Tesla and X, didn’t respond to emails seeking comment Friday or Saturday.
The New York Giants co-owner is mentioned more than 400 times in the files released Friday. Correspondence between the two shows Epstein offered to connect Tisch to numerous women over the years.
In one 2013 email exchange with the subject line “Ukrainian girl,” Epstein encouraged Tisch to contact a particular woman, whose physical beauty he praised in crude terms.
“We had a brief association where we exchanged emails about adult women, and in addition, we discussed movies, philanthropy and investments,” said Tisch, who also won an Academy Award in 1994 for producing “Forrest Gump.” “As we all know now, he was a terrible person and someone I deeply regret associating with.”
President Donald Trump’s commerce secretary visited Epstein’s private Caribbean island with his family on at least one occasion, records released Friday show.
That appears to contradict prior statements he’s made claiming he cut ties with the disgraced financier, who he’s called “gross,” decades ago.
But emails show Lutnick and his wife accepted an invitation to Little St. James in the U.S. Virgin Islands in December 2012 and planned to arrive by yacht with their children.
The former chairman of Newmark, a major commercial real estate firm, also had drinks on another occasion in 2011 with Epstein and corresponded with him about the construction of a building across the street from both of their homes.
The Commerce Department, in a statement, said Lutnick had “limited interactions with Mr. Epstein in the presence of his wife and has never been accused of wrongdoing.”
The billionaire Google co-founder made plans to meet with Epstein and his longtime confidant Ghislaine Maxwell at his townhouse in New York years before he was publicly accused of sexually abusing underage girls, emails show.
In one exchange in 2003, Maxwell invited him to join her at a screening of the Renee Zellweger film “Down with Love” in New York.
She followed up a few weeks later to invite him to a “happily casual and relaxed” dinner at Epstein’s house. Brin offered to bring along Google’s then-CEO Eric Schmidt.
Spokespersons for Google didn’t immediately respond to an email seeking comment Saturday.
The one-time adviser to Trump exchanged hundreds of friendly texts with Epstein, some sent months before his 2019 arrest and jailhouse suicide.
The two discussed politics, travel and a documentary Bannon was said to be planning that would help salvage Epstein’s reputation.
One 2018 exchange, for example, focused on Trump’s threats at the time to oust Federal Reserve Chairman Jerome Powell. In a 2019 message, Bannon asked Epstein if he could supply his plane to pick him up in Rome.
A national security adviser to the Slovakian prime minister, Lajcak resigned Saturday after his past communications with Epstein appeared in Friday’s document release.
Opposition parties and a nationalist partner in Fico’s governing coalition had called for him to step down.
Lajcak, a former Slovak foreign minister and a onetime president of the U.N. General Assembly, has not been accused of any wrongdoing, but was photographed meeting with Epstein in the years between his initial release from jail and his subsequent indictment in 2019 on sex trafficking charges.
Richard Branson, the billionaire founder of Virgin Group Limited, invited Epstein to his private island in 2013, telling him in an email: “Any time you’re in the area would love to see you. As long as you bring your harem!”
Besides discussing Epstein visiting Branson’s Necker Island, in the British Virgin Islands, the two exchanged messages about philanthropy, Epstein’s ideas for a “disruptive” financial system and a “social good currency.""
In one email, in 2011, Epstein said he offered Branson’s staff the use of his helicopter to transport an accident victim in the Virgin Islands.
In a Sept. 11, 2013 correspondence, Branson suggested Epstein could boost his public image if he could get Bill Gates to say “you’ve been a brilliant adviser to him, that you slipped up many years ago by sleeping with a 17 1/2 year old woman and were punished for it, that you’ve more than learnt your lesson and have done nothing that’s against the law since.”
A Branson spokesperson told the British news outlet the Independent that Branson’s “harem” comment referred to adult members of Epstein’s staff.
Branson later decided to sever ties with Epstein, the spokesperson said, after learning more about the “serious allegations” that had been made against him.
“Had they had the full picture and information, there would have been no contact whatsoever,” the spokesperson said.
This article was generated from an automated news agency feed without modifications to text.
Oops! Looks like you have exceeded the limit to bookmark the image. Remove some to bookmark this image.",
40,business_standard,world_news,"Winter storm, freezing cold grounds 2,100 flights, threatens citrus crops - Business Standard","<a href=""https://news.google.com/rss/articles/CBMi0gFBVV95cUxNTmgzLVptdktBSHh5OGpMRUFHRzh6THVBR0V3MzBEUlFJVUE0Ny1GX0VBZTBPSmE3eDV2elVkVENjanB2RDVWbFNFdl9JLXNocHRSRlF1YXZEYi1NY3QyTGdTd19uWExjYmp4V2hwM2c5aTdnMVYyOE5ha0JFNUQ1WWtoYldDcUNfeGt6UnhIUXBuZFJyYmFWV0VZbmxSWGJzUGZHYXU1QlVWcVFnMHdkNDFVNC15UjhFSXBmWkZIWDFpazhYVVBySGpESG9Eb1dUY3fSAdcBQVVfeXFMUDg0bVZza0hRS0h4eGowSVROTmZvX2NmRGc2dEl5N3FBSDBDRVVDelhiNFFMMG85T3p2ekJYalZKaFowaWRCLURQOV82dXg1cjg1RDhCV0lZblpuM1RUd3NyTkd0NGpReWt0UThaNmhmMkVhVEtlTU9ZV2ZiWDVEdW1UV3BSaERoVlVTenB6OEFuczBkNHhRMnhydDJEa1N6Ui1SVmwxbHU5QzFHbkVoa2t4TmJ6U2lMbFpsOVc1dF9NOVBZLXc1X09mWGxQLVFyMkM5ZENsaFk?oc=5"" target=""_blank"">Winter storm, freezing cold grounds 2,100 flights, threatens citrus crops</a>&nbsp;&nbsp;<font color=""#6f6f6f"">Business Standard</font>",https://news.google.com/rss/articles/CBMi0gFBVV95cUxNTmgzLVptdktBSHh5OGpMRUFHRzh6THVBR0V3MzBEUlFJVUE0Ny1GX0VBZTBPSmE3eDV2elVkVENjanB2RDVWbFNFdl9JLXNocHRSRlF1YXZEYi1NY3QyTGdTd19uWExjYmp4V2hwM2c5aTdnMVYyOE5ha0JFNUQ1WWtoYldDcUNfeGt6UnhIUXBuZFJyYmFWV0VZbmxSWGJzUGZHYXU1QlVWcVFnMHdkNDFVNC15UjhFSXBmWkZIWDFpazhYVVBySGpESG9Eb1dUY3fSAdcBQVVfeXFMUDg0bVZza0hRS0h4eGowSVROTmZvX2NmRGc2dEl5N3FBSDBDRVVDelhiNFFMMG85T3p2ekJYalZKaFowaWRCLURQOV82dXg1cjg1RDhCV0lZblpuM1RUd3NyTkd0NGpReWt0UThaNmhmMkVhVEtlTU9ZV2ZiWDVEdW1UV3BSaERoVlVTenB6OEFuczBkNHhRMnhydDJEa1N6Ui1SVmwxbHU5QzFHbkVoa2t4TmJ6U2lMbFpsOVc1dF9NOVBZLXc1X09mWGxQLVFyMkM5ZENsaFk?oc=5,2026-02-01 01:54:34,,
41,business_standard,technology,"Nvidia CEO Huang denies OpenAI friction, says 'huge investment' planned - Business Standard","<a href=""https://news.google.com/rss/articles/CBMi2wFBVV95cUxPaU1XQUNKZEdNcmEySEdXSEVhWG1oWVBLcVpuRUdCdmttVEowb2U0UTB5dzlvSUpHNVVHSVdtOU9uZFA3Vk5UajQ5Y0tLWGFEREVtY0ZLZU5hUDFoUzNpaFM5TzNKQkdnMGJkb0k3RmFnUjZfZXl5SVRmdVJER005VlJwZklaODhJamNOai1DanhadzVETkV6TFNiR2NqMXlJaVBNY0VLSk1PYVVaUEliakhuV0t1SmN6ZEo4VnY2VWpsYlFjVXRoaXFndHNzVHFBcEo2N25fV0dzZDjSAeABQVVfeXFMTlhlRnhlSzZwOXRhTUx2MlhJRW9QQnJsMFVsOHcwalpjRllCQUMyZ2RLV1JIZU1PSkV5WVYxQlZyelNmZzBYdGg5T3B4RUx1WE5PWDNSVFZudlpHU2VCeGNDQ2NsYXpIT01lZVVQZjRFZTZuZHNVUktfVlFMSnVBcU82SnBLY0RkZzZTVWV5d1BRRmhvUl9PQ2VOSGhRalJZdlVNRWpINmVZR3ZJVW04UnhaRzdieG5mNGN4ejE0R3ZobzZhVFY3ZGZRdENmQWo4cXVnRHFDanFWSDBXMmJoZC0?oc=5"" target=""_blank"">Nvidia CEO Huang denies OpenAI friction, says 'huge investment' planned</a>&nbsp;&nbsp;<font color=""#6f6f6f"">Business Standard</font>",https://news.google.com/rss/articles/CBMi2wFBVV95cUxPaU1XQUNKZEdNcmEySEdXSEVhWG1oWVBLcVpuRUdCdmttVEowb2U0UTB5dzlvSUpHNVVHSVdtOU9uZFA3Vk5UajQ5Y0tLWGFEREVtY0ZLZU5hUDFoUzNpaFM5TzNKQkdnMGJkb0k3RmFnUjZfZXl5SVRmdVJER005VlJwZklaODhJamNOai1DanhadzVETkV6TFNiR2NqMXlJaVBNY0VLSk1PYVVaUEliakhuV0t1SmN6ZEo4VnY2VWpsYlFjVXRoaXFndHNzVHFBcEo2N25fV0dzZDjSAeABQVVfeXFMTlhlRnhlSzZwOXRhTUx2MlhJRW9QQnJsMFVsOHcwalpjRllCQUMyZ2RLV1JIZU1PSkV5WVYxQlZyelNmZzBYdGg5T3B4RUx1WE5PWDNSVFZudlpHU2VCeGNDQ2NsYXpIT01lZVVQZjRFZTZuZHNVUktfVlFMSnVBcU82SnBLY0RkZzZTVWV5d1BRRmhvUl9PQ2VOSGhRalJZdlVNRWpINmVZR3ZJVW04UnhaRzdieG5mNGN4ejE0R3ZobzZhVFY3ZGZRdENmQWo4cXVnRHFDanFWSDBXMmJoZC0?oc=5,2026-02-01 06:05:39,,
42,business_standard,companies,"Hyundai Motors India's sales rise 11.5% to 73,137 units in January - Business Standard","<a href=""https://news.google.com/rss/articles/CBMizwFBVV95cUxPaDc4a0xFNDR4RFltbmpGcFRsajFNRE9MMDFxcmY2TW85ZEVOaFVZVHdFaVV0UW5LdlB1SUFQRlpYeV84alItb21TQWR2VkV3RVl5bFVUU2gyYW0xXzVJc252eFVxV0tIZlBFbFZJb0xyZXZrVGNodDQzeC1qTzZheFNQcjhGekh4MnNUd0pQSkRTcVphSXVoc2pSb2ZOaVBOc1pYTk8yYUloMjBuRE9MR05yWmIyM1hPRDVvTGl4Y3QxUkVVUmVIQ2tmbF8yTHfSAdQBQVVfeXFMTU1CSTFGUFdfTmtVM2taZ0pLQzg4cU1xQm1lZzNQLTBUQ0tRUExRVjJ2ay1HMGZkdDFjX0dqOXBIMXdaV0ttY2dLTC1oUjZJT2RtMlh0X01pbjdLWkNoUWxnRnZMalJpSWFqWTZ2bEJSTC1PcmVrZzZPbEo0UkhXR1JKWlBsWHV1NGZ4R1ZpdUxhVjQ3NkVCV3MyVU15Qk5xRjV6d2dDa1RCZDEzYXpqZjZIMDZYVkNuQ2ZYTEVQclhZUmxqYmVkR0pRdTZya2pILTNQNWo?oc=5"" target=""_blank"">Hyundai Motors India's sales rise 11.5% to 73,137 units in January</a>&nbsp;&nbsp;<font color=""#6f6f6f"">Business Standard</font>",https://news.google.com/rss/articles/CBMizwFBVV95cUxPaDc4a0xFNDR4RFltbmpGcFRsajFNRE9MMDFxcmY2TW85ZEVOaFVZVHdFaVV0UW5LdlB1SUFQRlpYeV84alItb21TQWR2VkV3RVl5bFVUU2gyYW0xXzVJc252eFVxV0tIZlBFbFZJb0xyZXZrVGNodDQzeC1qTzZheFNQcjhGekh4MnNUd0pQSkRTcVphSXVoc2pSb2ZOaVBOc1pYTk8yYUloMjBuRE9MR05yWmIyM1hPRDVvTGl4Y3QxUkVVUmVIQ2tmbF8yTHfSAdQBQVVfeXFMTU1CSTFGUFdfTmtVM2taZ0pLQzg4cU1xQm1lZzNQLTBUQ0tRUExRVjJ2ay1HMGZkdDFjX0dqOXBIMXdaV0ttY2dLTC1oUjZJT2RtMlh0X01pbjdLWkNoUWxnRnZMalJpSWFqWTZ2bEJSTC1PcmVrZzZPbEo0UkhXR1JKWlBsWHV1NGZ4R1ZpdUxhVjQ3NkVCV3MyVU15Qk5xRjV6d2dDa1RCZDEzYXpqZjZIMDZYVkNuQ2ZYTEVQclhZUmxqYmVkR0pRdTZya2pILTNQNWo?oc=5,2026-02-01 05:15:48,,
43,business_standard,markets,"Share Market Today | Latest Stock Market News, Sensex Today and Nifty Live Updates - Business Standard","<a href=""https://news.google.com/rss/articles/CBMisAFBVV95cUxNNkc5LXJJejZ1azdzbE1oeUVIMzFDckV4Y2RJNnUzLVRJNndlbDJzWG94LTlUOTg1MzJBZVAxanZKN2dsdl9ZSVBHbm5oUGVjYllJMDV1VThsQy1PLW9JZHUwMDgyVTA4TkwzS0Y2bXpaUWlYQk9KbFN3TXF4SzhxdjUwNVlHVFpaS2hKZXk3M2w4XzBySjk2Mm9tY3BiQXhjeC1ucUlaanU0Ti1TN3RJTQ?oc=5"" target=""_blank"">Share Market Today | Latest Stock Market News, Sensex Today and Nifty Live Updates</a>&nbsp;&nbsp;<font color=""#6f6f6f"">Business Standard</font>",https://news.google.com/rss/articles/CBMisAFBVV95cUxNNkc5LXJJejZ1azdzbE1oeUVIMzFDckV4Y2RJNnUzLVRJNndlbDJzWG94LTlUOTg1MzJBZVAxanZKN2dsdl9ZSVBHbm5oUGVjYllJMDV1VThsQy1PLW9JZHUwMDgyVTA4TkwzS0Y2bXpaUWlYQk9KbFN3TXF4SzhxdjUwNVlHVFpaS2hKZXk3M2w4XzBySjk2Mm9tY3BiQXhjeC1ucUlaanU0Ti1TN3RJTQ?oc=5,2026-01-31 23:54:00,,
44,business_standard,markets,"Stock Market Highlights: Sensex tanks 1,547 pts, Nifty ends at 24,825 as STT hike dampens mood - Business Standard","<a href=""https://news.google.com/rss/articles/CBMiiwJBVV95cUxQckRsOEJzVVgydkxJMEt2bFpzV0pKTG80NTRqZVlyOV9zT0FPUEk5dFd1SWh1LWwxWnRTVnVraS1wS3drYXlaU2dhbHpBQTVqV3VXeFgwZlRjTDl4Q0JrNnJuX2JEX3U2V2gyekNQLWxFM3NrZ0QtaHVZbjd6SXFtZDRKeWpDQzdBN1VUcEd0azY1Z25rcXVIVk5mNWNXME50SElORjBYb185M1NvZk1KclpleVFlZ2FUbVV2LW0xU2JDUlVTNU1wS3hOdy1PeWowbkhxNkxJMWwyZXFSbEdNdks0VWN3Tkgwal90MmpRc003Y3FjZFJOZEVfMjc1MERIZ0E4NDVtcGppR1XSAZACQVVfeXFMT1dnazY2a1BXSVZzVnRYRXVJME5xRENQblNIbmFWMDJRZncwNENTMFE4MjIwcy01Q0NVcWhJTHlIcDNJaWxoRGFqUkZJcVVuQ1YxN0VaNEhvUm52emJ4amU3NjVtcUhfM096YUZPYVhJSERtYlBQTkc5NlBZTHk3LTNiX0JPdnJBdjVMRElDRG5KT0hPRWZFc2JJZDlWcDNabEZxMk5hZzZBY0libTNQMmNDUFNSM1dBOElSLUZkZXhVT29YZWdhdUVqT012eWdRX0Q3d3pGU05nZk0xenJsdWtmRU9lUGxzc1laSnRSai1BbXFVbmQ3TlNfRHhaWmFFUEhQcFR6MEtxVFQ0MzZJZUY?oc=5"" target=""_blank"">Stock Market Highlights: Sensex tanks 1,547 pts, Nifty ends at 24,825 as STT hike dampens mood</a>&nbsp;&nbsp;<font color=""#6f6f6f"">Business Standard</font>",https://news.google.com/rss/articles/CBMiiwJBVV95cUxQckRsOEJzVVgydkxJMEt2bFpzV0pKTG80NTRqZVlyOV9zT0FPUEk5dFd1SWh1LWwxWnRTVnVraS1wS3drYXlaU2dhbHpBQTVqV3VXeFgwZlRjTDl4Q0JrNnJuX2JEX3U2V2gyekNQLWxFM3NrZ0QtaHVZbjd6SXFtZDRKeWpDQzdBN1VUcEd0azY1Z25rcXVIVk5mNWNXME50SElORjBYb185M1NvZk1KclpleVFlZ2FUbVV2LW0xU2JDUlVTNU1wS3hOdy1PeWowbkhxNkxJMWwyZXFSbEdNdks0VWN3Tkgwal90MmpRc003Y3FjZFJOZEVfMjc1MERIZ0E4NDVtcGppR1XSAZACQVVfeXFMT1dnazY2a1BXSVZzVnRYRXVJME5xRENQblNIbmFWMDJRZncwNENTMFE4MjIwcy01Q0NVcWhJTHlIcDNJaWxoRGFqUkZJcVVuQ1YxN0VaNEhvUm52emJ4amU3NjVtcUhfM096YUZPYVhJSERtYlBQTkc5NlBZTHk3LTNiX0JPdnJBdjVMRElDRG5KT0hPRWZFc2JJZDlWcDNabEZxMk5hZzZBY0libTNQMmNDUFNSM1dBOElSLUZkZXhVT29YZWdhdUVqT012eWdRX0Q3d3pGU05nZk0xenJsdWtmRU9lUGxzc1laSnRSai1BbXFVbmQ3TlNfRHhaWmFFUEhQcFR6MEtxVFQ0MzZJZUY?oc=5,2026-02-01 10:26:02,,
45,business_standard,budget,"Budget 2026: What to expect on fiscal deficit, defence and infrastructure - Business Standard","<a href=""https://news.google.com/rss/articles/CBMi0wFBVV95cUxOZHVQcXhQYkdCNlJQWFpyYXZUVUg1eEJJdlRldkoyRWVIQ2ZBbDRUNkd6eG5mREF4MVphbzhmbVJQV2JENnJ2UmZtdExxdmN4azdTWjRyUnpCX1A1TFdITjBiOGUyWUg0a3dUeVMxMkEwbVRLZVBRUHFKbE5UTW5WSEYyX09rMEk0OXZZZXotczRHNldGVU9uZ1ZzTFcwRS1qOGItZVlpSlVxOVN1RU9RT3BNWlZBSVE5ak1YOGlQY3llcm5MTEVhcVJ6QklfM0ZCQmN30gHYAUFVX3lxTFBHbGJ5d0tGU053a0R3bTItLTNUVWZGcXFsRW9sbTd0dXQyMVpyaE5kYk94TVJnTXJOeG00MzhxQ1hJR1NkMzRfSzEtOURQRlFGYTAwdXhsaUMxbVBqWElWUk9ZcU9abkpSOWY2ZTIzaVhJaVprRW1ZSTF4OUtmcVJTUXplUGlxNEQ0bk0wSjZBQ0tHcFdJNHdmQnVySXZ2bG9ZS2ZkcUxUX3lRYzlycTdrWFlfbVhLVnJpYTlFdFdVeWRoNmt4WjRVTW1OMnR5ckNqdTZ3UEZuMg?oc=5"" target=""_blank"">Budget 2026: What to expect on fiscal deficit, defence and infrastructure</a>&nbsp;&nbsp;<font color=""#6f6f6f"">Business Standard</font>",https://news.google.com/rss/articles/CBMi0wFBVV95cUxOZHVQcXhQYkdCNlJQWFpyYXZUVUg1eEJJdlRldkoyRWVIQ2ZBbDRUNkd6eG5mREF4MVphbzhmbVJQV2JENnJ2UmZtdExxdmN4azdTWjRyUnpCX1A1TFdITjBiOGUyWUg0a3dUeVMxMkEwbVRLZVBRUHFKbE5UTW5WSEYyX09rMEk0OXZZZXotczRHNldGVU9uZ1ZzTFcwRS1qOGItZVlpSlVxOVN1RU9RT3BNWlZBSVE5ak1YOGlQY3llcm5MTEVhcVJ6QklfM0ZCQmN30gHYAUFVX3lxTFBHbGJ5d0tGU053a0R3bTItLTNUVWZGcXFsRW9sbTd0dXQyMVpyaE5kYk94TVJnTXJOeG00MzhxQ1hJR1NkMzRfSzEtOURQRlFGYTAwdXhsaUMxbVBqWElWUk9ZcU9abkpSOWY2ZTIzaVhJaVprRW1ZSTF4OUtmcVJTUXplUGlxNEQ0bk0wSjZBQ0tHcFdJNHdmQnVySXZ2bG9ZS2ZkcUxUX3lRYzlycTdrWFlfbVhLVnJpYTlFdFdVeWRoNmt4WjRVTW1OMnR5ckNqdTZ3UEZuMg?oc=5,2026-02-01 01:23:39,,
46,business_standard,budget,Union Budget 2026-27 sharpens focus on manufacturing and MSMEs push - Business Standard,"<a href=""https://news.google.com/rss/articles/CBMizgFBVV95cUxNdFdrX2dlRzBZY3R1RkVxd2Vqd3pxczd1SmszWTVyVF92b3pRR1phNkJ1d05CRy1aT20yZjNRT1VxOXVickNCUUdVZ0FjOVV1UGZWUUI1UHRKZVhDVzhGMEZjREduMnJXbGU1SDVBWURjTVY0RzVPTV9UUnNDNHFrQ2tneGZ5dEszdUxVcElTUnZVbGF1RXlqeFowMHFqVkt0TzNqYUF5NjJMYndYa0ZpN0N4QjVhVlU4TXd6dGNISU5FVHJ0Y0NyTUNienlQQdIB0wFBVV95cUxOSTVYMldoU19wd0w0T3l3M2tiMVJmbldWQS01NmRqRjB0UDBiQUIwRVdUZ1dOdkJsN2N3NGxqNWk3UDAzMS1ILVVFMDdydXdCbE5YY1FBUTR2Z2JaM0ZQWUxFRnRFeURhOWpuQkpacWpZMlRYcTltMGxVYnk1Y3UtSjB3cjd5QzFLcThGdDVQTVpwRXN2TWxUNXA1WG5HRGlacmhiek16TDlRdnIzNHVjTkN5cFZ6RmZnQ2w3dHdfdENIdVhkZFliMWIwc3hxVldNaTZB?oc=5"" target=""_blank"">Union Budget 2026-27 sharpens focus on manufacturing and MSMEs push</a>&nbsp;&nbsp;<font color=""#6f6f6f"">Business Standard</font>",https://news.google.com/rss/articles/CBMizgFBVV95cUxNdFdrX2dlRzBZY3R1RkVxd2Vqd3pxczd1SmszWTVyVF92b3pRR1phNkJ1d05CRy1aT20yZjNRT1VxOXVickNCUUdVZ0FjOVV1UGZWUUI1UHRKZVhDVzhGMEZjREduMnJXbGU1SDVBWURjTVY0RzVPTV9UUnNDNHFrQ2tneGZ5dEszdUxVcElTUnZVbGF1RXlqeFowMHFqVkt0TzNqYUF5NjJMYndYa0ZpN0N4QjVhVlU4TXd6dGNISU5FVHJ0Y0NyTUNienlQQdIB0wFBVV95cUxOSTVYMldoU19wd0w0T3l3M2tiMVJmbldWQS01NmRqRjB0UDBiQUIwRVdUZ1dOdkJsN2N3NGxqNWk3UDAzMS1ILVVFMDdydXdCbE5YY1FBUTR2Z2JaM0ZQWUxFRnRFeURhOWpuQkpacWpZMlRYcTltMGxVYnk1Y3UtSjB3cjd5QzFLcThGdDVQTVpwRXN2TWxUNXA1WG5HRGlacmhiek16TDlRdnIzNHVjTkN5cFZ6RmZnQ2w3dHdfdENIdVhkZFliMWIwc3hxVldNaTZB?oc=5,2026-02-01 10:45:51,,
47,business_standard,budget,How midcap stocks moved: EY India analyses trends and key drivers - Business Standard,"<a href=""https://news.google.com/rss/articles/CBMiygFBVV95cUxNcFRZSkhXR19xYUQwb0xnRlhoTDlyYUxadm1ac3EzWnBWWW5BclhoNEF3NUkydHBldE9wbkI5X2NVaXdjNG91ek96SmdXN09QNHZCa0RKbVRXNW1OSjN5blNMVkQyU2E4eUt0NVItYmpfdG5paGpMVzVjbEJVendpRDkyVktPbnk3a0E0ZHRzYnBHLUVDUS1lWktZQnJ5Mmh1c09JQTBvaXpsc2JhRlNQMTdnaVpKbi0xYkU0WHFzbEdBUVZBVGxUT0x30gHPAUFVX3lxTFA5ZmNDSzVXSjIyVDhvUVVlRlp3NmVQVDFJUks1WTh1Sjc4UmxaLWhzZExHdVN5M3d2aGdnQUhvbk45Z1hqel9yeDh2YkpOR2JybHlDRkFYYjFZZk9ndFRCcjc0OGdTSnNKczkzVWxhVFdkLTF0ang0T2Jjd19qSEE1dERVakNXVjJXZDZmMldSNXlzODlwTk1idTk2a0hzWE9ZUGY2Q2hZOWxVdXFnRmtXUHJkbzFvb08yRWphZG1SeVFtRVFURjNkd2lpX0JKbw?oc=5"" target=""_blank"">How midcap stocks moved: EY India analyses trends and key drivers</a>&nbsp;&nbsp;<font color=""#6f6f6f"">Business Standard</font>",https://news.google.com/rss/articles/CBMiygFBVV95cUxNcFRZSkhXR19xYUQwb0xnRlhoTDlyYUxadm1ac3EzWnBWWW5BclhoNEF3NUkydHBldE9wbkI5X2NVaXdjNG91ek96SmdXN09QNHZCa0RKbVRXNW1OSjN5blNMVkQyU2E4eUt0NVItYmpfdG5paGpMVzVjbEJVendpRDkyVktPbnk3a0E0ZHRzYnBHLUVDUS1lWktZQnJ5Mmh1c09JQTBvaXpsc2JhRlNQMTdnaVpKbi0xYkU0WHFzbEdBUVZBVGxUT0x30gHPAUFVX3lxTFA5ZmNDSzVXSjIyVDhvUVVlRlp3NmVQVDFJUks1WTh1Sjc4UmxaLWhzZExHdVN5M3d2aGdnQUhvbk45Z1hqel9yeDh2YkpOR2JybHlDRkFYYjFZZk9ndFRCcjc0OGdTSnNKczkzVWxhVFdkLTF0ang0T2Jjd19qSEE1dERVakNXVjJXZDZmMldSNXlzODlwTk1idTk2a0hzWE9ZUGY2Q2hZOWxVdXFnRmtXUHJkbzFvb08yRWphZG1SeVFtRVFURjNkd2lpX0JKbw?oc=5,2026-02-01 17:15:11,,
48,business_standard,budget,Budget 2026: Towards a healthier India through strategic healthcare push - Business Standard,"<a href=""https://news.google.com/rss/articles/CBMi0wFBVV95cUxOOFhpU0pHQ2RqUUxEZ2pCYVpzN29fXzFvbDQtbFozMmEwVHByQXc4MmJfSUktaTllWWV6SmduNDZzM0ppaV9DX1laUWdjWVVSVnp5eWJIR1pPbmRybVYyWGJoZFc3SjBrbHBRMElrOFJYQzVnRGZpb0ttSktJMmRrbXdrenBLeUctclFVbDA5MXA2Xzc2Q2lmUFJyX1FsLUpnbWdIc2RibDZhQUhIa3pRVVBweWJlSXBWOGJpc2NlVmdNQWJINHhiTDlJQWNMZjdkcWFv0gHYAUFVX3lxTE5rYkpfcDVPNk5iSmtlZWppLThQTmw2N3ozV2VremZBSGlkNzZ0MVM1dDRfSHFjOWNDb0VnOEhYVjBFTmhvSUdhRWIwS0RCcHpiN3JQS2ZfV3N1d1M0M2xnbVlNcVdtTHcwTDIyS1VjWmkxZWJPYWc4TnhJWGJXamw0VlZrQWJFUmd6eDVUcDlJSW1zRGh4clpidjJ4WjBBeXVhaWtFakdRX1B0N1dDZ2NacEhZTGtmWGdabEdfQkRYZzVDR05WUTc5b1h3UHVLUUtEXzk3S2FlNA?oc=5"" target=""_blank"">Budget 2026: Towards a healthier India through strategic healthcare push</a>&nbsp;&nbsp;<font color=""#6f6f6f"">Business Standard</font>",https://news.google.com/rss/articles/CBMi0wFBVV95cUxOOFhpU0pHQ2RqUUxEZ2pCYVpzN29fXzFvbDQtbFozMmEwVHByQXc4MmJfSUktaTllWWV6SmduNDZzM0ppaV9DX1laUWdjWVVSVnp5eWJIR1pPbmRybVYyWGJoZFc3SjBrbHBRMElrOFJYQzVnRGZpb0ttSktJMmRrbXdrenBLeUctclFVbDA5MXA2Xzc2Q2lmUFJyX1FsLUpnbWdIc2RibDZhQUhIa3pRVVBweWJlSXBWOGJpc2NlVmdNQWJINHhiTDlJQWNMZjdkcWFv0gHYAUFVX3lxTE5rYkpfcDVPNk5iSmtlZWppLThQTmw2N3ozV2VremZBSGlkNzZ0MVM1dDRfSHFjOWNDb0VnOEhYVjBFTmhvSUdhRWIwS0RCcHpiN3JQS2ZfV3N1d1M0M2xnbVlNcVdtTHcwTDIyS1VjWmkxZWJPYWc4TnhJWGJXamw0VlZrQWJFUmd6eDVUcDlJSW1zRGh4clpidjJ4WjBBeXVhaWtFakdRX1B0N1dDZ2NacEhZTGtmWGdabEdfQkRYZzVDR05WUTc5b1h3UHVLUUtEXzk3S2FlNA?oc=5,2026-02-01 12:17:12,,
49,business_standard,budget,"TCS-TDS changes: TCS cuts on LRS, tour packages to ease upfront cash outgo - Business Standard","<a href=""https://news.google.com/rss/articles/CBMi1AFBVV95cUxNcWZHamNxek8wMXBJY1NUajh1Zkpqa21ubmpfNHY5VEtidXd4NEl4cnRXa3NnZ3JwV3pVaklxTVV0aXkyaTgzekUybkdMY1QzZ25Ld1pYQWt2OC05TkkwNUxpdGRXanpHdXYwRHZwTEpkSFpOSlBhN2J1ME9NMmdzaGNxbUpEOWM3OWxEOHh2SkVJTWZURGlOVFNpbUpjOWxERUFkREtsMUw0cTBLeVIzWkRJZmVab1dfMkNkNmUxcWVZZWh0Z0ZCTHVjcFg2dldTekVqONIB2gFBVV95cUxNS3BRSXlIbDY3WWtRRHhlOXl1d3Q3WDZkOHRPcVU0bVlHbVhTYnJlQ252bG90VUU5ZC1GUnloVUJ6QUVMSU9Db1ZIRC04Z3dEbzR2ZzkteWVMQXplTU9YVnpCX2UwUFJZU0tXbE9jOUF5TmlPa29DejJOM0RGeGRIVl9rWW5IQ3FEVFYzQlVIcjJyTzZBeF9UeDVjUTJxcmNiM2d2UkFqdzU4YXZtQTIzcmJpVmwxNTNZZ0trQ2pCSmVKc0Y5b25ReDNxNUkwVmJ4T0ZGSmxmbGZKQQ?oc=5"" target=""_blank"">TCS-TDS changes: TCS cuts on LRS, tour packages to ease upfront cash outgo</a>&nbsp;&nbsp;<font color=""#6f6f6f"">Business Standard</font>",https://news.google.com/rss/articles/CBMi1AFBVV95cUxNcWZHamNxek8wMXBJY1NUajh1Zkpqa21ubmpfNHY5VEtidXd4NEl4cnRXa3NnZ3JwV3pVaklxTVV0aXkyaTgzekUybkdMY1QzZ25Ld1pYQWt2OC05TkkwNUxpdGRXanpHdXYwRHZwTEpkSFpOSlBhN2J1ME9NMmdzaGNxbUpEOWM3OWxEOHh2SkVJTWZURGlOVFNpbUpjOWxERUFkREtsMUw0cTBLeVIzWkRJZmVab1dfMkNkNmUxcWVZZWh0Z0ZCTHVjcFg2dldTekVqONIB2gFBVV95cUxNS3BRSXlIbDY3WWtRRHhlOXl1d3Q3WDZkOHRPcVU0bVlHbVhTYnJlQ252bG90VUU5ZC1GUnloVUJ6QUVMSU9Db1ZIRC04Z3dEbzR2ZzkteWVMQXplTU9YVnpCX2UwUFJZU0tXbE9jOUF5TmlPa29DejJOM0RGeGRIVl9rWW5IQ3FEVFYzQlVIcjJyTzZBeF9UeDVjUTJxcmNiM2d2UkFqdzU4YXZtQTIzcmJpVmwxNTNZZ0trQ2pCSmVKc0Y5b25ReDNxNUkwVmJ4T0ZGSmxmbGZKQQ?oc=5,2026-02-01 12:48:59,,
50,business_standard,budget,Budget 2026-27: Manufacturing gets a boost; check sector-wise allocations - Business Standard,"<a href=""https://news.google.com/rss/articles/CBMiyAFBVV95cUxPcmJkdGljSFpkTVB0VGkzbDZwaVp1WV9FQ3ZhYlZkdV8xbDVDUG44dW44MkpIMVktQ09rUmw1WTdBZFdncnVTUEtrM0NrdGZtQjgyaG02X0FMV1lIYVNYanpzRjVGa3FGa2JzOTlIdzhyR3JYRHB0UHRoZkprQk9ubERpb2p5Z1lpcmhUWWs4MEt3U2pteUY0WUliQ2dEWUVHRVhoOUYyNVpJR0RzcWE4TmFJSEhyd01MZW9hTGZNemdVblFVanozRtIBzgFBVV95cUxNQUNxaE1KaklTOGVXRE81cEd1ZkNlc0x6b19qdG1aVWY1dFVDVm9sX2VDS25ZYWdJd0VhdmlqUlZpUUhHelA4MEZIUjZpQ2hGU1NDNE1xYkpjalJYWnQzdlBsUHctZ1JkNDNBWFlxbTA3ZnpEdF8zaFZaZXBZSlNsV0I1c1lpb1FfeWFReVZTeTJBRUxMekZEVURWQ0Nwc01PY2FXZjNLUVk2ZHBUaXZ1c3A3MXJYZDVQdGY3V3gxVXlpdkFjcTRDMVJUTlU1QQ?oc=5"" target=""_blank"">Budget 2026-27: Manufacturing gets a boost; check sector-wise allocations</a>&nbsp;&nbsp;<font color=""#6f6f6f"">Business Standard</font>",https://news.google.com/rss/articles/CBMiyAFBVV95cUxPcmJkdGljSFpkTVB0VGkzbDZwaVp1WV9FQ3ZhYlZkdV8xbDVDUG44dW44MkpIMVktQ09rUmw1WTdBZFdncnVTUEtrM0NrdGZtQjgyaG02X0FMV1lIYVNYanpzRjVGa3FGa2JzOTlIdzhyR3JYRHB0UHRoZkprQk9ubERpb2p5Z1lpcmhUWWs4MEt3U2pteUY0WUliQ2dEWUVHRVhoOUYyNVpJR0RzcWE4TmFJSEhyd01MZW9hTGZNemdVblFVanozRtIBzgFBVV95cUxNQUNxaE1KaklTOGVXRE81cEd1ZkNlc0x6b19qdG1aVWY1dFVDVm9sX2VDS25ZYWdJd0VhdmlqUlZpUUhHelA4MEZIUjZpQ2hGU1NDNE1xYkpjalJYWnQzdlBsUHctZ1JkNDNBWFlxbTA3ZnpEdF8zaFZaZXBZSlNsV0I1c1lpb1FfeWFReVZTeTJBRUxMekZEVURWQ0Nwc01PY2FXZjNLUVk2ZHBUaXZ1c3A3MXJYZDVQdGY3V3gxVXlpdkFjcTRDMVJUTlU1QQ?oc=5,2026-02-01 09:46:10,,
51,business_standard,budget,"Budget 2026: Skilling, education tied to jobs push in services, new economy - Business Standard","<a href=""https://news.google.com/rss/articles/CBMiwwFBVV95cUxQRllVbHFPTVdMNWJVSVB0dUxTUzNYUFJucWVBeXlmU1RJUFlnbUlFclVtcFJJRzFWU3dtWjFnWU5ZNzk5V0VCY0Fuc3Z4anJmNTVIb2plbHh6WjNEUndIME9pZWpYZFRPVVpSYjFjT3daTFJZaUZibmtHeHpWTm1OaTBRSjJNT0Z6UEVXSlhxbEdpLWhtSC1WRTlWcXlBbXVmb3AwU0p4dS1wRWQ1UXlGcTJzSEFnMFJ3WmwwajRtU0lhNDTSAcgBQVVfeXFMTy1iMWRFYjhuYTU3WVZfUDQyNWU3T002YmpCUFRCdEJNbThILVl4dGFza3lFcTNUMTNhbjJCQXB1dVF2dDVsbVJPcFNENDJWdFdrSmoxSUxCYzZ2Z1dWTmFveDQzbkNSQ0Vxd2NQTURCS3k0alRmUUt4LW1TUE4tVEM5ZGh4VnFSY0JyZTVlRFV5YnEyNzlkSWN4WGJzN0JaeVFPZDlxQTdvZXlUNjRFUW5QVTZNYUxWc0ZqcHdKU1h4YUNrVkxlYnk?oc=5"" target=""_blank"">Budget 2026: Skilling, education tied to jobs push in services, new economy</a>&nbsp;&nbsp;<font color=""#6f6f6f"">Business Standard</font>",https://news.google.com/rss/articles/CBMiwwFBVV95cUxQRllVbHFPTVdMNWJVSVB0dUxTUzNYUFJucWVBeXlmU1RJUFlnbUlFclVtcFJJRzFWU3dtWjFnWU5ZNzk5V0VCY0Fuc3Z4anJmNTVIb2plbHh6WjNEUndIME9pZWpYZFRPVVpSYjFjT3daTFJZaUZibmtHeHpWTm1OaTBRSjJNT0Z6UEVXSlhxbEdpLWhtSC1WRTlWcXlBbXVmb3AwU0p4dS1wRWQ1UXlGcTJzSEFnMFJ3WmwwajRtU0lhNDTSAcgBQVVfeXFMTy1iMWRFYjhuYTU3WVZfUDQyNWU3T002YmpCUFRCdEJNbThILVl4dGFza3lFcTNUMTNhbjJCQXB1dVF2dDVsbVJPcFNENDJWdFdrSmoxSUxCYzZ2Z1dWTmFveDQzbkNSQ0Vxd2NQTURCS3k0alRmUUt4LW1TUE4tVEM5ZGh4VnFSY0JyZTVlRFV5YnEyNzlkSWN4WGJzN0JaeVFPZDlxQTdvZXlUNjRFUW5QVTZNYUxWc0ZqcHdKU1h4YUNrVkxlYnk?oc=5,2026-02-01 14:25:49,,
52,business_standard,budget,Financial Services to Auto: How the Budget 2026-27 affects key sectors - Business Standard,"<a href=""https://news.google.com/rss/articles/CBMi0AFBVV95cUxNY1B5RGZvZ3REb1M5N016WTVvMnlhWDY3dzVhaDJKTEZJR05SdnNrNUpDaTd2LW80OVVNdHl4Rk9pa2tnVW5QZi03X19pTXgwc05IMDdWclhsUUthd0xEaGNXYmk4XzF2a2NPUUQxWGJVMVBIcXdLTGxWbFZnNUNIbEdORlg1N3VyQm92eHhSRUVkVExaUWRtOXplZS01c0ZkSEszRnVZMUF1Zjc2a3FPY2hKNV90ZDNPOGtZeVQ4Yml6RXpyRW5qeVlQMDl1U1B00gHWAUFVX3lxTE1JZ0dBWDQwS3Y5d3ZaMmtxSUdtam1TV19OTF84emFGbm9QV1h2SmcxSjBHaExFQzdqVUdGbG83aTBQOGxWY2hVeURIYVdSQ3lDLW4wRzJLLVlXU253MGlTdjB4YXZNWVRaSWY2REpMSGFCTVlmU2d0MWotSmlVeEEzRkNNLWpPT3NnWjVUSmZNbEVGVnZXRnBZMmh0eklWd1U0M0lBTzVISUZFNlNBRWNxcHozMXFWU09VOXJfVkhiejU0Tm50SElOcF9COG9lUWxtYjhOUkE?oc=5"" target=""_blank"">Financial Services to Auto: How the Budget 2026-27 affects key sectors</a>&nbsp;&nbsp;<font color=""#6f6f6f"">Business Standard</font>",https://news.google.com/rss/articles/CBMi0AFBVV95cUxNY1B5RGZvZ3REb1M5N016WTVvMnlhWDY3dzVhaDJKTEZJR05SdnNrNUpDaTd2LW80OVVNdHl4Rk9pa2tnVW5QZi03X19pTXgwc05IMDdWclhsUUthd0xEaGNXYmk4XzF2a2NPUUQxWGJVMVBIcXdLTGxWbFZnNUNIbEdORlg1N3VyQm92eHhSRUVkVExaUWRtOXplZS01c0ZkSEszRnVZMUF1Zjc2a3FPY2hKNV90ZDNPOGtZeVQ4Yml6RXpyRW5qeVlQMDl1U1B00gHWAUFVX3lxTE1JZ0dBWDQwS3Y5d3ZaMmtxSUdtam1TV19OTF84emFGbm9QV1h2SmcxSjBHaExFQzdqVUdGbG83aTBQOGxWY2hVeURIYVdSQ3lDLW4wRzJLLVlXU253MGlTdjB4YXZNWVRaSWY2REpMSGFCTVlmU2d0MWotSmlVeEEzRkNNLWpPT3NnWjVUSmZNbEVGVnZXRnBZMmh0eklWd1U0M0lBTzVISUZFNlNBRWNxcHozMXFWU09VOXJfVkhiejU0Tm50SElOcF9COG9lUWxtYjhOUkE?oc=5,2026-02-01 17:31:01,,
53,business_standard,budget,Budget 2026: Biopharma Shakti plan aims to make India a biologics hub - Business Standard,"<a href=""https://news.google.com/rss/articles/CBMizwFBVV95cUxOZlowMktrZW01NXlyWGtRZE1qc3lacGY5MVhINGxzVnJJSXlJYVBIS2RvSzJld3RRQjBOT2ZsQkxtWEhuX25ucGFxNnY3RnlXNXMzcGdnUU13NjJwbVlCcHRyOGpZQ0pZR2lINll4RXA4OGN2WmNDX3VRRjl2VWNaazY4cFVROGRPMDBENndfN1dPbGJzeTdWajdVS185UmJsN3Z5ZDk0U19rMlNFZ05ReVhBLUxlUVpzeHdHLTNRZEZ5N3Mzc0JhbU9qM1F2ZzjSAdQBQVVfeXFMTWJNRDBMd0tGdnZlZ0FYYy1FTkVYVGNtVTVDQldrT1R5VWRlYl9MdDRJVnBZcmhQR1RFT2xaYjUxVGxKcXdjU0NaR1lNcHFDaU5vOEVrODZ1bXhScGVQeHlCcnh6SjBGWm9NUmdJZkhvc3pqSzBMdE9wUXhZVHY2dWZidUhqOTdtQzJoUkVfcG50QjdxaHYtVzNBTmNOcWRSMUl5a3p3VFh2N3dORElsY2hpaUtfMVF2bG9UWjJQc0tTelBDS2M2dkphdkNQY195STVEY0o?oc=5"" target=""_blank"">Budget 2026: Biopharma Shakti plan aims to make India a biologics hub</a>&nbsp;&nbsp;<font color=""#6f6f6f"">Business Standard</font>",https://news.google.com/rss/articles/CBMizwFBVV95cUxOZlowMktrZW01NXlyWGtRZE1qc3lacGY5MVhINGxzVnJJSXlJYVBIS2RvSzJld3RRQjBOT2ZsQkxtWEhuX25ucGFxNnY3RnlXNXMzcGdnUU13NjJwbVlCcHRyOGpZQ0pZR2lINll4RXA4OGN2WmNDX3VRRjl2VWNaazY4cFVROGRPMDBENndfN1dPbGJzeTdWajdVS185UmJsN3Z5ZDk0U19rMlNFZ05ReVhBLUxlUVpzeHdHLTNRZEZ5N3Mzc0JhbU9qM1F2ZzjSAdQBQVVfeXFMTWJNRDBMd0tGdnZlZ0FYYy1FTkVYVGNtVTVDQldrT1R5VWRlYl9MdDRJVnBZcmhQR1RFT2xaYjUxVGxKcXdjU0NaR1lNcHFDaU5vOEVrODZ1bXhScGVQeHlCcnh6SjBGWm9NUmdJZkhvc3pqSzBMdE9wUXhZVHY2dWZidUhqOTdtQzJoUkVfcG50QjdxaHYtVzNBTmNOcWRSMUl5a3p3VFh2N3dORElsY2hpaUtfMVF2bG9UWjJQc0tTelBDS2M2dkphdkNQY195STVEY0o?oc=5,2026-02-01 06:09:29,,
54,business_standard,budget,Budget 2026: G-Sec yields may harden on higher-than-expected FY27 borrowing - Business Standard,"<a href=""https://news.google.com/rss/articles/CBMiswFBVV95cUxQSVVyaTdqOEVyMzk3Q3BReHo0cGczUndUSmVhTjRZQlFIMTF1RjNvZUxvanhMV2JCQWZVVEhwTnFEQTNmZkZQZXhaZ0xQelhhbFZiLXAtRmNoSXNsSkUtTTRraVVxay11c1dQV2lvNkJzSVZVU1pJOGZvV0JHNnBxSDM1alF3WksxZTJyV2lyRThnRUFWNGtvYzRLNTRGTWo3Z3pndGtTWG1qaWJuOHlDYkZqY9IBuAFBVV95cUxOeXI1eHlaaG9lRlE3ZHZoYW9HWEpLLU5ZLTRwcXg0QXNVU3lUdHVuaG1jX2d5dk0zaER0RWNUVXN5dmxZN3lUM2Y2Ty0wMmVqSS15ZFllWWlWSnZjQ0F6VkN0Z3RzXzBsSUZWaTVCRV9Qc0lVTUt6elM0bkhTME5TVVQwdTJKeUVxNG0tbGl2RzV5TFFxdU9sbGluc1R6ZFo1bVREZHZJSkpXMkZCXzZCTFI1aEpFb1g2?oc=5"" target=""_blank"">Budget 2026: G-Sec yields may harden on higher-than-expected FY27 borrowing</a>&nbsp;&nbsp;<font color=""#6f6f6f"">Business Standard</font>",https://news.google.com/rss/articles/CBMiswFBVV95cUxQSVVyaTdqOEVyMzk3Q3BReHo0cGczUndUSmVhTjRZQlFIMTF1RjNvZUxvanhMV2JCQWZVVEhwTnFEQTNmZkZQZXhaZ0xQelhhbFZiLXAtRmNoSXNsSkUtTTRraVVxay11c1dQV2lvNkJzSVZVU1pJOGZvV0JHNnBxSDM1alF3WksxZTJyV2lyRThnRUFWNGtvYzRLNTRGTWo3Z3pndGtTWG1qaWJuOHlDYkZqY9IBuAFBVV95cUxOeXI1eHlaaG9lRlE3ZHZoYW9HWEpLLU5ZLTRwcXg0QXNVU3lUdHVuaG1jX2d5dk0zaER0RWNUVXN5dmxZN3lUM2Y2Ty0wMmVqSS15ZFllWWlWSnZjQ0F6VkN0Z3RzXzBsSUZWaTVCRV9Qc0lVTUt6elM0bkhTME5TVVQwdTJKeUVxNG0tbGl2RzV5TFFxdU9sbGluc1R6ZFo1bVREZHZJSkpXMkZCXzZCTFI1aEpFb1g2?oc=5,2026-02-01 13:14:39,,
55,business_standard,budget,How Trump tariffs shaped FM Sitharaman's manufacturing push in Budget 2026 - Business Standard,"<a href=""https://news.google.com/rss/articles/CBMi0wFBVV95cUxOQXBaVENhYzFNZHdpOGZWT3V3RTg0cnZlRlRZQWhmeU1Rd0xka3EyWWx5MjBGQVJuTE81c0xxV0xmTFNISU9PLTJBa3k1Q2xzRzRkV3dBQ2tJN2t3bUdFNUtHN1hBVjNtVnJGSUZ2cnZmWW5WNkR1Sm8yLUJQc0Q4R0hYdzhaT21uMUNkSUgwTC1Qb2RzVHNKYlV1Wnl0dGdUQzJrMWx1eFZwcVZJeGNyX2tfeU5oNEZKSjlZTU1HdVBsZlhlbTQ0XzZFNGI2VGZFaHNr0gHYAUFVX3lxTE52bHB3eTdSUk1uMGNJbWRzbHpEZmJ2cGFXX0RlZVozSTZ6VGhrX2VLLVRPRGNLM2V5dW9NelpVOWRoVl81LU1mVU5vYUFPbGZYTWxGNTVwUlF2aEhGNnM0aDdrRk5kdkVfQmVOLWp2cUxnOVpRbloxNTBDUVpDaVRfWFhxS0YyeFFXVGNOWG9uTXgzMHNwX2JHaFlHMkh4SDBBMEozUlZFcGR6ajZLdnBZXzl3SHVVV2FXVnMxMEphQXdHLVBPczg4V00yTXg1cVJ3SmgxbFdSVA?oc=5"" target=""_blank"">How Trump tariffs shaped FM Sitharaman's manufacturing push in Budget 2026</a>&nbsp;&nbsp;<font color=""#6f6f6f"">Business Standard</font>",https://news.google.com/rss/articles/CBMi0wFBVV95cUxOQXBaVENhYzFNZHdpOGZWT3V3RTg0cnZlRlRZQWhmeU1Rd0xka3EyWWx5MjBGQVJuTE81c0xxV0xmTFNISU9PLTJBa3k1Q2xzRzRkV3dBQ2tJN2t3bUdFNUtHN1hBVjNtVnJGSUZ2cnZmWW5WNkR1Sm8yLUJQc0Q4R0hYdzhaT21uMUNkSUgwTC1Qb2RzVHNKYlV1Wnl0dGdUQzJrMWx1eFZwcVZJeGNyX2tfeU5oNEZKSjlZTU1HdVBsZlhlbTQ0XzZFNGI2VGZFaHNr0gHYAUFVX3lxTE52bHB3eTdSUk1uMGNJbWRzbHpEZmJ2cGFXX0RlZVozSTZ6VGhrX2VLLVRPRGNLM2V5dW9NelpVOWRoVl81LU1mVU5vYUFPbGZYTWxGNTVwUlF2aEhGNnM0aDdrRk5kdkVfQmVOLWp2cUxnOVpRbloxNTBDUVpDaVRfWFhxS0YyeFFXVGNOWG9uTXgzMHNwX2JHaFlHMkh4SDBBMEozUlZFcGR6ajZLdnBZXzl3SHVVV2FXVnMxMEphQXdHLVBPczg4V00yTXg1cVJ3SmgxbFdSVA?oc=5,2026-02-01 11:05:31,,
56,business_standard,budget,Budget proposes to set up dedicated REITs to recycle CPSE realty assets - Business Standard,"<a href=""https://news.google.com/rss/articles/CBMizgFBVV95cUxOZVBFSzJjdHp5Wkw3VzZSSFVzcEx5NlhycTNFcGRXWnBrX2J5UXhxaEhPUnJQeFc4bmFSR2ItRUJucU8wX1lybmpld0JKd3FfRlA0YkllRFdQVjMySzhEZE5SWWZLSG0yclVTQkVIODJZUDJzc2tEVlpqYWFkSTcwdUM4cjRZcWhYMFNuRlJhaEhCbDFDRlJ0ZDdaaEFwanVCeHVBbkUzSENCSEFjQlVXZjZfREc1MzBNUnBTLWZDcW9vQVJVdURyM29mNkhoZ9IB0wFBVV95cUxPSUZJaTVXSl9JSVIyVU9IUzhoNTM4VWZsQWpXYUlWWGNJWGY2MUxYbGxZMWRiVHg3Q2hnTHpxSHNaVzVuWGlldXdRcWZEQTVZNWlFQmNKeUNPSHlwX1dGZHVzdExsQ3ZseEQyWDRoeWxIRG8tWElSMnNobFdfZ2M1aS1fSWFKYldPVVVXaWRjUWt4aDNoLWhXYnZBM21lUGV0anVwa0xIYkhoZzYwNldUQW1LaXZveVRxYWNKUFNFTmtpSUlFbnhSSE50OXFWWV9GUGRj?oc=5"" target=""_blank"">Budget proposes to set up dedicated REITs to recycle CPSE realty assets</a>&nbsp;&nbsp;<font color=""#6f6f6f"">Business Standard</font>",https://news.google.com/rss/articles/CBMizgFBVV95cUxOZVBFSzJjdHp5Wkw3VzZSSFVzcEx5NlhycTNFcGRXWnBrX2J5UXhxaEhPUnJQeFc4bmFSR2ItRUJucU8wX1lybmpld0JKd3FfRlA0YkllRFdQVjMySzhEZE5SWWZLSG0yclVTQkVIODJZUDJzc2tEVlpqYWFkSTcwdUM4cjRZcWhYMFNuRlJhaEhCbDFDRlJ0ZDdaaEFwanVCeHVBbkUzSENCSEFjQlVXZjZfREc1MzBNUnBTLWZDcW9vQVJVdURyM29mNkhoZ9IB0wFBVV95cUxPSUZJaTVXSl9JSVIyVU9IUzhoNTM4VWZsQWpXYUlWWGNJWGY2MUxYbGxZMWRiVHg3Q2hnTHpxSHNaVzVuWGlldXdRcWZEQTVZNWlFQmNKeUNPSHlwX1dGZHVzdExsQ3ZseEQyWDRoeWxIRG8tWElSMnNobFdfZ2M1aS1fSWFKYldPVVVXaWRjUWt4aDNoLWhXYnZBM21lUGV0anVwa0xIYkhoZzYwNldUQW1LaXZveVRxYWNKUFNFTmtpSUlFbnhSSE50OXFWWV9GUGRj?oc=5,2026-02-01 07:34:47,,
57,business_standard,budget,"Union Budget 2026-27: Big push for SMEs with ₹10,000 crore Growth Fund - Business Standard","<a href=""https://news.google.com/rss/articles/CBMi1gFBVV95cUxNNEJnSWFwbURpcEJod25fX2JMZXBNYldxT05TTWZNSVp6WHhGS21zWEpCcmVpVDY4b0daUVQ2cUJ1NGQzWGdLeWM0TzQteWw4VW94aENyeUlYVE1SWTl2bEFEaDdCUS1QN3lqT1lXdmZaWGE1NnhOUXpWdHl5bXVweVZ3VTZsaFI4UFZxOG4zQjBEOE8zZ2tlRlBvdzhXMlVKRlEtS1d1c3RYX2xEY2dzUkV4RUhKckFDNXdpYXR0ZkdLZVVVd215OW9iY3ZLUmpYdmtpZnV30gHbAUFVX3lxTE8yXzJuUmhjTWFJVFNXZGJlWWgwRERxeU10WHBsdmFOSlRDSV8zYzU2dENuY3E2SUdmaV9KdjZVRU1BdE42a1RGclpvSGhIS09GenhpNG4xRGpHcUdSU1MzRHJNYWRQSkpGanpjUmh3T2s3d2liazhYOFVxU3lwLUJGM2hCd3czWXNVRDFSZmdsTXZRdGc3YVZkS1B5RnZGclNjaGpuclh4ckRfYW43RGhHd0I4WlZ0QUFZY3oxd3A1cHhGc2gzcjJfWDhNM3ZPNk5KM1hBZ2JkX05UUQ?oc=5"" target=""_blank"">Union Budget 2026-27: Big push for SMEs with ₹10,000 crore Growth Fund</a>&nbsp;&nbsp;<font color=""#6f6f6f"">Business Standard</font>",https://news.google.com/rss/articles/CBMi1gFBVV95cUxNNEJnSWFwbURpcEJod25fX2JMZXBNYldxT05TTWZNSVp6WHhGS21zWEpCcmVpVDY4b0daUVQ2cUJ1NGQzWGdLeWM0TzQteWw4VW94aENyeUlYVE1SWTl2bEFEaDdCUS1QN3lqT1lXdmZaWGE1NnhOUXpWdHl5bXVweVZ3VTZsaFI4UFZxOG4zQjBEOE8zZ2tlRlBvdzhXMlVKRlEtS1d1c3RYX2xEY2dzUkV4RUhKckFDNXdpYXR0ZkdLZVVVd215OW9iY3ZLUmpYdmtpZnV30gHbAUFVX3lxTE8yXzJuUmhjTWFJVFNXZGJlWWgwRERxeU10WHBsdmFOSlRDSV8zYzU2dENuY3E2SUdmaV9KdjZVRU1BdE42a1RGclpvSGhIS09GenhpNG4xRGpHcUdSU1MzRHJNYWRQSkpGanpjUmh3T2s3d2liazhYOFVxU3lwLUJGM2hCd3czWXNVRDFSZmdsTXZRdGc3YVZkS1B5RnZGclNjaGpuclh4ckRfYW43RGhHd0I4WlZ0QUFZY3oxd3A1cHhGc2gzcjJfWDhNM3ZPNk5KM1hBZ2JkX05UUQ?oc=5,2026-02-01 15:07:43,,
58,business_standard,budget,Budget 2026: Tax holiday for foreign Cloud cos using data centres in India - Business Standard,"<a href=""https://news.google.com/rss/articles/CBMi1gFBVV95cUxOYWhpZUhtMnM5S1o2MzVxQ2JNS3hBS0lFN1NYdW5qSGQwQUZwNmhpN3lnS1FnVjlSY0otVjUzTHlhbUdrcmMxUVVzNl9Zb3FRRWM1UmdtaGxoZVY2QmxabnBjX2JJVWhndGx5MDBReGtEMmxydE9tVWNDWDlmckNrblFlQjlkbXNsb19zOG4ydHJ1VUYyWXlVSUcwd2hPdnEzVEE1dXFmMjB3d1dKbU12U2drclltRzZxWF9melhpQ2U3RTBoSG1zZkF2eWNQcFpRTzhzbjZR0gHbAUFVX3lxTE1IcjE1ckF0OXMzZTB3LTBaZjh1YU9ManVyZGVSSV9KOXFBM1lJX3NjTVM2YV9RZWFrNjJDWEw1aUl4V3B2MzdvTWpiM2FOWFEzc3ZPVTBNdDVQb3M0WGppcGFmVFpOS1lMSHVVekJ2ZTAzQW0zTEVpcDlCajdRRHN2MEZnLURDSXZvSGZIV1Q0MlVFYzRuZlM0bC1fam1Hb1hYcFZCdnBrYmszbkZ6ZGdMTXJOUG55OTRGV3BRaVlLZTU2bTF6Z2VhSTRtVG44cC1abWdFR1dGRTZtUQ?oc=5"" target=""_blank"">Budget 2026: Tax holiday for foreign Cloud cos using data centres in India</a>&nbsp;&nbsp;<font color=""#6f6f6f"">Business Standard</font>",https://news.google.com/rss/articles/CBMi1gFBVV95cUxOYWhpZUhtMnM5S1o2MzVxQ2JNS3hBS0lFN1NYdW5qSGQwQUZwNmhpN3lnS1FnVjlSY0otVjUzTHlhbUdrcmMxUVVzNl9Zb3FRRWM1UmdtaGxoZVY2QmxabnBjX2JJVWhndGx5MDBReGtEMmxydE9tVWNDWDlmckNrblFlQjlkbXNsb19zOG4ydHJ1VUYyWXlVSUcwd2hPdnEzVEE1dXFmMjB3d1dKbU12U2drclltRzZxWF9melhpQ2U3RTBoSG1zZkF2eWNQcFpRTzhzbjZR0gHbAUFVX3lxTE1IcjE1ckF0OXMzZTB3LTBaZjh1YU9ManVyZGVSSV9KOXFBM1lJX3NjTVM2YV9RZWFrNjJDWEw1aUl4V3B2MzdvTWpiM2FOWFEzc3ZPVTBNdDVQb3M0WGppcGFmVFpOS1lMSHVVekJ2ZTAzQW0zTEVpcDlCajdRRHN2MEZnLURDSXZvSGZIV1Q0MlVFYzRuZlM0bC1fam1Hb1hYcFZCdnBrYmszbkZ6ZGdMTXJOUG55OTRGV3BRaVlLZTU2bTF6Z2VhSTRtVG44cC1abWdFR1dGRTZtUQ?oc=5,2026-02-01 18:10:20,,
59,business_standard,budget,Union Budget 2026-27: STT shocker sends stock market into a tailspin - Business Standard,"<a href=""https://news.google.com/rss/articles/CBMiugFBVV95cUxQTkUtMmNUcDJtdE1kOTB5elFHN0lkZkx3Z2R0WDVuVFRPX3NESXI1dDZRcU1WdWFOTWdka3huNDBZMW5zOVRwODlBU2lhSFlDRTkxNmRyZmU5RE1zbjFOS0M3cUJMMUpueWZFSEZwUnh4UDNwa0s5ZDVlY2QwN3JxcmZ2eVJpZW96ZEplYkd3SjFqaWY5b212MDR2YmQ1UHZiZEYwWUR3TXYwS3Vjd0RmdUV6N0FVaFgzTUHSAb8BQVVfeXFMUGpDYmZnYmNmc2JyTGphWU1KYmxyN2xCc0FpMWk1QmxBVXBhaTJmZTZOMXdzdVZiOHlLWklfeFNQLU8yYWFEdmQ5a1JXZDNrRmZaOXRteDYyaTFfejlXb0M2dVlDMEViMURLTnFMZmFXNHg5UHZvN3R1VVNEVjU4Ym9pMmlvTXlHSWt0Nm5hdGYtd0FoN0JFbWpTaHFDTnlyUkhHQThaTzY4a1pVekdSMlZJZkNBS2gydFcxY2tQcjA?oc=5"" target=""_blank"">Union Budget 2026-27: STT shocker sends stock market into a tailspin</a>&nbsp;&nbsp;<font color=""#6f6f6f"">Business Standard</font>",https://news.google.com/rss/articles/CBMiugFBVV95cUxQTkUtMmNUcDJtdE1kOTB5elFHN0lkZkx3Z2R0WDVuVFRPX3NESXI1dDZRcU1WdWFOTWdka3huNDBZMW5zOVRwODlBU2lhSFlDRTkxNmRyZmU5RE1zbjFOS0M3cUJMMUpueWZFSEZwUnh4UDNwa0s5ZDVlY2QwN3JxcmZ2eVJpZW96ZEplYkd3SjFqaWY5b212MDR2YmQ1UHZiZEYwWUR3TXYwS3Vjd0RmdUV6N0FVaFgzTUHSAb8BQVVfeXFMUGpDYmZnYmNmc2JyTGphWU1KYmxyN2xCc0FpMWk1QmxBVXBhaTJmZTZOMXdzdVZiOHlLWklfeFNQLU8yYWFEdmQ5a1JXZDNrRmZaOXRteDYyaTFfejlXb0M2dVlDMEViMURLTnFMZmFXNHg5UHZvN3R1VVNEVjU4Ym9pMmlvTXlHSWt0Nm5hdGYtd0FoN0JFbWpTaHFDTnlyUkhHQThaTzY4a1pVekdSMlZJZkNBS2gydFcxY2tQcjA?oc=5,2026-02-01 13:07:56,,
60,business_standard,budget,Budget 2026 lays three-part roadmap to help MSMEs scale: Details here - Business Standard,"<a href=""https://news.google.com/rss/articles/CBMixAFBVV95cUxNSzdiWUEwbmVOdjhac000X3JGQUZEbVRiQVMyLW5DVGJfNkZaWDVPdVczQ0tiTmxST3dBN3hWSWQxM2ZHdWdDdE5jTXJvMzY3M3poMzhYQVNPRW9Ub2hQUk1vbmd3S1dsbkw0YWFHSXh2bXc5SXZKVldtWVBwNXdHVzF2UjhfbWx2SnZpUWVDZ1pJS0s2cFZRZUFFWWxqSFV3eHJwX1JxWjZscXgzMmF6bzJZOWJSWDR5REs4enRSaklNSTJa0gHKAUFVX3lxTFBrYnZISGNmTzBXazl6bGp6azcxZ1ptWmQ1QUg0U005WU5YYUJIUGdwUGwyZ1RsOTF5dzJJNDZ0QVZwcW5nRC1PQnAzUHNBUjRmLXdObVI2WHZaOFlUdXRBOTdQU192NXR6cUJ1b1FTb3Nia0Q2QlcyY0JMVDV4ZEtzek4yQ1pmSzY2OXZlcS1lYnRUZ1RpSnUtRTNDSnFEeWxGNWxzb0tpdnhyUTc0SzlHb1A4d2NvNUpYMkVFQTlvU0Z3Zjl4QXAyb3c?oc=5"" target=""_blank"">Budget 2026 lays three-part roadmap to help MSMEs scale: Details here</a>&nbsp;&nbsp;<font color=""#6f6f6f"">Business Standard</font>",https://news.google.com/rss/articles/CBMixAFBVV95cUxNSzdiWUEwbmVOdjhac000X3JGQUZEbVRiQVMyLW5DVGJfNkZaWDVPdVczQ0tiTmxST3dBN3hWSWQxM2ZHdWdDdE5jTXJvMzY3M3poMzhYQVNPRW9Ub2hQUk1vbmd3S1dsbkw0YWFHSXh2bXc5SXZKVldtWVBwNXdHVzF2UjhfbWx2SnZpUWVDZ1pJS0s2cFZRZUFFWWxqSFV3eHJwX1JxWjZscXgzMmF6bzJZOWJSWDR5REs4enRSaklNSTJa0gHKAUFVX3lxTFBrYnZISGNmTzBXazl6bGp6azcxZ1ptWmQ1QUg0U005WU5YYUJIUGdwUGwyZ1RsOTF5dzJJNDZ0QVZwcW5nRC1PQnAzUHNBUjRmLXdObVI2WHZaOFlUdXRBOTdQU192NXR6cUJ1b1FTb3Nia0Q2QlcyY0JMVDV4ZEtzek4yQ1pmSzY2OXZlcS1lYnRUZ1RpSnUtRTNDSnFEeWxGNWxzb0tpdnhyUTc0SzlHb1A4d2NvNUpYMkVFQTlvU0Z3Zjl4QXAyb3c?oc=5,2026-02-01 10:28:10,,
61,business_standard,budget,Budget 2026-27: A future-ready step on path to Viksit Bharat 2047 - Business Standard,"<a href=""https://news.google.com/rss/articles/CBMiygFBVV95cUxQaGdkYmEtSzRTYlRnS2NmbF9yOS1MWjRwN1p1VTlCNnJNeFB0aUszQnVpOE9zZEVjTklWYWx2eFRrb1FPakhSVUQ2LTIyNnJtX3J2Vm1TTTJnV2NuTmIxTkdSNnVaM1QyeVlHb0FsWjVIdUlyRmJsUi1CVEYxbHY0d2lnYXpHR09fVEN2ekMzVjBBbXZIMVE3eDF0cXV6TWJtMy1GNzd4cGhnb2pLTWZSNFZBNy1EdWRrbVNHZEdILTlwQmFLX2V6ZEpn0gHPAUFVX3lxTE5NQTNSQ0xVU05xakt6LV9wOEE5MGJXeF8zN1ZXYlRiNEQ0M1NjeGl3cXVrR202bGtzcU1WVThJYklVZFhVcUtlNHJRRHN1SGFBYkZLWXNKd0JEMEZuNnNJeGNUOVIySjBrYTlPRTYxdVVnZjMyMEt0TkhVZnhVOUpFbHYxOGd1R09zckJzUzJjRHVVNlRZdGV0UXlBaDBEeS1JLTJVamVrQkVhTFYzSkRPcG4xVHdOQWdZa0F4NmtzM01jVTdDT3U5bEh0UnhUbw?oc=5"" target=""_blank"">Budget 2026-27: A future-ready step on path to Viksit Bharat 2047</a>&nbsp;&nbsp;<font color=""#6f6f6f"">Business Standard</font>",https://news.google.com/rss/articles/CBMiygFBVV95cUxQaGdkYmEtSzRTYlRnS2NmbF9yOS1MWjRwN1p1VTlCNnJNeFB0aUszQnVpOE9zZEVjTklWYWx2eFRrb1FPakhSVUQ2LTIyNnJtX3J2Vm1TTTJnV2NuTmIxTkdSNnVaM1QyeVlHb0FsWjVIdUlyRmJsUi1CVEYxbHY0d2lnYXpHR09fVEN2ekMzVjBBbXZIMVE3eDF0cXV6TWJtMy1GNzd4cGhnb2pLTWZSNFZBNy1EdWRrbVNHZEdILTlwQmFLX2V6ZEpn0gHPAUFVX3lxTE5NQTNSQ0xVU05xakt6LV9wOEE5MGJXeF8zN1ZXYlRiNEQ0M1NjeGl3cXVrR202bGtzcU1WVThJYklVZFhVcUtlNHJRRHN1SGFBYkZLWXNKd0JEMEZuNnNJeGNUOVIySjBrYTlPRTYxdVVnZjMyMEt0TkhVZnhVOUpFbHYxOGd1R09zckJzUzJjRHVVNlRZdGV0UXlBaDBEeS1JLTJVamVrQkVhTFYzSkRPcG4xVHdOQWdZa0F4NmtzM01jVTdDT3U5bEh0UnhUbw?oc=5,2026-02-01 13:16:29,,
62,business_standard,budget,STT hike hits sentiment: EY India tracks Nifty 50 response to Budget 2026 - Business Standard,"<a href=""https://news.google.com/rss/articles/CBMi1AFBVV95cUxOV3NfcFpueVkzYkpwaHZXbFl5cy1lQzV5M1VtN0VkaDNvazBla1JrRUFOSEp3VlhqVjlxeVdIdzVJaHJPQW10OUVFVF9HU2ZiNy1Tbk0yRFk4dExLandoUFo4YURHQnhnbE5PZTBRbUJuU2gxZXdsdHJKbHUzZTVGbklheTdQNkdYb1BtREZWbWFad3NveUdBYi1fQjJxTDY2VEdoV2VTMXhXWVE0dFE3WDZmaWFDbG0zTHkwamR1YkxFSURlUHVNaXJXRlNUblluaUNHM9IB2gFBVV95cUxQSDdQYlhuaGJSczhnM0Z1NURyaWgwaC1wZDJDVFRIX1dEaFdaSmZLeFJ1Z3hVejQwV1dGMU9hck9oaFdlZWptWjFsMjRSYndHWUdSQW5RSnc0MHNkWjNqTHJDRUdXaW1nNUVOY1h2QUxOR2wzYjNPQWpXd3YtbnVMaGs0eTJoTUJtaXAtcGI2MktDTlE2NUk1Nmh2SFQycHNZa2t4QThkY2tBdTB6ck9sQVhQZmVYY2NyVExlZFdxZE10ejVyejRwd3pVUFRIcUtFRU5FY01JX2ZFQQ?oc=5"" target=""_blank"">STT hike hits sentiment: EY India tracks Nifty 50 response to Budget 2026</a>&nbsp;&nbsp;<font color=""#6f6f6f"">Business Standard</font>",https://news.google.com/rss/articles/CBMi1AFBVV95cUxOV3NfcFpueVkzYkpwaHZXbFl5cy1lQzV5M1VtN0VkaDNvazBla1JrRUFOSEp3VlhqVjlxeVdIdzVJaHJPQW10OUVFVF9HU2ZiNy1Tbk0yRFk4dExLandoUFo4YURHQnhnbE5PZTBRbUJuU2gxZXdsdHJKbHUzZTVGbklheTdQNkdYb1BtREZWbWFad3NveUdBYi1fQjJxTDY2VEdoV2VTMXhXWVE0dFE3WDZmaWFDbG0zTHkwamR1YkxFSURlUHVNaXJXRlNUblluaUNHM9IB2gFBVV95cUxQSDdQYlhuaGJSczhnM0Z1NURyaWgwaC1wZDJDVFRIX1dEaFdaSmZLeFJ1Z3hVejQwV1dGMU9hck9oaFdlZWptWjFsMjRSYndHWUdSQW5RSnc0MHNkWjNqTHJDRUdXaW1nNUVOY1h2QUxOR2wzYjNPQWpXd3YtbnVMaGs0eTJoTUJtaXAtcGI2MktDTlE2NUk1Nmh2SFQycHNZa2t4QThkY2tBdTB6ck9sQVhQZmVYY2NyVExlZFdxZE10ejVyejRwd3pVUFRIcUtFRU5FY01JX2ZFQQ?oc=5,2026-02-01 17:22:28,,
63,economic_times,markets,"NSE IPO likely in 7–8 months; no fresh issue, 4–4.5% stake sale via OFS: Ashish Chauhan","NSE’s long-awaited IPO may debut in 7–8 months after Sebi approval, with 4–4.5% stake sold via offer for sale. CEO Ashish Chauhan said pricing will depend on market conditions, aiming mainly to provide liquidity to existing shareholders and transparency.",https://economictimes.indiatimes.com/markets/ipos/fpos/nse-ipo-likely-in-78-months-no-fresh-issue-44-5-stake-sale-via-ofs-ashish-chauhan/articleshow/127844241.cms,2026-02-01 16:01:02,"NSE’s long-awaited IPO may debut in 7–8 months after Sebi approval, with 4–4.5% stake sold via offer for sale. CEO Ashish Chauhan said pricing will depend on market conditions, aiming mainly to provide liquidity to existing shareholders and transparency.
Choose your reason below and click on the Report button. This will alert our moderators to take action
Log out of your current logged-in accountand log in again using your ET Prime credentials  to enjoy all member benefits.
Trump temper on H-1B visas is forcing Indians to do these things to stay put in US
Why veterans like Reliance, L&T are on acquisition spree? Aswath Damodaran has an answer.
Huawei launches its own OS to compete with Google and Apple. But can it win beyond China?
Check the score based on the company's fundamentals, solvency, growth, risk & ownership to decide the right stocks.
Analyze the market sentiments & identify the trend reversal for strategic decisions.
Ask your stock queries & get assured replies by ET appointed, SEBI registered experts.
Read your daily newspaper in Digital View & get it delivered to your inbox everyday.",
64,economic_times,markets,Ahead of Market: 10 things that will decide stock market action on Monday,"Indian markets fell sharply in Budget weekend trade after a surprise STT hike on futures and options. Sensex and Nifty slid nearly 2% as analysts warned of volatility, weak sentiment below key levels, and continued pressure from derivatives taxation changes.",https://economictimes.indiatimes.com/markets/stocks/news/ahead-of-market-10-things-that-will-decide-stock-market-action-on-monday/articleshow/127843907.cms,2026-02-01 15:32:14,"Indian markets fell sharply in Budget weekend trade after a surprise STT hike on futures and options. Sensex and Nifty slid nearly 2% as analysts warned of volatility, weak sentiment below key levels, and continued pressure from derivatives taxation changes.
Choose your reason below and click on the Report button. This will alert our moderators to take action
Log out of your current logged-in accountand log in again using your ET Prime credentials  to enjoy all member benefits.
Trump temper on H-1B visas is forcing Indians to do these things to stay put in US
Why veterans like Reliance, L&T are on acquisition spree? Aswath Damodaran has an answer.
Huawei launches its own OS to compete with Google and Apple. But can it win beyond China?
Check the score based on the company's fundamentals, solvency, growth, risk & ownership to decide the right stocks.
Analyze the market sentiments & identify the trend reversal for strategic decisions.
Ask your stock queries & get assured replies by ET appointed, SEBI registered experts.
Read your daily newspaper in Digital View & get it delivered to your inbox everyday.",
65,economic_times,markets,"Proposed share buyback framework aims to benefit small shareholders, not promoters","To discourage misuse of tax arbitrage, promoters will be subject to an additional buyback tax, raising the effective tax rate to 22 per cent for corporate promoters and 30 per cent for non-corporate promoters, she stated.",https://economictimes.indiatimes.com/markets/stocks/news/proposed-share-buyback-framework-aims-to-benefit-small-shareholders-not-promoters/articleshow/127843716.cms,2026-02-01 15:03:41,"To discourage misuse of tax arbitrage, promoters will be subject to an additional buyback tax, raising the effective tax rate to 22 per cent for corporate promoters and 30 per cent for non-corporate promoters, she stated.
Choose your reason below and click on the Report button. This will alert our moderators to take action",
66,economic_times,markets,"Gold recovers Rs 9,500 per 10 gm intraday loss to end volatile Budget 2026 session in green; silver flat","Gold prices rebounded nearly 7% on MCX after a brutal selloff ahead of Budget 2026. Profit booking, margin pressures and lack of jewellery-sector relief weighed on bullion, while silver stayed flat after historic volatility following record crashes in both metals.",https://economictimes.indiatimes.com/markets/commodities/news/gold-recovers-rs-9500-per-10-gm-intraday-loss-to-end-volatile-budget-2026-session-in-green-silver-flat/articleshow/127843319.cms,2026-02-01 14:32:31,"Gold prices rebounded nearly 7% on MCX after a brutal selloff ahead of Budget 2026. Profit booking, margin pressures and lack of jewellery-sector relief weighed on bullion, while silver stayed flat after historic volatility following record crashes in both metals.
Choose your reason below and click on the Report button. This will alert our moderators to take action
Log out of your current logged-in accountand log in again using your ET Prime credentials  to enjoy all member benefits.
Trump temper on H-1B visas is forcing Indians to do these things to stay put in US
Why veterans like Reliance, L&T are on acquisition spree? Aswath Damodaran has an answer.
Huawei launches its own OS to compete with Google and Apple. But can it win beyond China?
Check the score based on the company's fundamentals, solvency, growth, risk & ownership to decide the right stocks.
Analyze the market sentiments & identify the trend reversal for strategic decisions.
Ask your stock queries & get assured replies by ET appointed, SEBI registered experts.
Read your daily newspaper in Digital View & get it delivered to your inbox everyday.",
67,economic_times,markets,"Budget 2026: Shankar Sharma cheers derivatives STT hike, calls F&amp;O a ‘poison’ for investors","Ace investor Shankar Sharma applauds Budget 2026’s STT hike on derivatives, calling F&amp;O trading a “poison.” Experts say it may curb speculation, shift focus to long-term investing, but could unsettle markets and impact hedging.",https://economictimes.indiatimes.com/markets/stocks/news/budget-2026-shankar-sharma-cheers-derivatives-stt-hike-calls-fo-a-poison-for-investors/articleshow/127842713.cms,2026-02-01 13:47:31,"Ace investor Shankar Sharma applauds Budget 2026’s STT hike on derivatives, calling F&O trading a “poison.” Experts say it may curb speculation, shift focus to long-term investing, but could unsettle markets and impact hedging.
Choose your reason below and click on the Report button. This will alert our moderators to take action
Log out of your current logged-in accountand log in again using your ET Prime credentials  to enjoy all member benefits.
Trump temper on H-1B visas is forcing Indians to do these things to stay put in US
Why veterans like Reliance, L&T are on acquisition spree? Aswath Damodaran has an answer.
Huawei launches its own OS to compete with Google and Apple. But can it win beyond China?
Check the score based on the company's fundamentals, solvency, growth, risk & ownership to decide the right stocks.
Analyze the market sentiments & identify the trend reversal for strategic decisions.
Ask your stock queries & get assured replies by ET appointed, SEBI registered experts.
Read your daily newspaper in Digital View & get it delivered to your inbox everyday.",
68,economic_times,markets,Budget impact: What makes Morgan Stanley's Ridham Desai remain bullish on Indian stocks,"Morgan Stanley maintains a bullish stance on Indian equities post-Budget, citing cyclical growth support, structural reforms, capex push, and long-term policy focus on semiconductors, AI, and data centres to sustain earnings and premium valuations.",https://economictimes.indiatimes.com/markets/stocks/news/budget-impact-what-makes-morgan-stanleys-ridham-desai-remain-bullish-on-indian-stocks/articleshow/127841895.cms,2026-02-01 12:55:31,"Morgan Stanley maintains a bullish stance on Indian equities post-Budget, citing cyclical growth support, structural reforms, capex push, and long-term policy focus on semiconductors, AI, and data centres to sustain earnings and premium valuations.
Choose your reason below and click on the Report button. This will alert our moderators to take action
Log out of your current logged-in accountand log in again using your ET Prime credentials  to enjoy all member benefits.
Trump temper on H-1B visas is forcing Indians to do these things to stay put in US
Why veterans like Reliance, L&T are on acquisition spree? Aswath Damodaran has an answer.
Huawei launches its own OS to compete with Google and Apple. But can it win beyond China?
Check the score based on the company's fundamentals, solvency, growth, risk & ownership to decide the right stocks.
Analyze the market sentiments & identify the trend reversal for strategic decisions.
Ask your stock queries & get assured replies by ET appointed, SEBI registered experts.
Read your daily newspaper in Digital View & get it delivered to your inbox everyday.",
69,economic_times,markets,"Union Budget 2026: SGBs bought from secondary markets to attract capital gains tax, effective April 1","Budget 2026 proposes capital gains tax exemption for Sovereign Gold Bonds only if purchased directly from RBI and held until maturity. Secondary market SGBs will lose tax benefits, aiming to reward patient investors over speculators, though bond prices fell sharply.",https://economictimes.indiatimes.com/markets/bonds/union-budget-2026-sgbs-bought-from-secondary-markets-to-attract-capital-gains-tax-effective-april-1/articleshow/127841824.cms,2026-02-01 12:50:47,"Budget 2026 proposes capital gains tax exemption for Sovereign Gold Bonds only if purchased directly from RBI and held until maturity. Secondary market SGBs will lose tax benefits, aiming to reward patient investors over speculators, though bond prices fell sharply.
Budget 2026 proposes capital gains tax exemption for Sovereign Gold Bonds only if purchased directly from RBI and held until maturity. Secondary market SGBs will lose tax benefits, aiming to reward patient investors over speculators, though bond prices fell sharply.
Choose your reason below and click on the Report button. This will alert our moderators to take action
Log out of your current logged-in accountand log in again using your ET Prime credentials  to enjoy all member benefits.
Trump temper on H-1B visas is forcing Indians to do these things to stay put in US
Why veterans like Reliance, L&T are on acquisition spree? Aswath Damodaran has an answer.
Huawei launches its own OS to compete with Google and Apple. But can it win beyond China?
Check the score based on the company's fundamentals, solvency, growth, risk & ownership to decide the right stocks.
Analyze the market sentiments & identify the trend reversal for strategic decisions.
Ask your stock queries & get assured replies by ET appointed, SEBI registered experts.
Read your daily newspaper in Digital View & get it delivered to your inbox everyday.",
70,economic_times,markets,"STT, capital gains tweaks rattle investors despite growth push: Sunil Singhania","Market veteran Sunil Singhania noted that while the Union Budget initially disappointed, increased allocations to railways, defense, and infrastructure offer long-term growth potential. However, recurring tax changes, particularly to STT and capital gains, create investor uncertainty. Singhania emphasized the need for policy stability to attract foreign investment and support India's ambitious economic expansion goals.",https://economictimes.indiatimes.com/markets/expert-view/stt-capital-gains-tweaks-rattle-investors-despite-growth-push-sunil-singhania/articleshow/127841727.cms,2026-02-01 12:43:05,"Market veteran Sunil Singhania noted that while the Union Budget initially disappointed, increased allocations to railways, defense, and infrastructure offer long-term growth potential. However, recurring tax changes, particularly to STT and capital gains, create investor uncertainty. Singhania emphasized the need for policy stability to attract foreign investment and support India's ambitious economic expansion goals.
On banking and financial services, Singhania struck a positive note, citing improved asset quality and operational efficiency.
Choose your reason below and click on the Report button. This will alert our moderators to take action
Log out of your current logged-in accountand log in again using your ET Prime credentials  to enjoy all member benefits.
Trump temper on H-1B visas is forcing Indians to do these things to stay put in US
Why veterans like Reliance, L&T are on acquisition spree? Aswath Damodaran has an answer.
Huawei launches its own OS to compete with Google and Apple. But can it win beyond China?
Check the score based on the company's fundamentals, solvency, growth, risk & ownership to decide the right stocks.
Analyze the market sentiments & identify the trend reversal for strategic decisions.
Ask your stock queries & get assured replies by ET appointed, SEBI registered experts.
Read your daily newspaper in Digital View & get it delivered to your inbox everyday.",
71,economic_times,markets,Oil India among 4 stocks that hit 52-week highs &amp; rallied up to 22% in a month,"Sensex fell 1,547 points during Budget 2026 special session, yet select stocks defied weakness. Oil India, Bharat Electronics, Axis Bank and SBI hit fresh 52-week highs, signalling strong momentum and bullish breakouts.",https://economictimes.indiatimes.com/markets/stocks/news/oil-india-among-4-stocks-that-hit-52-week-highs-amp-rallied-up-to-22-in-a-month/slideshow/127841077.cms,2026-02-01 12:03:21,"During the Sunday Budget 2026 Special trading session, the benchmark Sensex dropped 1,547 points to close at 80,723. Despite the broader market decline, four BSE 500 stocks hit their 52-week highs, reaching their highest levels in the past year. Market participants see these breakouts as bullish signals, suggesting strong momentum and potential for further gains.
New 52-week high: Rs 522.3| CMP: Rs 501.5. In the last one month stock has gained about 22%.
New 52-week high: Rs 461.4| CMP: Rs 424.95. In the last one month stock has gained about 8%.
New 52-week high: Rs 1384.6| CMP: Rs 1338.35. In the last one month stock has gained about 7%.
New 52-week high: Rs 1083.95| CMP: Rs 1017.15. In the last one month stock has gained about 5%.
Budget 2026 builds confidence but defence misses spotlight: Anant Goenka, President , FICCI
Budget underscores razor-sharp focus on rare earth self-reliance: Subhrakant Panda",
72,economic_times,markets,F&amp;O satta is highly risky... how can the government stay quiet: Nirmala Sitharaman on STT hike,"Finance Minister Nirmala Sitharaman defended the sharp hike in securities transaction tax on futures and options, citing risks from excessive speculation in derivatives. The Budget 2026 move triggered a sell-off in brokerage and exchange stocks, with the government saying the increase aims to curb systemic risk and protect small retail investors.",https://economictimes.indiatimes.com/markets/stocks/news/fo-satta-is-highly-risky-how-can-the-government-stay-quiet-nirmala-sitharaman-on-stt-hike/articleshow/127840946.cms,2026-02-01 12:01:09,"Finance Minister Nirmala Sitharaman defended the sharp hike in securities transaction tax on futures and options, citing risks from excessive speculation in derivatives. The Budget 2026 move triggered a sell-off in brokerage and exchange stocks, with the government saying the increase aims to curb systemic risk and protect small retail investors.
Choose your reason below and click on the Report button. This will alert our moderators to take action
Log out of your current logged-in accountand log in again using your ET Prime credentials  to enjoy all member benefits.
Trump temper on H-1B visas is forcing Indians to do these things to stay put in US
Why veterans like Reliance, L&T are on acquisition spree? Aswath Damodaran has an answer.
Huawei launches its own OS to compete with Google and Apple. But can it win beyond China?
Check the score based on the company's fundamentals, solvency, growth, risk & ownership to decide the right stocks.
Analyze the market sentiments & identify the trend reversal for strategic decisions.
Ask your stock queries & get assured replies by ET appointed, SEBI registered experts.
Read your daily newspaper in Digital View & get it delivered to your inbox everyday.",
73,economic_times,markets,90s software boom all over again! What Raamdeo Agrawal said after Budget 2026,"Raamdeo Agrawal praised Budget 2026 as transformative for India’s digital future, citing data centre tax holidays and capex push. Despite STT-led volatility, he said strong fiscal discipline, infrastructure spending and IT clarity sustain India’s long-term earnings and growth outlook.",https://economictimes.indiatimes.com/markets/stocks/news/90s-software-boom-all-over-again-what-raamdeo-agrawal-said-after-budget-2026/articleshow/127840876.cms,2026-02-01 11:55:51,"Raamdeo Agrawal praised Budget 2026 as transformative for India’s digital future, citing data centre tax holidays and capex push. Despite STT-led volatility, he said strong fiscal discipline, infrastructure spending and IT clarity sustain India’s long-term earnings and growth outlook.
Choose your reason below and click on the Report button. This will alert our moderators to take action
Log out of your current logged-in accountand log in again using your ET Prime credentials  to enjoy all member benefits.
Trump temper on H-1B visas is forcing Indians to do these things to stay put in US
Why veterans like Reliance, L&T are on acquisition spree? Aswath Damodaran has an answer.
Huawei launches its own OS to compete with Google and Apple. But can it win beyond China?
Check the score based on the company's fundamentals, solvency, growth, risk & ownership to decide the right stocks.
Analyze the market sentiments & identify the trend reversal for strategic decisions.
Ask your stock queries & get assured replies by ET appointed, SEBI registered experts.
Read your daily newspaper in Digital View & get it delivered to your inbox everyday.",
74,economic_times,markets,"Visionary Budget with long-term growth focus: R Doraiswamy, LIC","LIC CEO &amp; MD R Doraiswamy described the Union Budget as a visionary roadmap for India's ambition to become a top three global economy. He highlighted the focus on strategic industries, MSMEs, and rural income growth, expecting market sentiment to improve as the broader development push is assessed.",https://economictimes.indiatimes.com/markets/expert-view/visionary-budget-with-long-term-growth-focus-r-doraiswamy-lic/articleshow/127840595.cms,2026-02-01 11:41:36,"LIC CEO & MD R Doraiswamy described the Union Budget as a visionary roadmap for India's ambition to become a top three global economy. He highlighted the focus on strategic industries, MSMEs, and rural income growth, expecting market sentiment to improve as the broader development push is assessed.
Choose your reason below and click on the Report button. This will alert our moderators to take action
Log out of your current logged-in accountand log in again using your ET Prime credentials  to enjoy all member benefits.
Trump temper on H-1B visas is forcing Indians to do these things to stay put in US
Why veterans like Reliance, L&T are on acquisition spree? Aswath Damodaran has an answer.
Huawei launches its own OS to compete with Google and Apple. But can it win beyond China?
Check the score based on the company's fundamentals, solvency, growth, risk & ownership to decide the right stocks.
Analyze the market sentiments & identify the trend reversal for strategic decisions.
Ask your stock queries & get assured replies by ET appointed, SEBI registered experts.
Read your daily newspaper in Digital View & get it delivered to your inbox everyday.",
75,economic_times,markets,Top 10 High-Growth stocks: Profit surges over 150% in Q3FY26,"Several Nifty 500 companies delivered exceptional Q3FY26 profit growth, with net profits rising over 150% year-on-year. Energy, real estate, finance, metals, and capital goods firms dominated the list, reflecting a low base effect, cyclical recovery, and improved operating leverage, according to StockEdge profitability scan data in the December quarter period.",https://economictimes.indiatimes.com/markets/stocks/news/top-10-high-growth-stocks-profit-surges-over-150-in-q3fy26/slideshow/127840815.cms,2026-02-01 11:39:27,"A quarterly high net profit growth on a year-over-year (YoY) basis indicates that a company is showing substantial improvement in profitability compared to the same quarter last year. Among Nifty 500 stocks, the top 10 companies have reported quarterly net profit growth exceeding 150% YoY in Q3FY26 (results announced so far), according to StockEdge.com's profitability scan data.
In the December '25 quarter, the company's net profit surged 4,720% to Rs 1,002 crore, compared with Rs 21 crore a year ago.
In the December '25 quarter, net profit jumped 1,158% to Rs 223 crore, from Rs 18 crore in the same period last year.
In the December '25 quarter, the company reported a 1,041% surge in net profit to Rs 464 crore, compared with Rs 41 crore a year ago.
In the December '25 quarter, net profit rose sharply by 728% to Rs 107 crore, from Rs 13 crore last year.
In the December '25 quarter, the company's net profit surged 702% to Rs 150 crore, compared with Rs 19 crore in the previous year.
In the December '25 quarter, net profit climbed 382% to Rs 228 crore, up from Rs 47 crore a year ago.
In the December '25 quarter, the company reported a 369% jump in net profit to Rs 1,451 crore, compared with Rs 309 crore last year.
In the December '25 quarter, net profit rose 284% to Rs 75 crore, from Rs 20 crore in the corresponding quarter last year.
In the December '25 quarter, the company's net profit surged 198% to Rs 2,139 crore, compared with Rs 717 crore a year ago.
In the December '25 quarter, net profit increased 190% to Rs 390 crore, up from Rs 135 crore last year.
In the December '25 quarter, the company reported a 173% rise in net profit to Rs 252 crore, compared with Rs 92 crore a year ago.
In the December '25 quarter, net profit climbed 164% to Rs 374 crore, from Rs 142 crore in the previous year.",
76,economic_times,markets,IT sector looks forward to improved ease of business with latest budget proposals,"Union Budget FY27 eases tax norms for IT and software exporters by expanding safe harbour limits, simplifying transfer pricing, improving buyback taxation, and offering long tax holidays to foreign cloud firms using Indian data centres, enhancing competitiveness and investment appeal.",https://economictimes.indiatimes.com/markets/stocks/news/it-sector-looks-forward-to-improved-ease-of-business-with-latest-budget-proposals/articleshow/127840516.cms,2026-02-01 11:37:37,"Union Budget FY27 eases tax norms for IT and software exporters by expanding safe harbour limits, simplifying transfer pricing, improving buyback taxation, and offering long tax holidays to foreign cloud firms using Indian data centres, enhancing competitiveness and investment appeal.
Choose your reason below and click on the Report button. This will alert our moderators to take action
Log out of your current logged-in accountand log in again using your ET Prime credentials  to enjoy all member benefits.
Trump temper on H-1B visas is forcing Indians to do these things to stay put in US
Why veterans like Reliance, L&T are on acquisition spree? Aswath Damodaran has an answer.
Huawei launches its own OS to compete with Google and Apple. But can it win beyond China?
Check the score based on the company's fundamentals, solvency, growth, risk & ownership to decide the right stocks.
Analyze the market sentiments & identify the trend reversal for strategic decisions.
Ask your stock queries & get assured replies by ET appointed, SEBI registered experts.
Read your daily newspaper in Digital View & get it delivered to your inbox everyday.",
77,economic_times,markets,"Union Budget 2026: From STT and buybacks to SGBs, 7 key takeaways for markets","At the end of the day, the BSE Sensex fell 1546.84 points or 1.88% to close at 80,722.94, whereas the Nifty 50 was down 495.20 points or 1.96% to end at 24,825.45.",https://economictimes.indiatimes.com/markets/stocks/news/union-budget-2026-from-stt-and-buybacks-to-sgbs-7-key-takeaways-for-markets/articleshow/127840374.cms,2026-02-01 11:32:44,"At the end of the day, the BSE Sensex fell 1546.84 points or 1.88% to close at 80,722.94, whereas the Nifty 50 was down 495.20 points or 1.96% to end at 24,825.45.
Choose your reason below and click on the Report button. This will alert our moderators to take action
Log out of your current logged-in accountand log in again using your ET Prime credentials  to enjoy all member benefits.
Trump temper on H-1B visas is forcing Indians to do these things to stay put in US
Why veterans like Reliance, L&T are on acquisition spree? Aswath Damodaran has an answer.
Huawei launches its own OS to compete with Google and Apple. But can it win beyond China?
Check the score based on the company's fundamentals, solvency, growth, risk & ownership to decide the right stocks.
Analyze the market sentiments & identify the trend reversal for strategic decisions.
Ask your stock queries & get assured replies by ET appointed, SEBI registered experts.
Read your daily newspaper in Digital View & get it delivered to your inbox everyday.",
78,economic_times,markets,Nirmala Sitharaman wants to control F&amp;O ‘satta’ with STT hike but there could be unintended consequences,"Finance Minister Nirmala Sitharaman’s steep STT hike on futures and options has triggered sharp market backlash, with brokerages and exchanges tumbling up to 9%. Experts warn the move could drain liquidity, deter foreign investors and hurt India’s market competitiveness, even as the government defends it as a curb on excessive speculation.",https://economictimes.indiatimes.com/markets/stocks/news/nirmala-sitharaman-wants-to-control-fo-satta-with-stt-hike-but-there-could-be-unintended-consequences/articleshow/127840231.cms,2026-02-01 11:24:16,"Finance Minister Nirmala Sitharaman’s steep STT hike on futures and options has triggered sharp market backlash, with brokerages and exchanges tumbling up to 9%. Experts warn the move could drain liquidity, deter foreign investors and hurt India’s market competitiveness, even as the government defends it as a curb on excessive speculation.
Choose your reason below and click on the Report button. This will alert our moderators to take action
Log out of your current logged-in accountand log in again using your ET Prime credentials  to enjoy all member benefits.
Trump temper on H-1B visas is forcing Indians to do these things to stay put in US
Why veterans like Reliance, L&T are on acquisition spree? Aswath Damodaran has an answer.
Huawei launches its own OS to compete with Google and Apple. But can it win beyond China?
Check the score based on the company's fundamentals, solvency, growth, risk & ownership to decide the right stocks.
Analyze the market sentiments & identify the trend reversal for strategic decisions.
Ask your stock queries & get assured replies by ET appointed, SEBI registered experts.
Read your daily newspaper in Digital View & get it delivered to your inbox everyday.",
79,economic_times,markets,'STT hike likely to hit high-frequency traders': Market experts opine on Budget 2026,,https://economictimes.indiatimes.com/markets/stocks/news/stt-hike-likely-to-hit-high-frequency-traders-market-experts-opine-on-budget-2026/videoshow/127840171.cms,2026-02-01 11:17:16,Choose your reason below and click on the Report button. This will alert our moderators to take action,
80,economic_times,markets,"Budget 2026 reassures bond markets on fiscal discipline, borrowing size keeps yields in focus","Budget 2026-27 signals fiscal discipline and policy continuity, reassuring bond markets. While structural reforms aim to deepen the bond market, a higher gross borrowing program is a key factor. Investors will watch the Reserve Bank of India for liquidity cues. The budget balances growth spending with macroeconomic stability, setting a path for long-term sustainability.",https://economictimes.indiatimes.com/markets/bonds/budget-2026-reassures-bond-markets-on-fiscal-discipline-borrowing-size-keeps-yields-in-focus/articleshow/127840038.cms,2026-02-01 11:12:11,"Budget 2026-27 signals fiscal discipline and policy continuity, reassuring bond markets. While structural reforms aim to deepen the bond market, a higher gross borrowing program is a key factor. Investors will watch the Reserve Bank of India for liquidity cues. The budget balances growth spending with macroeconomic stability, setting a path for long-term sustainability.
Budget 2026 proposes capital gains tax exemption for Sovereign Gold Bonds only if purchased directly from RBI and held until maturity. Secondary market SGBs will lose tax benefits, aiming to reward patient investors over speculators, though bond prices fell sharply.
Choose your reason below and click on the Report button. This will alert our moderators to take action
Log out of your current logged-in accountand log in again using your ET Prime credentials  to enjoy all member benefits.
Trump temper on H-1B visas is forcing Indians to do these things to stay put in US
Why veterans like Reliance, L&T are on acquisition spree? Aswath Damodaran has an answer.
Huawei launches its own OS to compete with Google and Apple. But can it win beyond China?
Check the score based on the company's fundamentals, solvency, growth, risk & ownership to decide the right stocks.
Analyze the market sentiments & identify the trend reversal for strategic decisions.
Ask your stock queries & get assured replies by ET appointed, SEBI registered experts.
Read your daily newspaper in Digital View & get it delivered to your inbox everyday.",
81,economic_times,markets,"Explained: Why SBI, Canara Bank, other PSU bank stocks tumbled up to 9% after Union Budget 2026","PSU bank stocks tumbled in the special Sunday session after the Budget’s record borrowing plan sparked fears of rising bond yields and mark-to-market losses. SBI, Bank of Baroda, Canara Bank, Indian Bank and Bank of India led the decline, dragging the Nifty PSU Bank index sharply lower as investors priced in treasury risks.",https://economictimes.indiatimes.com/markets/stocks/news/explained-why-sbi-canara-bank-other-psu-bank-stocks-tumbled-up-to-9-after-union-budget-2026/articleshow/127839835.cms,2026-02-01 11:09:59,"PSU bank stocks tumbled in the special Sunday session after the Budget’s record borrowing plan sparked fears of rising bond yields and mark-to-market losses. SBI, Bank of Baroda, Canara Bank, Indian Bank and Bank of India led the decline, dragging the Nifty PSU Bank index sharply lower as investors priced in treasury risks.
Choose your reason below and click on the Report button. This will alert our moderators to take action
Log out of your current logged-in accountand log in again using your ET Prime credentials  to enjoy all member benefits.
Trump temper on H-1B visas is forcing Indians to do these things to stay put in US
Why veterans like Reliance, L&T are on acquisition spree? Aswath Damodaran has an answer.
Huawei launches its own OS to compete with Google and Apple. But can it win beyond China?
Check the score based on the company's fundamentals, solvency, growth, risk & ownership to decide the right stocks.
Analyze the market sentiments & identify the trend reversal for strategic decisions.
Ask your stock queries & get assured replies by ET appointed, SEBI registered experts.
Read your daily newspaper in Digital View & get it delivered to your inbox everyday.",
82,economic_times,markets,Budget 2026: Infrastructure push sets the stage for a real estate revival,"Union Budget 2026 reinforced India’s infrastructure led growth strategy with higher capital expenditure, de risking mechanisms and improved connectivity. Industry leaders expect these measures to boost execution, liquidity and long term demand across real estate segments, supporting urban expansion, housing activity and investment-led development over the medium to long term.",https://economictimes.indiatimes.com/markets/digital-real-estate/realty-news/budget-2026-infrastructure-push-sets-the-stage-for-a-real-estate-revival/articleshow/127839860.cms,2026-02-01 11:02:51,"Union Budget 2026 reinforced India’s infrastructure led growth strategy with higher capital expenditure, de risking mechanisms and improved connectivity. Industry leaders expect these measures to boost execution, liquidity and long term demand across real estate segments, supporting urban expansion, housing activity and investment-led development over the medium to long term.
Choose your reason below and click on the Report button. This will alert our moderators to take action
Log out of your current logged-in accountand log in again using your ET Prime credentials  to enjoy all member benefits.
Trump temper on H-1B visas is forcing Indians to do these things to stay put in US
Why veterans like Reliance, L&T are on acquisition spree? Aswath Damodaran has an answer.
Huawei launches its own OS to compete with Google and Apple. But can it win beyond China?
Check the score based on the company's fundamentals, solvency, growth, risk & ownership to decide the right stocks.
Analyze the market sentiments & identify the trend reversal for strategic decisions.
Ask your stock queries & get assured replies by ET appointed, SEBI registered experts.
Read your daily newspaper in Digital View & get it delivered to your inbox everyday.",
83,economic_times,markets,ITC investors alert: What does a hike in statutory tobacco taxation in Budget fineprint reveal,"ITC shares fell nearly 3% during the Budget-day session as investors reacted to the December cigarette tax overhaul kicking in from February 1 and a statutory increase in NCCD rates for tobacco products. While the effective duty remains unchanged for now, the move has added policy uncertainty and pressured sentiment.",https://economictimes.indiatimes.com/markets/stocks/news/itc-falls-3-a-key-change-to-tobacco-taxation-in-budget-fine-print-making-investors-nervous/articleshow/127839796.cms,2026-02-01 10:55:00,"ITC shares fell nearly 3% during the Budget-day session as investors reacted to the December cigarette tax overhaul kicking in from February 1 and a statutory increase in NCCD rates for tobacco products. While the effective duty remains unchanged for now, the move has added policy uncertainty and pressured sentiment.
Choose your reason below and click on the Report button. This will alert our moderators to take action
Log out of your current logged-in accountand log in again using your ET Prime credentials  to enjoy all member benefits.
Trump temper on H-1B visas is forcing Indians to do these things to stay put in US
Why veterans like Reliance, L&T are on acquisition spree? Aswath Damodaran has an answer.
Huawei launches its own OS to compete with Google and Apple. But can it win beyond China?
Check the score based on the company's fundamentals, solvency, growth, risk & ownership to decide the right stocks.
Analyze the market sentiments & identify the trend reversal for strategic decisions.
Ask your stock queries & get assured replies by ET appointed, SEBI registered experts.
Read your daily newspaper in Digital View & get it delivered to your inbox everyday.",
84,economic_times,markets,"STT hike unlikely to rattle long-term foreign investors, may curb speculative trading: Ashishkumar Chauhan","The government's increased Securities Transaction Tax on derivatives aims to curb speculation and encourage long-term investing. While high-frequency traders may need to adjust strategies, foreign portfolio investors are expected to remain unaffected, prioritizing company growth and economic stability over short-term trading costs.",https://economictimes.indiatimes.com/markets/expert-view/stt-hike-unlikely-to-rattle-long-term-foreign-investors-may-curb-speculative-trading-ashishkumar-chauhan/articleshow/127839680.cms,2026-02-01 10:49:27,"The government's increased Securities Transaction Tax on derivatives aims to curb speculation and encourage long-term investing. While high-frequency traders may need to adjust strategies, foreign portfolio investors are expected to remain unaffected, prioritizing company growth and economic stability over short-term trading costs.
Choose your reason below and click on the Report button. This will alert our moderators to take action
Log out of your current logged-in accountand log in again using your ET Prime credentials  to enjoy all member benefits.
Trump temper on H-1B visas is forcing Indians to do these things to stay put in US
Why veterans like Reliance, L&T are on acquisition spree? Aswath Damodaran has an answer.
Huawei launches its own OS to compete with Google and Apple. But can it win beyond China?
Check the score based on the company's fundamentals, solvency, growth, risk & ownership to decide the right stocks.
Analyze the market sentiments & identify the trend reversal for strategic decisions.
Ask your stock queries & get assured replies by ET appointed, SEBI registered experts.
Read your daily newspaper in Digital View & get it delivered to your inbox everyday.",
85,economic_times,markets,"Sensex down over 1,500 points after Budget, but 27 stocks drawing attention","Indian equities fell sharply after Union Budget 2026, with the Sensex dropping nearly 1,600 points. However, infrastructure focused announcements on capex, high speed rail, rare earths, data centres and medical tourism brought 27 stocks into focus as potential beneficiaries of the government’s investment push.",https://economictimes.indiatimes.com/markets/stocks/news/sensex-down-over-1500-points-after-budget-but-27-stocks-drawing-attention/articleshow/127839564.cms,2026-02-01 10:45:31,"Indian equities fell sharply after Union Budget 2026, with the Sensex dropping nearly 1,600 points. However, infrastructure focused announcements on capex, high speed rail, rare earths, data centres and medical tourism brought 27 stocks into focus as potential beneficiaries of the government’s investment push.
Sensex slides after Budget, but infrastructure and capex linked stocks draw attention
Choose your reason below and click on the Report button. This will alert our moderators to take action
Log out of your current logged-in accountand log in again using your ET Prime credentials  to enjoy all member benefits.
Trump temper on H-1B visas is forcing Indians to do these things to stay put in US
Why veterans like Reliance, L&T are on acquisition spree? Aswath Damodaran has an answer.
Huawei launches its own OS to compete with Google and Apple. But can it win beyond China?
Check the score based on the company's fundamentals, solvency, growth, risk & ownership to decide the right stocks.
Analyze the market sentiments & identify the trend reversal for strategic decisions.
Ask your stock queries & get assured replies by ET appointed, SEBI registered experts.
Read your daily newspaper in Digital View & get it delivered to your inbox everyday.",
86,economic_times,markets,Budget 2026: STT hike to squeeze brokers' earnings,"Proposed STT hikes on equity futures and options are expected to cut derivatives volumes, hurt liquidity providers, and pressure broker revenues. Broking stocks fell sharply as higher trading costs threaten margins, especially for firms heavily reliant on equity derivatives income.",https://economictimes.indiatimes.com/markets/stocks/news/budget-2026-stt-hike-to-squeeze-brokers-earnings/articleshow/127839516.cms,2026-02-01 10:39:22,"Proposed STT hikes on equity futures and options are expected to cut derivatives volumes, hurt liquidity providers, and pressure broker revenues. Broking stocks fell sharply as higher trading costs threaten margins, especially for firms heavily reliant on equity derivatives income.
Choose your reason below and click on the Report button. This will alert our moderators to take action
Log out of your current logged-in accountand log in again using your ET Prime credentials  to enjoy all member benefits.
Trump temper on H-1B visas is forcing Indians to do these things to stay put in US
Why veterans like Reliance, L&T are on acquisition spree? Aswath Damodaran has an answer.
Huawei launches its own OS to compete with Google and Apple. But can it win beyond China?
Check the score based on the company's fundamentals, solvency, growth, risk & ownership to decide the right stocks.
Analyze the market sentiments & identify the trend reversal for strategic decisions.
Ask your stock queries & get assured replies by ET appointed, SEBI registered experts.
Read your daily newspaper in Digital View & get it delivered to your inbox everyday.",
87,economic_times,markets,"Fiscal prudence a positive, markets spooked by STT and borrowings: Amitabh Chaudhry","The Union Budget has drawn mixed market reactions. Amitabh Chaudhry sees stability and continuity as positives. Focus areas include pharmaceuticals, semiconductors, and infrastructure. While higher borrowings and transaction taxes are concerns, details may bring market calm. The budget aims for self-reliance and institutional scale.",https://economictimes.indiatimes.com/markets/expert-view/fiscal-prudence-a-positive-markets-spooked-by-stt-and-borrowings-amitabh-chaudhry/articleshow/127839396.cms,2026-02-01 10:38:00,"The Union Budget has drawn mixed market reactions. Amitabh Chaudhry sees stability and continuity as positives. Focus areas include pharmaceuticals, semiconductors, and infrastructure. While higher borrowings and transaction taxes are concerns, details may bring market calm. The budget aims for self-reliance and institutional scale.
Choose your reason below and click on the Report button. This will alert our moderators to take action
Log out of your current logged-in accountand log in again using your ET Prime credentials  to enjoy all member benefits.
Trump temper on H-1B visas is forcing Indians to do these things to stay put in US
Why veterans like Reliance, L&T are on acquisition spree? Aswath Damodaran has an answer.
Huawei launches its own OS to compete with Google and Apple. But can it win beyond China?
Check the score based on the company's fundamentals, solvency, growth, risk & ownership to decide the right stocks.
Analyze the market sentiments & identify the trend reversal for strategic decisions.
Ask your stock queries & get assured replies by ET appointed, SEBI registered experts.
Read your daily newspaper in Digital View & get it delivered to your inbox everyday.",
88,economic_times,markets,Rupee near 92: Why are analysts pricing in more currency slump after the Budget?,"The Economic Survey had earlier flagged risks from the external sector, including volatile capital flows and global financial tightening. Analysts say these concerns are now playing out more visibly in currency markets.",https://economictimes.indiatimes.com/markets/commodities/news/rupee-near-92-why-are-analysts-pricing-in-more-currency-slump-after-the-budget/articleshow/127839333.cms,2026-02-01 10:35:14,"The Economic Survey had earlier flagged risks from the external sector, including volatile capital flows and global financial tightening. Analysts say these concerns are now playing out more visibly in currency markets.
Choose your reason below and click on the Report button. This will alert our moderators to take action
Log out of your current logged-in accountand log in again using your ET Prime credentials  to enjoy all member benefits.
Trump temper on H-1B visas is forcing Indians to do these things to stay put in US
Why veterans like Reliance, L&T are on acquisition spree? Aswath Damodaran has an answer.
Huawei launches its own OS to compete with Google and Apple. But can it win beyond China?
Check the score based on the company's fundamentals, solvency, growth, risk & ownership to decide the right stocks.
Analyze the market sentiments & identify the trend reversal for strategic decisions.
Ask your stock queries & get assured replies by ET appointed, SEBI registered experts.
Read your daily newspaper in Digital View & get it delivered to your inbox everyday.",
89,economic_times,markets,STT bombshell hits Dalal Street: Top 10 laggards in Sunday’s Budget special trading session,"Indian stocks slumped in Sunday’s special Budget session after the sharp STT hike on futures and options triggered heavy selling. MCX, Hindustan Copper, Hindustan Zinc, Angel One, BSE and other major names ranked among the top Nifty 500 losers",https://economictimes.indiatimes.com/markets/stocks/news/stt-bombshell-hits-dalal-street-top-10-laggards-in-sundays-budget-special-trading-session/slideshow/127838780.cms,2026-02-01 09:48:35,"Indian equities took a hard knock during Sunday’s special trading session after Finance Minister Nirmala Sitharaman announced a hike in the Securities Transaction Tax (STT) on futures and options in the Budget 2026 speech. The surprise move sparked an aggressive sell-off in the live weekend session, sending frontline indices sharply lower.The BSE Sensex tumbled 1,547 points to end at 80,723, while the Nifty slid 495 points to 24,825 at close. The pain was not limited to benchmarks— the broader Nifty 500 index also slipped nearly 300 points, or 1.5%. More striking was the damage within the index: the top 10 laggards on the Nifty 500 plunged between 7% and 14% during the session. Here’s a look at the worst-hit stocks and the reasons behind their steep fall.
MCX India shares ended the session lower, declining 12% to Rs 2,233. Earlier in the session, MCX shares plunged nearly 15% to hit the lower circuit at Rs 2,146 after gold and silver prices crashed 6% each, extending their worst-ever fall seen on Friday. Profit-taking and a stronger US dollar accelerated the sell-off. MCX was trading during the special Sunday session held alongside the Union Budget 2026 presentation.
Hind Copper stock closed in the negative, falling 13% to Rs 599. In early trade, shares tumbled as much as 19% to an intraday low of Rs 555 on the BSE, tracking a sharp decline in global copper prices. Copper on the London Metal Exchange fell 3.4% to $13,157 per tonne, weighing heavily on sentiment across metal stocks.
Hindustan Zinc shares ended negative, dropping 9% to Rs 570. Shares fell nearly 10% intraday to Rs 566 after silver prices dropped another 6%, extending the steep sell-off from Friday’s record crash. Profit-booking and a firm US dollar drove the correction, with the stock now down 21% over the last two trading sessions.
Bharat Dynamics shares finished lower, slipping 10% to Rs 1,384. Defence stocks faced intense pressure on Budget day after the Finance Minister made no major announcements for the sector. Soon after the Budget speech, defence counters were among the worst hit, with the Nifty India Defence index falling as much as 6%.
Angel One shares closed weaker, shedding 9% to Rs 2,313. Angel One and other brokerage stocks came under heavy selling after the Union Budget 2026 announced a hike in STT on futures and options, triggering a sharp sell-off during the special live weekend trading session.
NALCO shares ended in the red, down 8% at Rs 354. Metal stocks, including NALCO, Hindustan Copper and Vedanta, came under pressure after sharp declines in gold, silver and copper prices. A stronger US dollar and profit-taking after a recent rally rattled commodity markets.
Shares of BSE slipped 8.09% to Rs 2,571 by 3 pm. The stock declined sharply after the Budget raised STT on futures and options, sparking heavy selling in exchange and brokerage stocks during Sunday’s special trading session.
Muthoot Finance shares settled in the red, down 9% at Rs 3,493. Gold financing companies faced selling pressure after spot gold prices dropped nearly 12%, raising concerns over collateral values and potential pressure on lending margins.
GRSE finished shares closed lower, declining 9% to Rs 2,522. Defence stocks witnessed sharp volatility on Budget day as the absence of major sector-specific announcements triggered broad-based selling, pushing the Nifty India Defence index down about 6% at its lows.
The stock closed lower 6.83% to Rs 1,230. Selling intensified across capital market stocks after the Finance Minister announced a sharp hike in STT—futures STT was raised from 0.02% to 0.05%, while options STT was increased to 0.15%. Following the announcement, the capital markets index fell over 6%, dragging down stocks across the ecosystem.
Budget 2026 builds confidence but defence misses spotlight: Anant Goenka, President , FICCI
Budget underscores razor-sharp focus on rare earth self-reliance: Subhrakant Panda",
90,economic_times,markets,"Capex push, STT increase and Budget fineprint for stock market: Will Sensex, Nifty fall further in days ahead?","Indian markets plunged post Union Budget 2026 as Sensex fell sharply on higher trading taxes and weak FPI cues. Despite near term shock, analysts see capex push, defence spending and structural reforms supporting medium to long term growth prospects ahead.",https://economictimes.indiatimes.com/markets/stocks/news/capex-push-stt-increase-and-budget-fine-print-for-stock-market-will-sensex-nifty-fall-further-in-days-ahead/articleshow/127838294.cms,2026-02-01 09:28:27,"Indian markets plunged post Union Budget 2026 as Sensex fell sharply on higher trading taxes and weak FPI cues. Despite near term shock, analysts see capex push, defence spending and structural reforms supporting medium to long term growth prospects ahead.
Choose your reason below and click on the Report button. This will alert our moderators to take action
Log out of your current logged-in accountand log in again using your ET Prime credentials  to enjoy all member benefits.
Trump temper on H-1B visas is forcing Indians to do these things to stay put in US
Why veterans like Reliance, L&T are on acquisition spree? Aswath Damodaran has an answer.
Huawei launches its own OS to compete with Google and Apple. But can it win beyond China?
Check the score based on the company's fundamentals, solvency, growth, risk & ownership to decide the right stocks.
Analyze the market sentiments & identify the trend reversal for strategic decisions.
Ask your stock queries & get assured replies by ET appointed, SEBI registered experts.
Read your daily newspaper in Digital View & get it delivered to your inbox everyday.",
91,economic_times,markets,Union Budget 2026: Paytm shares surge 9%. Here’s what’s driving the rally,"Paytm shares jumped sharply after Budget 2026 announced a significantly higher incentive allocation for UPI and RuPay, boosting sentiment around digital payments. Strong volumes accompanied the rally as investors cheered policy support, while improved profitability and steady revenue growth further strengthened confidence in the fintech company’s outlook.",https://economictimes.indiatimes.com/markets/stocks/news/union-budget-2026-paytm-shares-surge-9-heres-whats-driving-the-rally/articleshow/127838086.cms,2026-02-01 09:24:10,"Paytm shares jumped sharply after Budget 2026 announced a significantly higher incentive allocation for UPI and RuPay, boosting sentiment around digital payments. Strong volumes accompanied the rally as investors cheered policy support, while improved profitability and steady revenue growth further strengthened confidence in the fintech company’s outlook.
Choose your reason below and click on the Report button. This will alert our moderators to take action
Log out of your current logged-in accountand log in again using your ET Prime credentials  to enjoy all member benefits.
Trump temper on H-1B visas is forcing Indians to do these things to stay put in US
Why veterans like Reliance, L&T are on acquisition spree? Aswath Damodaran has an answer.
Huawei launches its own OS to compete with Google and Apple. But can it win beyond China?
Check the score based on the company's fundamentals, solvency, growth, risk & ownership to decide the right stocks.
Analyze the market sentiments & identify the trend reversal for strategic decisions.
Ask your stock queries & get assured replies by ET appointed, SEBI registered experts.
Read your daily newspaper in Digital View & get it delivered to your inbox everyday.",
92,economic_times,markets,"Gokaldas Exports posts Rs 15 crore Q3 profit, sees sequential recovery despite US tariff impact","Gokaldas Exports posted ₹15 crore Q3 FY26 profit, up 81% sequentially, hinting recovery despite global headwinds. Yearly profit fell on US tariffs, while productivity gains, cost controls, stable revenue, and improving margins supported quarter-on-quarter performance across India and Africa outlook.",https://economictimes.indiatimes.com/markets/stocks/earnings/gokaldas-exports-posts-rs-15-crore-q3-profit-sees-sequential-recovery-despite-us-tariff-impact/articleshow/127838054.cms,2026-02-01 09:15:52,"Gokaldas Exports posted ₹15 crore Q3 FY26 profit, up 81% sequentially, hinting recovery despite global headwinds. Yearly profit fell on US tariffs, while productivity gains, cost controls, stable revenue, and improving margins supported quarter-on-quarter performance across India and Africa outlook.
Choose your reason below and click on the Report button. This will alert our moderators to take action
Log out of your current logged-in accountand log in again using your ET Prime credentials  to enjoy all member benefits.
Trump temper on H-1B visas is forcing Indians to do these things to stay put in US
Why veterans like Reliance, L&T are on acquisition spree? Aswath Damodaran has an answer.
Huawei launches its own OS to compete with Google and Apple. But can it win beyond China?
Check the score based on the company's fundamentals, solvency, growth, risk & ownership to decide the right stocks.
Analyze the market sentiments & identify the trend reversal for strategic decisions.
Ask your stock queries & get assured replies by ET appointed, SEBI registered experts.
Read your daily newspaper in Digital View & get it delivered to your inbox everyday.",
93,economic_times,markets,Explained: What STT hike on derivatives means for futures and options traders?,"Union Budget 2026 raised securities transaction tax on futures and options, increasing trading costs across India’s derivatives market. The move triggered a sharp sell off in brokerage and exchange stocks and renewed concerns over liquidity, volumes and foreign investor participation in one of the world’s largest F&amp;O markets.",https://economictimes.indiatimes.com/markets/stocks/news/explained-what-the-stt-hike-on-derivatives-means-for-futures-and-options-traders/articleshow/127837904.cms,2026-02-01 09:07:13,"Union Budget 2026 raised securities transaction tax on futures and options, increasing trading costs across India’s derivatives market. The move triggered a sharp sell off in brokerage and exchange stocks and renewed concerns over liquidity, volumes and foreign investor participation in one of the world’s largest F&O markets.
Choose your reason below and click on the Report button. This will alert our moderators to take action
Log out of your current logged-in accountand log in again using your ET Prime credentials  to enjoy all member benefits.
Trump temper on H-1B visas is forcing Indians to do these things to stay put in US
Why veterans like Reliance, L&T are on acquisition spree? Aswath Damodaran has an answer.
Huawei launches its own OS to compete with Google and Apple. But can it win beyond China?
Check the score based on the company's fundamentals, solvency, growth, risk & ownership to decide the right stocks.
Analyze the market sentiments & identify the trend reversal for strategic decisions.
Ask your stock queries & get assured replies by ET appointed, SEBI registered experts.
Read your daily newspaper in Digital View & get it delivered to your inbox everyday.",
94,economic_times,markets,Biocon Biologics sees Biopharma SHAKTI as major boost for India’s biosimilar ambitions,"India's biopharmaceutical sector receives a significant boost with the Union Budget's ₹10,000 crore Biopharma SHAKTI programme. This initiative aims to enhance domestic manufacturing and innovation capabilities. Industry leaders believe it will help India build globally competitive biologics and biosimilar strengths. The programme focuses on innovation, global scale, and regulatory improvements.",https://economictimes.indiatimes.com/markets/expert-view/biocon-biologics-sees-biopharma-shakti-as-major-boost-for-indias-biosimilar-ambitions/articleshow/127837571.cms,2026-02-01 08:47:49,"India's biopharmaceutical sector receives a significant boost with the Union Budget's ₹10,000 crore Biopharma SHAKTI programme. This initiative aims to enhance domestic manufacturing and innovation capabilities. Industry leaders believe it will help India build globally competitive biologics and biosimilar strengths. The programme focuses on innovation, global scale, and regulatory improvements.
Choose your reason below and click on the Report button. This will alert our moderators to take action
Log out of your current logged-in accountand log in again using your ET Prime credentials  to enjoy all member benefits.
Trump temper on H-1B visas is forcing Indians to do these things to stay put in US
Why veterans like Reliance, L&T are on acquisition spree? Aswath Damodaran has an answer.
Huawei launches its own OS to compete with Google and Apple. But can it win beyond China?
Check the score based on the company's fundamentals, solvency, growth, risk & ownership to decide the right stocks.
Analyze the market sentiments & identify the trend reversal for strategic decisions.
Ask your stock queries & get assured replies by ET appointed, SEBI registered experts.
Read your daily newspaper in Digital View & get it delivered to your inbox everyday.",
95,economic_times,markets,Budget 2026: REITs gain up to 3% as FM proposes recycling significant real estate assets of CPSEs,"Real Estate Investment Trusts (REITs) like Brookfield India Real Estate Trust, Nexus Select Trust, Embassy Office Parks REIT gained up to 3% after Finance Minister Nirmala Sitharaman announced the creation of dedicated Real Estate Investment Trusts (REITs) for Central Public Sector Enterprises (CPSEs).",https://economictimes.indiatimes.com/markets/stocks/news/budget-2026-reits-gain-up-to-3-as-fm-proposes-recycling-significant-real-estate-assets-of-cpses/articleshow/127837503.cms,2026-02-01 08:45:26,"Real Estate Investment Trusts (REITs) like Brookfield India Real Estate Trust, Nexus Select Trust, Embassy Office Parks REIT gained up to 3% after Finance Minister Nirmala Sitharaman announced the creation of dedicated Real Estate Investment Trusts (REITs) for Central Public Sector Enterprises (CPSEs).
Choose your reason below and click on the Report button. This will alert our moderators to take action
Log out of your current logged-in accountand log in again using your ET Prime credentials  to enjoy all member benefits.
Trump temper on H-1B visas is forcing Indians to do these things to stay put in US
Why veterans like Reliance, L&T are on acquisition spree? Aswath Damodaran has an answer.
Huawei launches its own OS to compete with Google and Apple. But can it win beyond China?
Check the score based on the company's fundamentals, solvency, growth, risk & ownership to decide the right stocks.
Analyze the market sentiments & identify the trend reversal for strategic decisions.
Ask your stock queries & get assured replies by ET appointed, SEBI registered experts.
Read your daily newspaper in Digital View & get it delivered to your inbox everyday.",
96,economic_times,markets,"Budget 2026: Crypto taxation unchanged, industry disappointed over missed reforms","The Union Budget 2026 kept crypto taxation unchanged, retaining the 1% TDS and loss set-off restrictions, disappointing the industry, which says the measures continue to deter investors and traders.",https://economictimes.indiatimes.com/markets/cryptocurrency/crypto-news/budget-2026-crypto-taxation-unchanged-industry-disappointed-over-missed-reforms/articleshow/127837247.cms,2026-02-01 08:27:31,"The Union Budget 2026 kept crypto taxation unchanged, retaining the 1% TDS and loss set-off restrictions, disappointing the industry, which says the measures continue to deter investors and traders.
The world of cryptocurrencies is very dynamic. Prices can go up or down in a matter of seconds. Thus, having reliable answers to such questions is crucial for investors.
Choose your reason below and click on the Report button. This will alert our moderators to take action
Log out of your current logged-in accountand log in again using your ET Prime credentials  to enjoy all member benefits.
Trump temper on H-1B visas is forcing Indians to do these things to stay put in US
Why veterans like Reliance, L&T are on acquisition spree? Aswath Damodaran has an answer.
Huawei launches its own OS to compete with Google and Apple. But can it win beyond China?
Check the score based on the company's fundamentals, solvency, growth, risk & ownership to decide the right stocks.
Analyze the market sentiments & identify the trend reversal for strategic decisions.
Ask your stock queries & get assured replies by ET appointed, SEBI registered experts.
Read your daily newspaper in Digital View & get it delivered to your inbox everyday.",
97,economic_times,markets,"Budget 2026: Why HAL, BEL and other defence stocks are falling even after 18% capex hike","Defence stocks fell on Budget day despite a sizeable increase in capital outlay, as the hike came in below market expectations and broader sentiment weakened. HAL, BEL, BDL, Mazagon Dock and Paras Defence saw sharp declines, with higher STT and a risk-off shift adding to the post-Budget pressure on the sector.",https://economictimes.indiatimes.com/markets/stocks/news/budget-2026-why-hal-bel-and-other-defence-stocks-are-falling-even-after-18-defence-capex-hike/articleshow/127837033.cms,2026-02-01 08:25:38,"Defence stocks fell on Budget day despite a sizeable increase in capital outlay, as the hike came in below market expectations and broader sentiment weakened. HAL, BEL, BDL, Mazagon Dock and Paras Defence saw sharp declines, with higher STT and a risk-off shift adding to the post-Budget pressure on the sector.
Choose your reason below and click on the Report button. This will alert our moderators to take action
Log out of your current logged-in accountand log in again using your ET Prime credentials  to enjoy all member benefits.
Trump temper on H-1B visas is forcing Indians to do these things to stay put in US
Why veterans like Reliance, L&T are on acquisition spree? Aswath Damodaran has an answer.
Huawei launches its own OS to compete with Google and Apple. But can it win beyond China?
Check the score based on the company's fundamentals, solvency, growth, risk & ownership to decide the right stocks.
Analyze the market sentiments & identify the trend reversal for strategic decisions.
Ask your stock queries & get assured replies by ET appointed, SEBI registered experts.
Read your daily newspaper in Digital View & get it delivered to your inbox everyday.",
98,economic_times,markets,"Budget lacks bold reforms, focuses on cautious continuity: Swaminathan Aiyar","Economist Swaminathan Aiyar finds the Union Budget unremarkable. He notes a lack of bold reforms and simplification, with many small changes increasing complexity. Fiscal consolidation is marginal. The budget prioritizes stability amid strong growth. Major reforms like fertiliser subsidy abolition were avoided. Sector-specific measures are politically understandable but economically modest.",https://economictimes.indiatimes.com/markets/expert-view/budget-lacks-bold-reforms-focuses-on-cautious-continuity-swaminathan-aiyar/articleshow/127836985.cms,2026-02-01 08:11:20,"Economist Swaminathan Aiyar finds the Union Budget unremarkable. He notes a lack of bold reforms and simplification, with many small changes increasing complexity. Fiscal consolidation is marginal. The budget prioritizes stability amid strong growth. Major reforms like fertiliser subsidy abolition were avoided. Sector-specific measures are politically understandable but economically modest.
Choose your reason below and click on the Report button. This will alert our moderators to take action
Log out of your current logged-in accountand log in again using your ET Prime credentials  to enjoy all member benefits.
Trump temper on H-1B visas is forcing Indians to do these things to stay put in US
Why veterans like Reliance, L&T are on acquisition spree? Aswath Damodaran has an answer.
Huawei launches its own OS to compete with Google and Apple. But can it win beyond China?
Check the score based on the company's fundamentals, solvency, growth, risk & ownership to decide the right stocks.
Analyze the market sentiments & identify the trend reversal for strategic decisions.
Ask your stock queries & get assured replies by ET appointed, SEBI registered experts.
Read your daily newspaper in Digital View & get it delivered to your inbox everyday.",
99,economic_times,markets,Govt plans to monetise real estate assets of CPSEs via dedicated REITs,"The government on Sunday proposed to accelerate ""recycling"" of real estate assets owned by Central Public Sector Enterprises (CPSEs) through the setting up of dedicated real estate investment trusts (REITs).",https://economictimes.indiatimes.com/markets/digital-real-estate/realty-news/govt-plans-to-monetise-real-estate-assets-of-cpses-via-dedicated-reits/articleshow/127836838.cms,2026-02-01 08:03:14,"The government on Sunday proposed to accelerate ""recycling"" of real estate assets owned by Central Public Sector Enterprises (CPSEs) through the setting up of dedicated real estate investment trusts (REITs).
Choose your reason below and click on the Report button. This will alert our moderators to take action",
100,economic_times,markets,Budget 2026: Realty stocks plunge up to 10% on Budget miss; REITs rally up to 3%,"Realty stocks fell sharply after Budget 2026 disappointed the sector with no major incentives, dragging the Nifty Realty index lower. Developers saw heavy losses amid unmet housing expectations, while REITs outperformed, supported by the government’s continued focus on urban infrastructure development and asset monetisation through dedicated REIT structures.",https://economictimes.indiatimes.com/markets/stocks/news/budget-2026-realty-stocks-plunge-up-to-10-on-budget-miss-reits-rally-up-to-3/articleshow/127836789.cms,2026-02-01 07:59:09,"Realty stocks fell sharply after Budget 2026 disappointed the sector with no major incentives, dragging the Nifty Realty index lower. Developers saw heavy losses amid unmet housing expectations, while REITs outperformed, supported by the government’s continued focus on urban infrastructure development and asset monetisation through dedicated REIT structures.
Choose your reason below and click on the Report button. This will alert our moderators to take action
Log out of your current logged-in accountand log in again using your ET Prime credentials  to enjoy all member benefits.
Trump temper on H-1B visas is forcing Indians to do these things to stay put in US
Why veterans like Reliance, L&T are on acquisition spree? Aswath Damodaran has an answer.
Huawei launches its own OS to compete with Google and Apple. But can it win beyond China?
Check the score based on the company's fundamentals, solvency, growth, risk & ownership to decide the right stocks.
Analyze the market sentiments & identify the trend reversal for strategic decisions.
Ask your stock queries & get assured replies by ET appointed, SEBI registered experts.
Read your daily newspaper in Digital View & get it delivered to your inbox everyday.",
101,economic_times,markets,"Rs 10 lakh crore wiped out! Sensex sheds over 1,500 points, Nifty below 25,000; Why did the stock market crash after Budget?","Indian stocks fell sharply in Sunday’s special trading session after the Union Budget 2026 raised STT on futures and options. The steep hike in derivatives taxes triggered a broad sell-off, as investors worried about lower trading volumes and earnings pressure for exchanges and retail brokerages.",https://economictimes.indiatimes.com/markets/stocks/news/rs-10-lakh-crore-wiped-out-sensex-down-1900-points-nifty-below-24600-why-did-the-stock-market-crash-after-budget-key-factors/articleshow/127836069.cms,2026-02-01 07:27:04,"Indian stocks fell sharply in Sunday’s special trading session after the Union Budget 2026 raised STT on futures and options. The steep hike in derivatives taxes triggered a broad sell-off, as investors worried about lower trading volumes and earnings pressure for exchanges and retail brokerages.
Choose your reason below and click on the Report button. This will alert our moderators to take action
Log out of your current logged-in accountand log in again using your ET Prime credentials  to enjoy all member benefits.
Trump temper on H-1B visas is forcing Indians to do these things to stay put in US
Why veterans like Reliance, L&T are on acquisition spree? Aswath Damodaran has an answer.
Huawei launches its own OS to compete with Google and Apple. But can it win beyond China?
Check the score based on the company's fundamentals, solvency, growth, risk & ownership to decide the right stocks.
Analyze the market sentiments & identify the trend reversal for strategic decisions.
Ask your stock queries & get assured replies by ET appointed, SEBI registered experts.
Read your daily newspaper in Digital View & get it delivered to your inbox everyday.",
102,economic_times,markets,"Union Budget 2026: FM plans FEMA overhaul, introduces total return swaps for corporate bonds",Finance Minister Nirmala Sitharaman announced a review of FEMA rules to modernize foreign investment frameworks and proposed introducing total return swaps on corporate bonds in the Union Budget 2026.,https://economictimes.indiatimes.com/markets/stocks/news/union-budget-2026-fm-plans-fema-overhaul-introduces-total-return-swaps-for-corporate-bonds/articleshow/127836248.cms,2026-02-01 07:25:33,"Finance Minister Nirmala Sitharaman announced a review of FEMA rules to modernize foreign investment frameworks and proposed introducing total return swaps on corporate bonds in the Union Budget 2026.
Choose your reason below and click on the Report button. This will alert our moderators to take action
Log out of your current logged-in accountand log in again using your ET Prime credentials  to enjoy all member benefits.
Trump temper on H-1B visas is forcing Indians to do these things to stay put in US
Why veterans like Reliance, L&T are on acquisition spree? Aswath Damodaran has an answer.
Huawei launches its own OS to compete with Google and Apple. But can it win beyond China?
Check the score based on the company's fundamentals, solvency, growth, risk & ownership to decide the right stocks.
Analyze the market sentiments & identify the trend reversal for strategic decisions.
Ask your stock queries & get assured replies by ET appointed, SEBI registered experts.
Read your daily newspaper in Digital View & get it delivered to your inbox everyday.",
103,economic_times,markets,"Budget 2026: Anant Raj, other stocks jump up to 10% as FM announces tax holiday to turn India into data centre hub","Indian data centre stocks experienced significant gains following a proposed tax holiday until 2047 for foreign cloud companies. This initiative aims to establish India as a global digital hub. Companies like Techno Electric, Netweb Technologies, Orient Technologies, and Anant Raj saw their shares climb. Cummins India also benefited. Adani Enterprises' stock saw a slight dip.",https://economictimes.indiatimes.com/markets/stocks/news/budget-2026-anant-raj-other-stocks-jump-up-to-10-as-fm-announces-tax-holiday-to-turn-india-into-data-centre-hub/articleshow/127835935.cms,2026-02-01 07:07:30,"Indian data centre stocks experienced significant gains following a proposed tax holiday until 2047 for foreign cloud companies. This initiative aims to establish India as a global digital hub. Companies like Techno Electric, Netweb Technologies, Orient Technologies, and Anant Raj saw their shares climb. Cummins India also benefited. Adani Enterprises' stock saw a slight dip.
Data centre stocks rally as Budget 2026 offers tax holiday to boost cloud infrastructure.
Choose your reason below and click on the Report button. This will alert our moderators to take action
Log out of your current logged-in accountand log in again using your ET Prime credentials  to enjoy all member benefits.
Trump temper on H-1B visas is forcing Indians to do these things to stay put in US
Why veterans like Reliance, L&T are on acquisition spree? Aswath Damodaran has an answer.
Huawei launches its own OS to compete with Google and Apple. But can it win beyond China?
Check the score based on the company's fundamentals, solvency, growth, risk & ownership to decide the right stocks.
Analyze the market sentiments & identify the trend reversal for strategic decisions.
Ask your stock queries & get assured replies by ET appointed, SEBI registered experts.
Read your daily newspaper in Digital View & get it delivered to your inbox everyday.",
104,economic_times,markets,"Budget 2026: PSU bank stocks plunge up to 6%; Bank of India, BoB lead losses","State-run bank shares plummeted Sunday following the government's announcement of a high-level committee to review the sector for future growth.  Bank of India saw the steepest fall, with all 12 Nifty PSU Bank index stocks trading lower. This move, part of the Viksit Bharat initiative, also includes restructuring of nonbank lenders, marking a rare Budget Sunday market session.",https://economictimes.indiatimes.com/markets/stocks/news/budget-2026-psu-bank-stocks-plunge-up-to-6-bank-of-india-bob-lead-losses/articleshow/127835948.cms,2026-02-01 07:07:25,"State-run bank shares plummeted Sunday following the government's announcement of a high-level committee to review the sector for future growth.  Bank of India saw the steepest fall, with all 12 Nifty PSU Bank index stocks trading lower. This move, part of the Viksit Bharat initiative, also includes restructuring of nonbank lenders, marking a rare Budget Sunday market session.
Choose your reason below and click on the Report button. This will alert our moderators to take action
Log out of your current logged-in accountand log in again using your ET Prime credentials  to enjoy all member benefits.
Trump temper on H-1B visas is forcing Indians to do these things to stay put in US
Why veterans like Reliance, L&T are on acquisition spree? Aswath Damodaran has an answer.
Huawei launches its own OS to compete with Google and Apple. But can it win beyond China?
Check the score based on the company's fundamentals, solvency, growth, risk & ownership to decide the right stocks.
Analyze the market sentiments & identify the trend reversal for strategic decisions.
Ask your stock queries & get assured replies by ET appointed, SEBI registered experts.
Read your daily newspaper in Digital View & get it delivered to your inbox everyday.",
105,economic_times,markets,"BSE, Groww, Angel One shares crash 13% as Budget 2026 raises STT on futures and options","Under the Budget 2026 proposals, the STT on futures transactions was increased from 0.02% to 0.05%. The STT on options premium was raised from 0.10% to 0.15%, while the levy on options exercise was increased from 0.125% to 0.15%.",https://economictimes.indiatimes.com/markets/stocks/news/bse-angel-one-shares-crash-10-as-budget-2026-raises-stt-on-futures-and-options/articleshow/127835783.cms,2026-02-01 07:02:17,"Under the Budget 2026 proposals, the STT on futures transactions was increased from 0.02% to 0.05%. The STT on options premium was raised from 0.10% to 0.15%, while the levy on options exercise was increased from 0.125% to 0.15%.
Choose your reason below and click on the Report button. This will alert our moderators to take action
Log out of your current logged-in accountand log in again using your ET Prime credentials  to enjoy all member benefits.
Trump temper on H-1B visas is forcing Indians to do these things to stay put in US
Why veterans like Reliance, L&T are on acquisition spree? Aswath Damodaran has an answer.
Huawei launches its own OS to compete with Google and Apple. But can it win beyond China?
Check the score based on the company's fundamentals, solvency, growth, risk & ownership to decide the right stocks.
Analyze the market sentiments & identify the trend reversal for strategic decisions.
Ask your stock queries & get assured replies by ET appointed, SEBI registered experts.
Read your daily newspaper in Digital View & get it delivered to your inbox everyday.",
106,economic_times,markets,Union Budget 2026: India raises overseas individual investment limits in equities under PIS,"The Budget 2026 allows non-resident Indians to invest in Indian equities via the Portfolio Investment Scheme, raising individual limits and the overall foreign holding cap. The move aims to deepen capital markets, broaden long-term inflows, and leverage global Indian participation, supported by evolving platforms such as GIFT City.",https://economictimes.indiatimes.com/markets/stocks/news/union-budget-2026-india-raises-overseas-individual-investment-limits-in-equities-under-pis/articleshow/127835248.cms,2026-02-01 06:53:02,"The Budget 2026 allows non-resident Indians to invest in Indian equities via the Portfolio Investment Scheme, raising individual limits and the overall foreign holding cap. The move aims to deepen capital markets, broaden long-term inflows, and leverage global Indian participation, supported by evolving platforms such as GIFT City.
Choose your reason below and click on the Report button. This will alert our moderators to take action
Log out of your current logged-in accountand log in again using your ET Prime credentials  to enjoy all member benefits.
Trump temper on H-1B visas is forcing Indians to do these things to stay put in US
Why veterans like Reliance, L&T are on acquisition spree? Aswath Damodaran has an answer.
Huawei launches its own OS to compete with Google and Apple. But can it win beyond China?
Check the score based on the company's fundamentals, solvency, growth, risk & ownership to decide the right stocks.
Analyze the market sentiments & identify the trend reversal for strategic decisions.
Ask your stock queries & get assured replies by ET appointed, SEBI registered experts.
Read your daily newspaper in Digital View & get it delivered to your inbox everyday.",
107,economic_times,markets,"Budget 2026: EaseMyTrip, ITC Hotels &amp; other travel stocks soar up to 9% as FM Sitharaman unveils big tourism measures","Tourism and hospitality stocks rose after the Union Budget 2026-27 announced initiatives to boost medical tourism, skilling, and infrastructure. Indian Hotels, EIH, Lemon Tree and ITC Hotels gained, while Easy Trip Planners surged 9%. The budget’s focus on medical hubs, hospitality institutes, and coastal corridors supports long-term sector growth.",https://economictimes.indiatimes.com/markets/stocks/news/budget-2026-easemytrip-itc-hotels-other-travel-related-stocks-soar-up-to-9-as-fm-sitharaman-unveils-big-tourism-measures/articleshow/127835373.cms,2026-02-01 06:52:23,"Tourism and hospitality stocks rose after the Union Budget 2026-27 announced initiatives to boost medical tourism, skilling, and infrastructure. Indian Hotels, EIH, Lemon Tree and ITC Hotels gained, while Easy Trip Planners surged 9%. The budget’s focus on medical hubs, hospitality institutes, and coastal corridors supports long-term sector growth.
Choose your reason below and click on the Report button. This will alert our moderators to take action
Log out of your current logged-in accountand log in again using your ET Prime credentials  to enjoy all member benefits.
Trump temper on H-1B visas is forcing Indians to do these things to stay put in US
Why veterans like Reliance, L&T are on acquisition spree? Aswath Damodaran has an answer.
Huawei launches its own OS to compete with Google and Apple. But can it win beyond China?
Check the score based on the company's fundamentals, solvency, growth, risk & ownership to decide the right stocks.
Analyze the market sentiments & identify the trend reversal for strategic decisions.
Ask your stock queries & get assured replies by ET appointed, SEBI registered experts.
Read your daily newspaper in Digital View & get it delivered to your inbox everyday.",
108,economic_times,markets,"Budget 2026: 7 high speed corridor plan lifts Jupiter Wagons, IRFC and other railway stocks up to 3%","Railway stocks surged up to 3% in a special Sunday trading session following the Union Budget 2026-27 announcement. Finance Minister Nirmala Sitharaman unveiled plans for seven high-speed rail corridors, boosting sentiment for wagon makers, financiers, and technology providers. This initiative is expected to drive significant investment and improve inter-city connectivity across India.",https://economictimes.indiatimes.com/markets/stocks/news/budget-2026-6-high-speed-corridor-plan-lifts-jupiter-wagons-irfc-and-other-railway-stocks-up-to-3/articleshow/127835568.cms,2026-02-01 06:50:36,"Railway stocks surged up to 3% in a special Sunday trading session following the Union Budget 2026-27 announcement. Finance Minister Nirmala Sitharaman unveiled plans for seven high-speed rail corridors, boosting sentiment for wagon makers, financiers, and technology providers. This initiative is expected to drive significant investment and improve inter-city connectivity across India.
Choose your reason below and click on the Report button. This will alert our moderators to take action
Log out of your current logged-in accountand log in again using your ET Prime credentials  to enjoy all member benefits.
Trump temper on H-1B visas is forcing Indians to do these things to stay put in US
Why veterans like Reliance, L&T are on acquisition spree? Aswath Damodaran has an answer.
Huawei launches its own OS to compete with Google and Apple. But can it win beyond China?
Check the score based on the company's fundamentals, solvency, growth, risk & ownership to decide the right stocks.
Analyze the market sentiments & identify the trend reversal for strategic decisions.
Ask your stock queries & get assured replies by ET appointed, SEBI registered experts.
Read your daily newspaper in Digital View & get it delivered to your inbox everyday.",
109,economic_times,markets,"Budget 2026: PFC, REC rise up to 6% after FM Sitharaman announces restructuring",Finance Minister Nirmala Sitharaman announced plans to restructure state-run nonbank lenders Power Finance Corp. and REC to strengthen public sector financial institutions. A high-level committee will also be formed to review the sector for future growth. These initiatives are part of the Viksit Bharat initiative and were revealed during the Union Budget 2026 speech.,https://economictimes.indiatimes.com/markets/stocks/news/budget-2026-pfc-rec-rise-up-to-6-after-fm-sitharaman-announces-restructuring/articleshow/127835459.cms,2026-02-01 06:47:25,"Finance Minister Nirmala Sitharaman announced plans to restructure state-run nonbank lenders Power Finance Corp. and REC to strengthen public sector financial institutions. A high-level committee will also be formed to review the sector for future growth. These initiatives are part of the Viksit Bharat initiative and were revealed during the Union Budget 2026 speech.
Choose your reason below and click on the Report button. This will alert our moderators to take action
Log out of your current logged-in accountand log in again using your ET Prime credentials  to enjoy all member benefits.
Trump temper on H-1B visas is forcing Indians to do these things to stay put in US
Why veterans like Reliance, L&T are on acquisition spree? Aswath Damodaran has an answer.
Huawei launches its own OS to compete with Google and Apple. But can it win beyond China?
Check the score based on the company's fundamentals, solvency, growth, risk & ownership to decide the right stocks.
Analyze the market sentiments & identify the trend reversal for strategic decisions.
Ask your stock queries & get assured replies by ET appointed, SEBI registered experts.
Read your daily newspaper in Digital View & get it delivered to your inbox everyday.",
110,economic_times,markets,"Budget 2026: Max Healthcare, Apollo Hospitals, other stocks rise up to 4% as FM boosts medical tourism","Indian healthcare stocks surged following the Union Budget 2026 announcement of measures to boost medical tourism. The government plans to establish five regional medical hubs and train 1.5 lakh caregivers to attract international patients and strengthen domestic capacity. Additionally, a ""Biopharma Shakti"" initiative with a Rs 10,000 crore outlay will promote domestic production of biologics and biosimilars.",https://economictimes.indiatimes.com/markets/stocks/news/budget-2026-max-healthcare-apollo-hospitals-other-stocks-rise-up-to-4-as-fm-boosts-medical-tourism/articleshow/127835232.cms,2026-02-01 06:39:53,"Indian healthcare stocks surged following the Union Budget 2026 announcement of measures to boost medical tourism. The government plans to establish five regional medical hubs and train 1.5 lakh caregivers to attract international patients and strengthen domestic capacity. Additionally, a ""Biopharma Shakti"" initiative with a Rs 10,000 crore outlay will promote domestic production of biologics and biosimilars.
Choose your reason below and click on the Report button. This will alert our moderators to take action
Log out of your current logged-in accountand log in again using your ET Prime credentials  to enjoy all member benefits.
Trump temper on H-1B visas is forcing Indians to do these things to stay put in US
Why veterans like Reliance, L&T are on acquisition spree? Aswath Damodaran has an answer.
Huawei launches its own OS to compete with Google and Apple. But can it win beyond China?
Check the score based on the company's fundamentals, solvency, growth, risk & ownership to decide the right stocks.
Analyze the market sentiments & identify the trend reversal for strategic decisions.
Ask your stock queries & get assured replies by ET appointed, SEBI registered experts.
Read your daily newspaper in Digital View & get it delivered to your inbox everyday.",
111,economic_times,markets,"Budget 2026: Rs 40,000 crore electronics component outlay lifts Dixon Tech, Kaynes, PG Electroplast, and other EMS stocks up to 7%","Semiconductor Stocks: Electronics manufacturing services stocks rallied after the government raised the Electronics Component Manufacturing Scheme outlay to Rs 40,000 crore in Budget 2026. Dixon Technologies, Kaynes Technology, PG Electroplast and peers gained as investors priced in higher domestic demand, stronger incentives and long term semiconductor manufacturing growth.",https://economictimes.indiatimes.com/markets/stocks/news/budget-2026-rs-40000-crore-electronics-component-outlay-lifts-dixon-tech-kaynes-pg-electroplast-and-other-ems-stocks-up-to-7/articleshow/127834902.cms,2026-02-01 06:26:28,"Semiconductor Stocks: Electronics manufacturing services stocks rallied after the government raised the Electronics Component Manufacturing Scheme outlay to Rs 40,000 crore in Budget 2026. Dixon Technologies, Kaynes Technology, PG Electroplast and peers gained as investors priced in higher domestic demand, stronger incentives and long term semiconductor manufacturing growth.
EMS stocks rally as Budget 2026 expands electronics component manufacturing outlay to Rs 40,000 crore.
Choose your reason below and click on the Report button. This will alert our moderators to take action
Log out of your current logged-in accountand log in again using your ET Prime credentials  to enjoy all member benefits.
Trump temper on H-1B visas is forcing Indians to do these things to stay put in US
Why veterans like Reliance, L&T are on acquisition spree? Aswath Damodaran has an answer.
Huawei launches its own OS to compete with Google and Apple. But can it win beyond China?
Check the score based on the company's fundamentals, solvency, growth, risk & ownership to decide the right stocks.
Analyze the market sentiments & identify the trend reversal for strategic decisions.
Ask your stock queries & get assured replies by ET appointed, SEBI registered experts.
Read your daily newspaper in Digital View & get it delivered to your inbox everyday.",
112,economic_times,markets,"Budget 2026: L&amp;T, Adani Ports and other infra stocks jump up to 4% on big capex hike to Rs 12 lakh crore","Indian infrastructure stocks rose after the Union Budget 2026 boosted FY27 capital expenditure to ₹12.2 lakh crore, supporting growth in roads, railways, ports, power, and urban projects. L&amp;T, Adani Ports, IRB Infrastructure and KEC International gained as higher public spending reinforced long-term order book visibility and sector optimism.",https://economictimes.indiatimes.com/markets/stocks/news/budget-2026-lt-shares-adani-ports-and-other-infra-stocks-jump-up-to-4-on-big-capex-hike-to-rs-12-lakh-crore/articleshow/127834684.cms,2026-02-01 06:22:12,"Indian infrastructure stocks rose after the Union Budget 2026 boosted FY27 capital expenditure to ₹12.2 lakh crore, supporting growth in roads, railways, ports, power, and urban projects. L&T, Adani Ports, IRB Infrastructure and KEC International gained as higher public spending reinforced long-term order book visibility and sector optimism.
Choose your reason below and click on the Report button. This will alert our moderators to take action
Log out of your current logged-in accountand log in again using your ET Prime credentials  to enjoy all member benefits.
Trump temper on H-1B visas is forcing Indians to do these things to stay put in US
Why veterans like Reliance, L&T are on acquisition spree? Aswath Damodaran has an answer.
Huawei launches its own OS to compete with Google and Apple. But can it win beyond China?
Check the score based on the company's fundamentals, solvency, growth, risk & ownership to decide the right stocks.
Analyze the market sentiments & identify the trend reversal for strategic decisions.
Ask your stock queries & get assured replies by ET appointed, SEBI registered experts.
Read your daily newspaper in Digital View & get it delivered to your inbox everyday.",
113,economic_times,technology,"X down for thousands of US users, Downdetector data finds","There were ​more than ​19,281 reports of ‌issues ‍with ‍the social media platform formerly ‌known as Twitter, as of 11:19 a.m. ET, according ‍to Downdetector, which tracks ‍outages by ⁠collating ⁠status reports from a number of sources.",https://economictimes.indiatimes.com/tech/technology/x-down-for-thousands-of-us-users-downdetector-data-finds/articleshow/127845183.cms,2026-02-01 16:59:44,,
114,economic_times,technology,"With policy certainty &amp; AI push, Budget signals India's tech moment, says Nasscom","The consolidation of software development services, IT-enabled services, KPO and contract R&amp;D relating to software development into a single category of IT services with a uniform safe harbour margin of 15.5 per cent, alongside enhancement of the Safe Harbour eligibility threshold to Rs 2,000 crore (from Rs 300 crore), materially expands access to certainty mechanisms for routine cross-border IT service models, it said.",https://economictimes.indiatimes.com/tech/information-tech/with-policy-certainty-ai-push-budget-signals-indias-tech-moment-says-nasscom/articleshow/127845163.cms,2026-02-01 16:57:18,,
115,economic_times,technology,​Budget 2026 signals focus on mental health with Nimhans 2.0 plan,"Finance minister Nirmala Sitharaman announced the setting up of a National Institute of Mental Health and Neuro Sciences (Nimhans) in north India, thus focussing attention on the growing conversation around mental health in the country.",https://economictimes.indiatimes.com/tech/technology/budget-2026-signals-focus-on-mental-health-with-nimhans-2-0-plan/articleshow/127844971.cms,2026-02-01 16:45:38,,
116,economic_times,technology,New-age brokers feel the pinch as govt increases tax on speculative trading,"New-age brokers like Groww, Zerodha, Dhan, and even players like Angel One could see a dip in their futures and options (F&amp;O) volumes as the tax that the government collects from such trades has been increased manifold.",https://economictimes.indiatimes.com/tech/technology/new-age-brokers-feel-the-pinch-as-govt-increases-tax-on-speculative-trading/articleshow/127843341.cms,2026-02-01 14:31:26,,
117,economic_times,technology,"Content economy gets a push in Budget 2026, industry says creator labs will improve talent supply","Gaming and animation startup founders from the sector — which is also called the `Orange Economy’ — told ET that early exposure at the school and college level could familiarise students with industry tools, workflows, and creative thinking. This in turn will improve their employability and ease hiring pressures as companies scale.",https://economictimes.indiatimes.com/tech/technology/content-economy-gets-a-push-in-budget-2026-industry-says-creator-labs-will-improve-talent-supply/articleshow/127843075.cms,2026-02-01 14:12:08,,
118,economic_times,technology,"Wipro CFO hails Budget for meeting FY26 fiscal targets, focus on AI","The Budget outlines the government's vision to position the Indian IT services sector as a key engine of the country's economic growth, with artificial intelligence (AI) serving as a vital force multiplier.",https://economictimes.indiatimes.com/tech/information-tech/wipro-cfo-hails-budget-for-meeting-fy26-fiscal-targets-focus-on-ai/articleshow/127842991.cms,2026-02-01 14:05:32,,
119,economic_times,technology,Union Budget 2026 special,"Finance Minister Nirmala Sitharaman presented the Union Budget, her ninth, in the Lok Sabha, with an emphasis on economic growth, job creation and a major boost to manufacturing amid challenging global macros.",https://economictimes.indiatimes.com/tech/newsletters/tech-top-5/union-budget-2026-special/articleshow/127842546.cms,2026-02-01 13:42:09,,
120,economic_times,technology,India hands Apple a win by letting foreign firms fund equipment without tax risk,"Apple has been growing in India in recent years as it diversifies beyond China. Counterpoint Research says iPhone's share of the ‌Indian market has doubled ‌to 8% since 2022. And while China still accounts for 75% of global iPhone shipments, India's share has quadrupled to 25% since 2022.",https://economictimes.indiatimes.com/tech/technology/india-hands-apple-a-win-by-letting-foreign-firms-fund-equipment-without-tax-risk/articleshow/127841790.cms,2026-02-01 12:52:14,,
121,economic_times,technology,"Budget 2026: Gaming industry welcomes proposal for creator labs in schools, colleges","FM Sitharaman proposed government support for the Indian Institute of Creative Technologies (IICT), Mumbai, to set up animation, visual effects, gaming, and comics (AVGC) creator labs in 15,000 secondary schools and 500 colleges across the country.",https://economictimes.indiatimes.com/tech/technology/budget-2026-gaming-industry-welcomes-proposal-for-creator-labs-in-schools-colleges/articleshow/127840654.cms,2026-02-01 11:42:22,,
122,economic_times,technology,Budget 2026: Centre to develop rare earth corridors to reduce China dependence,"This announcement builds on the scheme to promote the manufacturing of sintered Rare Earth Permanent Magnets (REPM) approved by the government last year, with an outlay of Rs 7,280 crore.",https://economictimes.indiatimes.com/tech/technology/budget-2026-centre-to-develop-rare-earth-corridors-to-reduce-china-dependence/articleshow/127840081.cms,2026-02-01 11:12:08,,
123,economic_times,technology,"Budget 2026: Govt earmarks Rs 2,000 crore subsidy for UPI payments, industry calls it insufficient","Last year, the government paid Rs 2,196 crore by way of this subsidy, which is offered to banks for processing UPI and RuPay debit card payments free of charge. The subsidy is only applicable for low-value transactions of less than Rs 2,000.",https://economictimes.indiatimes.com/tech/technology/budget-2026-govt-earmarks-rs-2000-crore-subsidy-for-upi-payments-industry-calls-it-insufficient/articleshow/127839801.cms,2026-02-01 10:55:20,,
124,economic_times,technology,"Budget 2026: Industry welcomes measures to nurture local AI, IT, data centre ecosystem","Finance Minister Nirmala Sitharaman's ninth union budget introduced significant tech sector incentives, including enhanced safe harbour thresholds for IT services and tax holidays for local data centres. These measures aim to boost global investment, strengthen digital sovereignty, and position India as a hub for cloud, data services, and AI infrastructure.",https://economictimes.indiatimes.com/tech/technology/budget-2026-industry-welcomes-measures-to-nurture-local-ai-it-data-centre-ecosystem/articleshow/127838837.cms,2026-02-01 10:00:43,,
125,economic_times,technology,French tech company Capgemini says selling US subsidiary,"Capgemini has ‌been ‌under pressure in recent days to ‌explain a contract it signed with U.S immigration enforcement agency ICE, amid growing criticism ​of ICE ​following weeks of protests against ‌U.S. ‍President Donald Trump's immigration ‍crackdown.",https://economictimes.indiatimes.com/tech/information-tech/french-tech-company-capgemini-says-selling-us-subsidiary/articleshow/127837819.cms,2026-02-01 09:01:20,,
126,economic_times,technology,Budget proposes penalties for crypto firms over lapses in transaction disclosures,"Under Section 509 of the Income Tax Act, crypto exchanges and intermediaries are required to submit periodic statements detailing crypto-asset transactions to the Income Tax Department (India). While this reporting obligation already existed, enforcement was limited.",https://economictimes.indiatimes.com/tech/technology/budget-proposes-penalties-for-crypto-firms-over-lapses-in-transaction-disclosures/articleshow/127836855.cms,2026-02-01 08:02:58,,
127,economic_times,technology,"Indonesia lets Elon Musk's Grok resume, lifting ban over sexualised images","Indonesia has lifted its ban on Elon Musk's Grok chatbot. The AI tool was suspended for three weeks due to concerns over sexualised images. X Corp, the operator, has committed to improving compliance with Indonesian laws. The government will now supervise Grok's services on a conditional basis. This move follows global scrutiny of Grok's content generation capabilities.",https://economictimes.indiatimes.com/tech/technology/indonesia-lets-elon-musks-grok-resume-lifting-ban-over-sexualised-images/articleshow/127836572.cms,2026-02-01 07:47:58,,
128,economic_times,technology,Budget 2026: Treds platform gets a boost; govt enterprises to compulsorily use the network,"Industry insiders said this has the potential of unlocking $60 billion worth of transactions flowing through the platform. The current volumes on Treds hover around $4 billion, they said.",https://economictimes.indiatimes.com/tech/technology/budget-2026-treds-platform-gets-a-boost-govt-enterprises-to-compulsorily-use-the-network/articleshow/127836525.cms,2026-02-01 07:43:42,,
129,economic_times,technology,"Budget 2026: FM announces creator labs in 15,000 schools to boost India’s digital talent","The move is expected to boost education and jobs by giving students early, hands-on exposure to animation, gaming, VFX, and comics, helping bridge the sector’s talent gap. It will strengthen creative and digital skills while encouraging innovation and entrepreneurship in digital content.",https://economictimes.indiatimes.com/tech/technology/fm-announces-creator-labs-in-15000-schools-to-boost-indias-digital-talent/articleshow/127836413.cms,2026-02-01 07:37:24,,
130,economic_times,technology,"Budget 2026: Safe harbour threshold for IT firms raised to Rs 2,000 crore, at a 15.5% margin","For companies seeking Advanced Pricing Agreements (APA), the process will be fast-tracked to two years, with a possible six-month extension. The facility of modified returns will also be available for associated entities entering APA.",https://economictimes.indiatimes.com/tech/information-tech/centre-to-increase-safe-harbour-limit-for-it-services-from-rs-300-crore-to-rs-2000-crore/articleshow/127835813.cms,2026-02-01 07:00:05,,
131,economic_times,technology,"Budget 2026: ISM 2.0, tax holiday for cloud cos, and other announcements for tech and startup ecosystem","The Centre will nearly double the allocation under the electronic component manufacturing scheme (ECMS) to Rs 40,000 crore in budget 2026. The scheme was approved with an initial allocation of Rs 22,919 crore last year, and opened to applications in May.",https://economictimes.indiatimes.com/tech/technology/budget-2026-key-announcements-for-the-tech-and-startup-ecosystem/articleshow/127835264.cms,2026-02-01 06:47:43,,
132,economic_times,technology,Budget 2026: India offers 20-year tax holiday to foreign cloud firms to boost data centre investments,"The FM said in her Budget speech that this is being done to attract long-term capital and bolster India’s rapidly expanding data centre ecosystem. Sitharaman proposed a 15% safe harbour on costs for data centre services provided by related entities, giving foreign cloud firms greater tax certainty and operational efficiency in India. This comes in the background of a wave of investments in India’s data centre industry, led by AI and regional data protection laws.",https://economictimes.indiatimes.com/tech/technology/budget-2026-fm-nirmala-sitharaman-offers-tax-holiday-until-2047-to-foreign-cloud-providers/articleshow/127835338.cms,2026-02-01 06:45:31,,
133,economic_times,technology,"Budget 2026: Odisha, Kerala, Andhra, Tamil Nadu to have dedicated rare earth corridors","The Government had approved the 'Scheme to Promote Manufacturing of Sintered Rare Earth Permanent Magnet' with a financial outlay of Rs 7,280 crore. The scheme aims to establish 6,000 metric tonnes per annum (MTPA) of integrated REPM manufacturing capacity in India, covering the full chain from rare-earth oxides to finished magnets.",https://economictimes.indiatimes.com/tech/technology/budget-2026-odisha-kerala-andhra-tamil-nadu-to-have-dedicated-rare-earth-corridors/articleshow/127834563.cms,2026-02-01 06:14:15,,
134,economic_times,technology,UPI transactions hit record high of Rs 28.33 lakh crore in January,Unified Payments Interface (UPI) transactions hit a new high in January.  Value crossed Rs 28.33 lakh crore. Volume reached 21.70 billion transactions. This shows strong growth from the previous month.  Daily transactions averaged 700 million.  This digital payment system continues its impressive expansion across India.,https://economictimes.indiatimes.com/tech/technology/upi-transactions-hit-record-high-of-rs-28-33-lakh-crore-in-january/articleshow/127834366.cms,2026-02-01 06:05:21,,
135,economic_times,technology,Undercover investigation of Meta heads to trial in New Mexico in first stand-alone case by state,"New Mexico is leading a groundbreaking trial against Meta, the parent company of Facebook and Instagram. Prosecutors allege Meta created a breeding ground for child predators. The state used undercover investigations to gather evidence. This case could reshape how social media platforms are regulated nationwide. Meta denies the charges, calling the approach sensationalist.",https://economictimes.indiatimes.com/tech/technology/undercover-investigation-of-meta-heads-to-trial-in-new-mexico-in-first-stand-alone-case-by-state/articleshow/127834209.cms,2026-02-01 05:59:45,,
136,economic_times,technology,"Budget 2026: Govt to launch India Semiconductor Mission 2.0, ECMS outlay raised to Rs 40,000 crore","​​Sitharaman, addressing the Lok Sabha for her ninth Budget presentation, said ISM 2.0 will prioritise the production of equipment and materials, alongside a push to design Indian intellectual property (IP) and fortify supply chains.",https://economictimes.indiatimes.com/tech/technology/budget-2026-govt-to-launch-india-semiconductor-mission-2-0/articleshow/127834109.cms,2026-02-01 05:54:20,,
137,economic_times,technology,"A chatbot entirely powered by humans, not artificial intelligence? This Chilean community shows why","Residents near Santiago, Chile, powered a human chatbot to show AI's environmental impact.  The 12-hour project handled over 25,000 requests globally.  This initiative aims to highlight the hidden water footprint of AI prompting.  It encourages responsible AI use in water-stressed regions.  Major tech companies are building data centres in the area, sparking debate over resource consumption.",https://economictimes.indiatimes.com/tech/artificial-intelligence/a-chatbot-entirely-powered-by-humans-not-artificial-intelligence-this-chilean-community-shows-why/articleshow/127833157.cms,2026-02-01 05:05:22,,
138,economic_times,technology,South Korea posts record January exports on AI chip boom,"South Korea posted its highest-ever exports for the month of January, official data showed on Sunday, fuelled by a global AI boom heavily reliant on chips made in the country. The record was set a month earlier, when the country exported chips worth $20.8 billion.",https://economictimes.indiatimes.com/tech/artificial-intelligence/south-korea-posts-record-january-exports-on-ai-chip-boom/articleshow/127832418.cms,2026-02-01 04:20:41,,
139,economic_times,technology,"KKR-led group set to buy Singapore data-centre firm valued at over $10 billion, WSJ reports",A KKR-led group is close to acquiring ST Telemedia Global Data Centres. The deal values the company at over 13 billion Singapore dollars. KKR is partnering with Singtel for this acquisition. This transaction is set to be one of Asia's largest data centre deals. Demand for digital infrastructure is surging due to artificial intelligence growth.,https://economictimes.indiatimes.com/tech/artificial-intelligence/kkr-led-group-set-to-buy-singapore-data-centre-firm-valued-at-over-10-billion-wsj-reports/articleshow/127832093.cms,2026-02-01 04:01:58,,
140,economic_times,technology,Nvidia boss insists 'huge' investment in OpenAI on track,"Nvidia chief executive Jensen Huang has insisted the US tech giant will make a ""huge"" investment in OpenAI and dismissed as ""nonsense"" reports that he is unhappy with the generative AI star. We are going to make a huge investment in OpenAI,"" Huang told journalists, when asked about reports that he was unhappy with OpenAI. Huang insisted that Nvidia was going ahead with its investment in OpenAI, describing it as ""one of the most consequential companies of our time"".",https://economictimes.indiatimes.com/tech/artificial-intelligence/nvidia-boss-insists-huge-investment-in-openai-on-track/articleshow/127831924.cms,2026-02-01 03:44:16,,
141,economic_times,technology,Labour reforms prompt gig firms for compliance push,Employers of gig workers are reviewing the proposed labour code rules to understand their cost and operational impact. Many firms are consulting lawyers and staffing experts while reassessing expansion and workforce models. Companies say uncertainty remains as states are yet to finalise how the rules will be implemented.,https://economictimes.indiatimes.com/tech/technology/labour-reforms-prompt-gig-firms-for-compliance-push/articleshow/127825355.cms,2026-02-01 00:30:00,,
142,economic_times,technology,AI agents’ social network becomes talk of the town,"Moltbook, a new social network for AI agents, has exploded in popularity, attracting around a million bots within hours. Inspired by Reddit, the text-heavy platform lets AI discuss philosophy, stories and even emotions, delighting some researchers. Others warn it is chaotic, filled with crypto promotion and hype.",https://economictimes.indiatimes.com/tech/artificial-intelligence/ai-agents-social-network-becomes-talk-of-the-town/articleshow/127825286.cms,2026-02-01 00:30:00,,
143,economic_times,ai,Cisco AI Summit 2026 brings the world’s most influential AI leaders together to define what comes next,"The upcoming Cisco AI Summit on February 3, 2026, brings together global technology leaders to explore how artificial intelligence is shifting from experimental tools to core infrastructure. With a diverse lineup that includes executives from top tech firms, the summit will focus on real-world impact, the challenges of scaling AI, and the strategic decisions that will determine how businesses and society benefit from AI innovations.",https://economictimes.indiatimes.com/ai/ai-insights/cisco-ai-summit-2026-brings-the-worlds-most-influential-ai-leaders-together-to-define-what-comes-next/articleshow/127842054.cms,2026-02-01 13:05:36,"The upcoming Cisco AI Summit on February 3, 2026, brings together global technology leaders to explore how artificial intelligence is shifting from experimental tools to core infrastructure. With a diverse lineup that includes executives from top tech firms, the summit will focus on real-world impact, the challenges of scaling AI, and the strategic decisions that will determine how businesses and society benefit from AI innovations.
Choose your reason below and click on the Report button. This will alert our moderators to take action
Log out of your current logged-in accountand log in again using your ET Prime credentials  to enjoy all member benefits.
Trump temper on H-1B visas is forcing Indians to do these things to stay put in US
Why veterans like Reliance, L&T are on acquisition spree? Aswath Damodaran has an answer.
Huawei launches its own OS to compete with Google and Apple. But can it win beyond China?
Check the score based on the company's fundamentals, solvency, growth, risk & ownership to decide the right stocks.
Analyze the market sentiments & identify the trend reversal for strategic decisions.
Ask your stock queries & get assured replies by ET appointed, SEBI registered experts.
Read your daily newspaper in Digital View & get it delivered to your inbox everyday.",
144,economic_times,industry-auto,"Toyota Kirloskar Motor sales up 15 pc at 33,880 units in Jan","Domestic sales were up 17 per cent at 30,630 units last month as against 26,178 units in January 2025, Toyota Kirloskar Motor (TKM) said in a statement.",https://economictimes.indiatimes.com/industry/auto/cars-uvs/toyota-kirloskar-motor-sales-up-15-pc-at-33880-units-in-jan/articleshow/127842635.cms,2026-02-01 13:47:00,"Domestic sales were up 17 per cent at 30,630 units last month as against 26,178 units in January 2025, Toyota Kirloskar Motor (TKM) said in a statement.
Choose your reason below and click on the Report button. This will alert our moderators to take action",
145,economic_times,industry-auto,"Hero MotoCorp January dispatches up 26 pc at 5,57,871 units","The company also recorded 491,986 VAHAN registrations this month, reflecting healthy retail momentum across markets, Hero MotoCorp said in a regulatory filing.",https://economictimes.indiatimes.com/industry/auto/two-wheelers-three-wheelers/hero-motocorp-january-dispatches-up-26-pc-at-557871-units/articleshow/127841805.cms,2026-02-01 12:50:15,"The company also recorded 491,986 VAHAN registrations this month, reflecting healthy retail momentum across markets, Hero MotoCorp said in a regulatory filing.
Choose your reason below and click on the Report button. This will alert our moderators to take action",
146,economic_times,industry-auto,Passenger vehicle sales begin New Year with a strong start,"Automakers reported strong passenger vehicle sales in January, with Tata Motors and Mahindra &amp; Mahindra seeing significant growth. Hyundai Motor India achieved its highest-ever monthly sales, while Toyota Kirloskar Motor also experienced a positive start to the year. The two-wheeler segment also demonstrated robust demand.",https://economictimes.indiatimes.com/industry/auto/auto-news/passenger-vehicle-sales-begin-new-year-with-a-strong-start/articleshow/127840969.cms,2026-02-01 12:01:25,"Automakers reported strong passenger vehicle sales in January, with Tata Motors and Mahindra & Mahindra seeing significant growth. Hyundai Motor India achieved its highest-ever monthly sales, while Toyota Kirloskar Motor also experienced a positive start to the year. The two-wheeler segment also demonstrated robust demand.
Choose your reason below and click on the Report button. This will alert our moderators to take action
Log out of your current logged-in accountand log in again using your ET Prime credentials  to enjoy all member benefits.
Trump temper on H-1B visas is forcing Indians to do these things to stay put in US
Why veterans like Reliance, L&T are on acquisition spree? Aswath Damodaran has an answer.
Huawei launches its own OS to compete with Google and Apple. But can it win beyond China?
Check the score based on the company's fundamentals, solvency, growth, risk & ownership to decide the right stocks.
Analyze the market sentiments & identify the trend reversal for strategic decisions.
Ask your stock queries & get assured replies by ET appointed, SEBI registered experts.
Read your daily newspaper in Digital View & get it delivered to your inbox everyday.",
147,economic_times,industry-auto,Union Budget strengthens India's long term economic trajectory: Ashok Leyland,"Union Budget 2026: Finance Minister Nirmala Sitharaman presented a budget focused on growth and development. Increased spending on infrastructure, manufacturing, and defence will boost economic growth. This will drive demand in the commercial vehicle sector. The budget also supports key sectors like healthcare, education, and agriculture. It advances initiatives in AI and energy transition.",https://economictimes.indiatimes.com/industry/auto/lcv-hcv/union-budget-strengthens-indias-long-term-economic-trajectory-ashok-leyland/articleshow/127840497.cms,2026-02-01 11:37:56,"Union Budget 2026: Finance Minister Nirmala Sitharaman presented a budget focused on growth and development. Increased spending on infrastructure, manufacturing, and defence will boost economic growth. This will drive demand in the commercial vehicle sector. The budget also supports key sectors like healthcare, education, and agriculture. It advances initiatives in AI and energy transition.
Choose your reason below and click on the Report button. This will alert our moderators to take action",
148,economic_times,industry-auto,Tata Motors PV dispatches surge 47% in January,"Tata Motors Passenger Vehicles saw a significant jump in sales for January. Total sales reached 71,066 units, a 47% increase compared to the previous year. Domestic passenger vehicle sales also surged, with 70,222 units dispatched. This strong performance highlights robust demand in the Indian market for Tata Motors' vehicles.",https://economictimes.indiatimes.com/industry/auto/auto-news/tata-motors-pv-dispatches-surge-47-in-january/articleshow/127833248.cms,2026-02-01 05:11:52,"Tata Motors Passenger Vehicles saw a significant jump in sales for January. Total sales reached 71,066 units, a 47% increase compared to the previous year. Domestic passenger vehicle sales also surged, with 70,222 units dispatched. This strong performance highlights robust demand in the Indian market for Tata Motors' vehicles.
Choose your reason below and click on the Report button. This will alert our moderators to take action
Log out of your current logged-in accountand log in again using your ET Prime credentials  to enjoy all member benefits.
Trump temper on H-1B visas is forcing Indians to do these things to stay put in US
Why veterans like Reliance, L&T are on acquisition spree? Aswath Damodaran has an answer.
Huawei launches its own OS to compete with Google and Apple. But can it win beyond China?
Check the score based on the company's fundamentals, solvency, growth, risk & ownership to decide the right stocks.
Analyze the market sentiments & identify the trend reversal for strategic decisions.
Ask your stock queries & get assured replies by ET appointed, SEBI registered experts.
Read your daily newspaper in Digital View & get it delivered to your inbox everyday.",
149,economic_times,industry-auto,"Hyundai sales up 11.5% to 73,137 units in January 2026","Hyundai Motor India reported strong sales figures for January. Total sales saw an 11.5 percent increase, reaching 73,137 units. Domestic dispatches to dealers grew by 9 percent to 59,107 units. Exports also showed a significant rise, with 14,030 units shipped.",https://economictimes.indiatimes.com/industry/auto/auto-news/hyundai-sales-up-11-5-to-73137-units-in-january-2026/articleshow/127832871.cms,2026-02-01 04:49:42,"Hyundai Motor India reported strong sales figures for January. Total sales saw an 11.5 percent increase, reaching 73,137 units. Domestic dispatches to dealers grew by 9 percent to 59,107 units. Exports also showed a significant rise, with 14,030 units shipped.
Choose your reason below and click on the Report button. This will alert our moderators to take action",
150,reuters,world,Czechs rally to support president in his growing rift with government - Reuters,"<a href=""https://news.google.com/rss/articles/CBMiqAFBVV95cUxOcXpyTEFKUzVaa1V1TlRXRU9DU3VoQi1yZUhkTWJpY1h5VDJkcUY2eUxySnNvZHVIcThDZlIwRTFINkZLaUVaXzFrRWRFaFlIeWJIUzZRM194eFpDbmJKUFplSmJJQlE0M3dTT3Nld3E3dU0zSGpIVmlLNjZhbEt6eXpqdmJPWGtfRHFneWFOR1N4UE9tcWlpRDZPd2tMT2xxd0dJRE9Dc2E?oc=5"" target=""_blank"">Czechs rally to support president in his growing rift with government</a>&nbsp;&nbsp;<font color=""#6f6f6f"">Reuters</font>",https://news.google.com/rss/articles/CBMiqAFBVV95cUxOcXpyTEFKUzVaa1V1TlRXRU9DU3VoQi1yZUhkTWJpY1h5VDJkcUY2eUxySnNvZHVIcThDZlIwRTFINkZLaUVaXzFrRWRFaFlIeWJIUzZRM194eFpDbmJKUFplSmJJQlE0M3dTT3Nld3E3dU0zSGpIVmlLNjZhbEt6eXpqdmJPWGtfRHFneWFOR1N4UE9tcWlpRDZPd2tMT2xxd0dJRE9Dc2E?oc=5,2026-02-01 17:31:26,,
151,reuters,world,"Russian drone strike kills 12 miners in Ukraine's Dnipropetrovsk, officials say - Reuters","<a href=""https://news.google.com/rss/articles/CBMiwwFBVV95cUxQQ0NaT2FGUm5UUEZDdEtGY2QtRTR0ZjFaRTdGdVNzU29RdGt6RUJPSVFZc1VRMGlCMUl6YWpWUDFGdkRtdXdWZjVYdllwcXJWczBTOHN6V0xTVENTZjNKdGpsMWRBSjJKLWtNTGg5cmlrSlBRbTdVRllXeFVMSzBLSHhpTkFLXzF6WHNTb0lwSkl0ek1sQTBPZFRWbHBlYVdiYUNzdlFjbnNFdUxuclFSV3Vack1JVGJqMERpTG41S1JDY0U?oc=5"" target=""_blank"">Russian drone strike kills 12 miners in Ukraine's Dnipropetrovsk, officials say</a>&nbsp;&nbsp;<font color=""#6f6f6f"">Reuters</font>",https://news.google.com/rss/articles/CBMiwwFBVV95cUxQQ0NaT2FGUm5UUEZDdEtGY2QtRTR0ZjFaRTdGdVNzU29RdGt6RUJPSVFZc1VRMGlCMUl6YWpWUDFGdkRtdXdWZjVYdllwcXJWczBTOHN6V0xTVENTZjNKdGpsMWRBSjJKLWtNTGg5cmlrSlBRbTdVRllXeFVMSzBLSHhpTkFLXzF6WHNTb0lwSkl0ek1sQTBPZFRWbHBlYVdiYUNzdlFjbnNFdUxuclFSV3Vack1JVGJqMERpTG41S1JDY0U?oc=5,2026-02-01 15:35:31,,
152,reuters,world,"Top US, Israeli generals meet at Pentagon amid soaring Iran tensions - Reuters","<a href=""https://news.google.com/rss/articles/CBMiugFBVV95cUxPQk53M3ZwSmFBT3BoNF9iMV9lT3VwN1FBVmlpR25qeWJDcngyRWR0MUpCUFZ6TzVUWEE0eHRQS0NFZ25VaWtXVnlMRk9vZHdBOHBZazJ1cmJHNFpTLWtQTGxOaTJDcGpoSU9RTFF1RXBfamIzTEhZVS1FZXduM2pMZlhiRUlCWlFhU3E3UlpTbFRReTJIV1pLaWxhNEVyUHBrVTV6TVdSblR6WmlrZlpKZE4wR3ZVVXFsMnc?oc=5"" target=""_blank"">Top US, Israeli generals meet at Pentagon amid soaring Iran tensions</a>&nbsp;&nbsp;<font color=""#6f6f6f"">Reuters</font>",https://news.google.com/rss/articles/CBMiugFBVV95cUxPQk53M3ZwSmFBT3BoNF9iMV9lT3VwN1FBVmlpR25qeWJDcngyRWR0MUpCUFZ6TzVUWEE0eHRQS0NFZ25VaWtXVnlMRk9vZHdBOHBZazJ1cmJHNFpTLWtQTGxOaTJDcGpoSU9RTFF1RXBfamIzTEhZVS1FZXduM2pMZlhiRUlCWlFhU3E3UlpTbFRReTJIV1pLaWxhNEVyUHBrVTV6TVdSblR6WmlrZlpKZE4wR3ZVVXFsMnc?oc=5,2026-02-01 17:21:49,,
153,reuters,world,India gives 20-year tax holiday to foreign firms using local data centres - Reuters,"<a href=""https://news.google.com/rss/articles/CBMiugFBVV95cUxPcVlwZEV3emFWeWo0TF96amsxem14ekhlckNDM3AtNUFobnFqOU51bU1rTEhjU0txMlVZVUlDcm9DS29OTkRzdTZyTWxVQlYyZGdlY08tdmI0U3dZcUtZRUlQU05UOUk3WDBReWlmYXdGX21ITS1mRkRGYTNaR3ZPR0ltcm9wMFJSYXZSdEE5d2VYVmdLT21iVzR6bTVqZmZEeFlWYk5yN1NiaFIwQ0huMkdXN3g5Um4wQ1E?oc=5"" target=""_blank"">India gives 20-year tax holiday to foreign firms using local data centres</a>&nbsp;&nbsp;<font color=""#6f6f6f"">Reuters</font>",https://news.google.com/rss/articles/CBMiugFBVV95cUxPcVlwZEV3emFWeWo0TF96amsxem14ekhlckNDM3AtNUFobnFqOU51bU1rTEhjU0txMlVZVUlDcm9DS29OTkRzdTZyTWxVQlYyZGdlY08tdmI0U3dZcUtZRUlQU05UOUk3WDBReWlmYXdGX21ITS1mRkRGYTNaR3ZPR0ltcm9wMFJSYXZSdEE5d2VYVmdLT21iVzR6bTVqZmZEeFlWYk5yN1NiaFIwQ0huMkdXN3g5Um4wQ1E?oc=5,2026-02-01 14:26:19,,
154,reuters,world,US House Speaker Johnson says he has votes to end partial shutdown by Tuesday - Reuters,"<a href=""https://news.google.com/rss/articles/CBMiwgFBVV95cUxQTzdrVDZOX21QQTdBNzgzYUtkTHJKVUJySm1nY2Y0eTg2UzdkSHI0VEtuQk04dWxPTEtXQUFFNGdtek5HOEdKLWFwUndRY0o0OVowaFVyRFJoY0tIVGJXYmtwR1o4cXNWMUtwdHNBQ2NNNzBWMVkxdlJzMENlZzNPdmFkNW9WSmhNMlpDQUdVTFA4cTVOWVlzX2Iwbm1uZnI2bnA5M3dKR1NqcFBsVXc0cUFxV0xXSW5wc1hmU3lRaWFRdw?oc=5"" target=""_blank"">US House Speaker Johnson says he has votes to end partial shutdown by Tuesday</a>&nbsp;&nbsp;<font color=""#6f6f6f"">Reuters</font>",https://news.google.com/rss/articles/CBMiwgFBVV95cUxQTzdrVDZOX21QQTdBNzgzYUtkTHJKVUJySm1nY2Y0eTg2UzdkSHI0VEtuQk04dWxPTEtXQUFFNGdtek5HOEdKLWFwUndRY0o0OVowaFVyRFJoY0tIVGJXYmtwR1o4cXNWMUtwdHNBQ2NNNzBWMVkxdlJzMENlZzNPdmFkNW9WSmhNMlpDQUdVTFA4cTVOWVlzX2Iwbm1uZnI2bnA5M3dKR1NqcFBsVXc0cUFxV0xXSW5wc1hmU3lRaWFRdw?oc=5,2026-02-01 13:53:35,,
155,reuters,world,Venezuela rights activist freed from notorious jail amid prisoner release - Reuters,"<a href=""https://news.google.com/rss/articles/CBMirAFBVV95cUxNUWxQZnBDOU1QZ0lMaUlDbHQ5U252NFdkX2RUaTAxSXBidEpnUHdJY2U5X0NjLXRqQ3NYNkV6TXF2Vl9HUWNQYjh2MnVoVDZPWmo5ZWdwc1RybUhmRE5XNXR4YXdhSlNkV0hXbkJncm4xLVR5OEh2cFZ1UFZ3M255bWF1c1ZUYXlOZHRsUWhZbm1PWFh3alR6NlpvMm42MVBhUkpjTEhTbVZuel9F?oc=5"" target=""_blank"">Venezuela rights activist freed from notorious jail amid prisoner release</a>&nbsp;&nbsp;<font color=""#6f6f6f"">Reuters</font>",https://news.google.com/rss/articles/CBMirAFBVV95cUxNUWxQZnBDOU1QZ0lMaUlDbHQ5U252NFdkX2RUaTAxSXBidEpnUHdJY2U5X0NjLXRqQ3NYNkV6TXF2Vl9HUWNQYjh2MnVoVDZPWmo5ZWdwc1RybUhmRE5XNXR4YXdhSlNkV0hXbkJncm4xLVR5OEh2cFZ1UFZ3M255bWF1c1ZUYXlOZHRsUWhZbm1PWFh3alR6NlpvMm42MVBhUkpjTEhTbVZuel9F?oc=5,2026-02-01 14:31:01,,
156,reuters,world,Iranian official says Revolutionary Guards have no plan to hold military exercises in the Gulf - Reuters,"<a href=""https://news.google.com/rss/articles/CBMizgFBVV95cUxQMHpzY2pKQzhZbFFsNkMta1EwcldMWEFaeFZtdE03NmV0akVzZEFoZUpWTFBnY3VScVZ5WXRscElHMncwVHp1WHQwbEFVTm9INmQxR1F1Vm1BRllBS1JiN2tkX2FfOHZwRjZsdmUtc2RIRzlMQVV0VVpYczFqOTh2QjFfLURmMGtTWjhITXAzWU9sZmx6TVVUM0FwRUtMckRPREVaWEJyWGVSMlV2YjlGb1J3ZzV0OWNLcVNKbHEtdEVINEVJV0NCdkwyQ1NZZw?oc=5"" target=""_blank"">Iranian official says Revolutionary Guards have no plan to hold military exercises in the Gulf</a>&nbsp;&nbsp;<font color=""#6f6f6f"">Reuters</font>",https://news.google.com/rss/articles/CBMizgFBVV95cUxQMHpzY2pKQzhZbFFsNkMta1EwcldMWEFaeFZtdE03NmV0akVzZEFoZUpWTFBnY3VScVZ5WXRscElHMncwVHp1WHQwbEFVTm9INmQxR1F1Vm1BRllBS1JiN2tkX2FfOHZwRjZsdmUtc2RIRzlMQVV0VVpYczFqOTh2QjFfLURmMGtTWjhITXAzWU9sZmx6TVVUM0FwRUtMckRPREVaWEJyWGVSMlV2YjlGb1J3ZzV0OWNLcVNKbHEtdEVINEVJV0NCdkwyQ1NZZw?oc=5,2026-02-01 13:17:39,,
157,reuters,world,Death toll of Swiss New Year bar blaze rises to 41 - Reuters,"<a href=""https://news.google.com/rss/articles/CBMijwFBVV95cUxORmNiZlZJM2htQlB5eVI1bXdpeUtHZDJFaU5KMXVnZnluUWFjLU5ST1EtdzdLcDVCa1QtTjNWSk5MdzBjLWRkUjJxejZFb3Q3MFlscUM5ZWVrRnNhRFdaZGIwa0ZjT3oyMlVLOEFfM1A0Z3AtbXpLaXA4Ymt5VXVGbnVqX0dCMVpyd1dkVVVoYw?oc=5"" target=""_blank"">Death toll of Swiss New Year bar blaze rises to 41</a>&nbsp;&nbsp;<font color=""#6f6f6f"">Reuters</font>",https://news.google.com/rss/articles/CBMijwFBVV95cUxORmNiZlZJM2htQlB5eVI1bXdpeUtHZDJFaU5KMXVnZnluUWFjLU5ST1EtdzdLcDVCa1QtTjNWSk5MdzBjLWRkUjJxejZFb3Q3MFlscUM5ZWVrRnNhRFdaZGIwa0ZjT3oyMlVLOEFfM1A0Z3AtbXpLaXA4Ymt5VXVGbnVqX0dCMVpyd1dkVVVoYw?oc=5,2026-02-01 14:43:24,,
158,reuters,world,Russian drone strike kills 12 miners as Kyiv announces new talks - Reuters,"<a href=""https://news.google.com/rss/articles/CBMinAFBVV95cUxQQTVEZTJxNVF4NTUtdklUbkxFQmNOVDBmejFOMmh1N1ZDY3BlZ3JQdGVjdUNLMjNjQkhQVU92S0k0cTFzNVFmQTYxX2Y4Vjd1UWc1cDdMWnNiLW84WlhLYzJ0UUp5N2QtcHhkQldHOThKLTRUSjd6S0U3UFNFVExMZm5EdG1kQ29uY0RiSDM0T1l0eUZfWHRUOGJiS20?oc=5"" target=""_blank"">Russian drone strike kills 12 miners as Kyiv announces new talks</a>&nbsp;&nbsp;<font color=""#6f6f6f"">Reuters</font>",https://news.google.com/rss/articles/CBMinAFBVV95cUxQQTVEZTJxNVF4NTUtdklUbkxFQmNOVDBmejFOMmh1N1ZDY3BlZ3JQdGVjdUNLMjNjQkhQVU92S0k0cTFzNVFmQTYxX2Y4Vjd1UWc1cDdMWnNiLW84WlhLYzJ0UUp5N2QtcHhkQldHOThKLTRUSjd6S0U3UFNFVExMZm5EdG1kQ29uY0RiSDM0T1l0eUZfWHRUOGJiS20?oc=5,2026-02-01 11:53:06,,
159,reuters,world,Russia's Medvedev praises Trump but questions US submarine threat - Reuters,"<a href=""https://news.google.com/rss/articles/CBMirAFBVV95cUxOcUptODdsY0JRaUU0dDBER3MyV3I1U1JqRmpKaFJ1d0ZBdmRzaWo5WkdLdEFRaU10V0pxOTVCUlJNN0g2bmVBTmhnUFhvWkxlMXpzRm9vdUlkYWhhWEhpS09kNk40QU14WHFTNFBQeEdRQWhPSkpqVWIzaXY4bDVtT252STdKVTBwTi12c293ZmdmX25OZ092am9MTnFfckhwSi1CVENHWkJ5UGlL?oc=5"" target=""_blank"">Russia's Medvedev praises Trump but questions US submarine threat</a>&nbsp;&nbsp;<font color=""#6f6f6f"">Reuters</font>",https://news.google.com/rss/articles/CBMirAFBVV95cUxOcUptODdsY0JRaUU0dDBER3MyV3I1U1JqRmpKaFJ1d0ZBdmRzaWo5WkdLdEFRaU10V0pxOTVCUlJNN0g2bmVBTmhnUFhvWkxlMXpzRm9vdUlkYWhhWEhpS09kNk40QU14WHFTNFBQeEdRQWhPSkpqVWIzaXY4bDVtT252STdKVTBwTi12c293ZmdmX25OZ092am9MTnFfckhwSi1CVENHWkJ5UGlL?oc=5,2026-02-01 11:11:26,,
160,reuters,world,"Slovakia national security adviser resigns over Epstein files, denies wrongdoing - Reuters","<a href=""https://news.google.com/rss/articles/CBMivgFBVV95cUxNZ1NLMzAzUXZMREpYY0VpcmR2M25hRWZMWTJOZnhiYmNGVHFRQ2t6NFRKVjN0WjlYTC1hLS1lX1lKRThSWnljR182QWNoQkRoeVZmN01lUDlGU05CNVllVHd5ZnJGR1lpbUJ5a1llQl9pZmJjZ1U1Mld5XzljVnhuYmlxbzJHZFBzLXZqU1lMTUNQa3ZPYnZfS2RsVUsxWHk3ZWU2Ri15SHREQ1lmaDRSdjViVllxNnNlZnJKelRn?oc=5"" target=""_blank"">Slovakia national security adviser resigns over Epstein files, denies wrongdoing</a>&nbsp;&nbsp;<font color=""#6f6f6f"">Reuters</font>",https://news.google.com/rss/articles/CBMivgFBVV95cUxNZ1NLMzAzUXZMREpYY0VpcmR2M25hRWZMWTJOZnhiYmNGVHFRQ2t6NFRKVjN0WjlYTC1hLS1lX1lKRThSWnljR182QWNoQkRoeVZmN01lUDlGU05CNVllVHd5ZnJGR1lpbUJ5a1llQl9pZmJjZ1U1Mld5XzljVnhuYmlxbzJHZFBzLXZqU1lMTUNQa3ZPYnZfS2RsVUsxWHk3ZWU2Ri15SHREQ1lmaDRSdjViVllxNnNlZnJKelRn?oc=5,2026-02-01 11:46:46,,
161,reuters,world,Costa Ricans vote as right-wing populists aim to extend mandate - Reuters,"<a href=""https://news.google.com/rss/articles/CBMirAFBVV95cUxPOWY3RF9fZDNUNUhGbXRUbmM1NFNDbnZSeERfbnNjZ3UxcTZYczZXc0NLQVY2MGozdjZIa1BPTUhYbnFGWmdLQ0VmLXRSTEMzOUFxUFFfa1JPdFFQZ1Nrcno5MmdNbVJvR1AtWFFHT1V5c1ZpSHFDbjVWMXM1TnlIOVJISFJxU1g4LTljUUN6YUw0bGZoM2E4MnR6RTJaT3gwS29RT1pmQXU4cHdh?oc=5"" target=""_blank"">Costa Ricans vote as right-wing populists aim to extend mandate</a>&nbsp;&nbsp;<font color=""#6f6f6f"">Reuters</font>",https://news.google.com/rss/articles/CBMirAFBVV95cUxPOWY3RF9fZDNUNUhGbXRUbmM1NFNDbnZSeERfbnNjZ3UxcTZYczZXc0NLQVY2MGozdjZIa1BPTUhYbnFGWmdLQ0VmLXRSTEMzOUFxUFFfa1JPdFFQZ1Nrcno5MmdNbVJvR1AtWFFHT1V5c1ZpSHFDbjVWMXM1TnlIOVJISFJxU1g4LTljUUN6YUw0bGZoM2E4MnR6RTJaT3gwS29RT1pmQXU4cHdh?oc=5,2026-02-01 12:17:31,,
162,reuters,world,Russia's Medvedev says victory will come soon in Ukraine war - Reuters,"<a href=""https://news.google.com/rss/articles/CBMiqAFBVV95cUxPMzROYXR0V2NwOHpDNGIyMkx0VU92ZHhaTTJRWndhWGV0WnhNdFNfMHp2WDNiRU5JSFR4cGhqV1pDMEJBVFI2RDNnMC1ITGNwWHNxU1RaaGhiVGZWcEJMc3Mwb0RJWE1uR2hRZmRkU0JQUTd6a0oxQ2k4cEw0azlsaFNPREJHbENWYzRJb1E3U3VLRHBOS2tLRjA2YXhhTnk1bHpNbFd3aTI?oc=5"" target=""_blank"">Russia's Medvedev says victory will come soon in Ukraine war</a>&nbsp;&nbsp;<font color=""#6f6f6f"">Reuters</font>",https://news.google.com/rss/articles/CBMiqAFBVV95cUxPMzROYXR0V2NwOHpDNGIyMkx0VU92ZHhaTTJRWndhWGV0WnhNdFNfMHp2WDNiRU5JSFR4cGhqV1pDMEJBVFI2RDNnMC1ITGNwWHNxU1RaaGhiVGZWcEJMc3Mwb0RJWE1uR2hRZmRkU0JQUTd6a0oxQ2k4cEw0azlsaFNPREJHbENWYzRJb1E3U3VLRHBOS2tLRjA2YXhhTnk1bHpNbFd3aTI?oc=5,2026-02-01 11:13:18,,
163,reuters,world,Zelenskiy says new trilateral talks set for Feb 4-5 in Abu Dhabi - Reuters,"<a href=""https://news.google.com/rss/articles/CBMiqgFBVV95cUxOcWs5eFZweS1EN1FaSGdFYk93TWl2TnVfSWFLR2lBZEhla0g0cUVPV0ppSDUzLUVhQWtZWThUY1kxUFFsdEY3WWpoWTBfZ2JNYmhOdzJpM2dOVGRSV2tILWR2TldQTEtldjlxTDNVNEtiSkNZQWJDcXRZVzVXLWREbUlQZ3dQOEtOaHUyUmttQVFXU2lOUTRlNGpzeDdEN0QtUEJRbFdqSklHdw?oc=5"" target=""_blank"">Zelenskiy says new trilateral talks set for Feb 4-5 in Abu Dhabi</a>&nbsp;&nbsp;<font color=""#6f6f6f"">Reuters</font>",https://news.google.com/rss/articles/CBMiqgFBVV95cUxOcWs5eFZweS1EN1FaSGdFYk93TWl2TnVfSWFLR2lBZEhla0g0cUVPV0ppSDUzLUVhQWtZWThUY1kxUFFsdEY3WWpoWTBfZ2JNYmhOdzJpM2dOVGRSV2tILWR2TldQTEtldjlxTDNVNEtiSkNZQWJDcXRZVzVXLWREbUlQZ3dQOEtOaHUyUmttQVFXU2lOUTRlNGpzeDdEN0QtUEJRbFdqSklHdw?oc=5,2026-02-01 10:38:50,,
164,reuters,world,Pope Leo urges US and Cuba to engage in sincere dialogue - Reuters,"<a href=""https://news.google.com/rss/articles/CBMingFBVV95cUxPQy10eU9KVjdGNi1CTkNLaURWVlJvQUFxb2EwRGNCMkpEdmRQa3NfQVZyQUpucE1rSTlaSlhnRkxQcE5JSk9QLVJaYWYtNkFhc0RZVmpPWVR1a001UzRlcnU4QkxYNWNYLWhPV1VfVS0wUzR6bXBaaUx2YTB1SHBlQUFOMFp0a0lBVTQ3ZXdyRDFjNWNJbzJzV1VyMkhYQQ?oc=5"" target=""_blank"">Pope Leo urges US and Cuba to engage in sincere dialogue</a>&nbsp;&nbsp;<font color=""#6f6f6f"">Reuters</font>",https://news.google.com/rss/articles/CBMingFBVV95cUxPQy10eU9KVjdGNi1CTkNLaURWVlJvQUFxb2EwRGNCMkpEdmRQa3NfQVZyQUpucE1rSTlaSlhnRkxQcE5JSk9QLVJaYWYtNkFhc0RZVmpPWVR1a001UzRlcnU4QkxYNWNYLWhPV1VfVS0wUzR6bXBaaUx2YTB1SHBlQUFOMFp0a0lBVTQ3ZXdyRDFjNWNJbzJzV1VyMkhYQQ?oc=5,2026-02-01 12:31:17,,
165,reuters,world,Pakistan forces kill 145 militants in two-day battle after wave of attacks - Reuters,"<a href=""https://news.google.com/rss/articles/CBMi0AFBVV95cUxNcGFNdFhCeHJJUE5hMjRVeDh3OElDSFMyUGVEQ1Nkd0tNMDVaQmhkaXVBVVIxRGJQMjFaMzdXNzFKUXFicFZvMFNFelhiaklTOG02eHpWWkMydDlQdXpmXzg0cnMxY0tLTHcxQWNKRkdEdWU3eDczbnNncjg4Q1F3Q29oVUtpVzFPQUU2RktiUWZQbDRWX1d2NW5VS2FzUHd2TGNMZlFTcS1EeWJUNGFTM1ZsRl9IQVJ3OGNmTEJaaEZLU0VYVklZZWhjQW1Fek1L?oc=5"" target=""_blank"">Pakistan forces kill 145 militants in two-day battle after wave of attacks</a>&nbsp;&nbsp;<font color=""#6f6f6f"">Reuters</font>",https://news.google.com/rss/articles/CBMi0AFBVV95cUxNcGFNdFhCeHJJUE5hMjRVeDh3OElDSFMyUGVEQ1Nkd0tNMDVaQmhkaXVBVVIxRGJQMjFaMzdXNzFKUXFicFZvMFNFelhiaklTOG02eHpWWkMydDlQdXpmXzg0cnMxY0tLTHcxQWNKRkdEdWU3eDczbnNncjg4Q1F3Q29oVUtpVzFPQUU2RktiUWZQbDRWX1d2NW5VS2FzUHd2TGNMZlFTcS1EeWJUNGFTM1ZsRl9IQVJ3OGNmTEJaaEZLU0VYVklZZWhjQW1Fek1L?oc=5,2026-02-01 08:41:02,,
166,reuters,world,"Reopening of Gaza's Rafah crossing expected Monday, officials say - Reuters","<a href=""https://news.google.com/rss/articles/CBMiwwFBVV95cUxPUlFzWHA3QXE1azVDT2hURmt1aTBFMmIxOVRPR0xnb1FEWVhldzdZc004UG5SemVaeTczN1VtTUR5eEhLV1B0Z0Y5U3g2S01JVU9QTnEzZlpNUzJyTE1YNzVseXJtcnc1dkhQZWNXLU14cHNGb0g4cTF6a3pJNk5RLXVXNjVDTFZtT0JocGwtZGdhQzFHRkJ0eVFpaW9hVkVBbkhRSWwxdFRPWGVhdzhxQVhFaG14cVJzSmM4a2p6MjdzaTA?oc=5"" target=""_blank"">Reopening of Gaza's Rafah crossing expected Monday, officials say</a>&nbsp;&nbsp;<font color=""#6f6f6f"">Reuters</font>",https://news.google.com/rss/articles/CBMiwwFBVV95cUxPUlFzWHA3QXE1azVDT2hURmt1aTBFMmIxOVRPR0xnb1FEWVhldzdZc004UG5SemVaeTczN1VtTUR5eEhLV1B0Z0Y5U3g2S01JVU9QTnEzZlpNUzJyTE1YNzVseXJtcnc1dkhQZWNXLU14cHNGb0g4cTF6a3pJNk5RLXVXNjVDTFZtT0JocGwtZGdhQzFHRkJ0eVFpaW9hVkVBbkhRSWwxdFRPWGVhdzhxQVhFaG14cVJzSmM4a2p6MjdzaTA?oc=5,2026-02-01 09:29:46,,
167,reuters,world,Iran considers EU armies as 'terrorist groups' in retaliatory move - Reuters,"<a href=""https://news.google.com/rss/articles/CBMisgFBVV95cUxQSGxMczl3MEpXa0JSY2Z3QkNZb0NYZlRjeW1xbHBaWDRDU08tYUhBeFhJNmZkYlJQZXBsLV9UV1dvSWdVbXRHeEhrbm05TG1pMWtxcWxWQnp2U2l5VmF1T0xaaGJzdWVRV3VuUzU3R05oamxLQUNmSXpLYkV0dWc0cjY3YmlMWG5IRmhBdTlFWTl5V2tybmFTaGlycjluV2dwUm9VU25pWnhxWDh3YTNaeG9B?oc=5"" target=""_blank"">Iran considers EU armies as 'terrorist groups' in retaliatory move</a>&nbsp;&nbsp;<font color=""#6f6f6f"">Reuters</font>",https://news.google.com/rss/articles/CBMisgFBVV95cUxQSGxMczl3MEpXa0JSY2Z3QkNZb0NYZlRjeW1xbHBaWDRDU08tYUhBeFhJNmZkYlJQZXBsLV9UV1dvSWdVbXRHeEhrbm05TG1pMWtxcWxWQnp2U2l5VmF1T0xaaGJzdWVRV3VuUzU3R05oamxLQUNmSXpLYkV0dWc0cjY3YmlMWG5IRmhBdTlFWTl5V2tybmFTaGlycjluV2dwUm9VU25pWnhxWDh3YTNaeG9B?oc=5,2026-02-01 06:40:00,,
168,reuters,world,Shoigu says Russia supports China's position on Taiwan - Reuters,"<a href=""https://news.google.com/rss/articles/CBMiowFBVV95cUxNZ2p6ZkJJamJpdi1yM2pQd3RxcTdtYU5teXhCeThnSmxCbnUtdnFuQzZ2cll2ZVlfSDZiaFV6ek1uN0FyTG9OTVhpSmt2dlJWRkNtVHBUX2NZNUIteTBkYnJwT1VfMndBa1BITDFLOTdRT1NOcWpTNVkxSnBzNHFUUnJSUFhOdHY4UVNReEg3Z0p0RkNoMTBkazNzTnJaTXFEamJr?oc=5"" target=""_blank"">Shoigu says Russia supports China's position on Taiwan</a>&nbsp;&nbsp;<font color=""#6f6f6f"">Reuters</font>",https://news.google.com/rss/articles/CBMiowFBVV95cUxNZ2p6ZkJJamJpdi1yM2pQd3RxcTdtYU5teXhCeThnSmxCbnUtdnFuQzZ2cll2ZVlfSDZiaFV6ek1uN0FyTG9OTVhpSmt2dlJWRkNtVHBUX2NZNUIteTBkYnJwT1VfMndBa1BITDFLOTdRT1NOcWpTNVkxSnBzNHFUUnJSUFhOdHY4UVNReEg3Z0p0RkNoMTBkazNzTnJaTXFEamJr?oc=5,2026-02-01 07:27:00,,
169,reuters,world,India's budget aims to ramp up domestic manufacturing in a volatile environment - Reuters,"<a href=""https://news.google.com/rss/articles/CBMiuAFBVV95cUxPLXNpRTlEVTI3RW9WNXZaYU5nRC1FVXpnR3JTYjlTdFdybVBYS0l4bzhWTlVqOWZLTVdaM21zS0kyZkpIMWZXZW85V0VWQldUR2ljVXZfbkRVa0VaeE5XNU1iZHplNkVUV1JIRWJiTlByVnFyR2NGOE43N0U0V0ZzUmlWZTFEMGFGN3VzTVFJVmZCYm1pTGhyaW9LMTJPSGRUclVwamctcjhPalh3YlM0X2tMZjVxcEJy?oc=5"" target=""_blank"">India's budget aims to ramp up domestic manufacturing in a volatile environment</a>&nbsp;&nbsp;<font color=""#6f6f6f"">Reuters</font>",https://news.google.com/rss/articles/CBMiuAFBVV95cUxPLXNpRTlEVTI3RW9WNXZaYU5nRC1FVXpnR3JTYjlTdFdybVBYS0l4bzhWTlVqOWZLTVdaM21zS0kyZkpIMWZXZW85V0VWQldUR2ljVXZfbkRVa0VaeE5XNU1iZHplNkVUV1JIRWJiTlByVnFyR2NGOE43N0U0V0ZzUmlWZTFEMGFGN3VzTVFJVmZCYm1pTGhyaW9LMTJPSGRUclVwamctcjhPalh3YlM0X2tMZjVxcEJy?oc=5,2026-02-01 06:03:00,,
170,reuters,world,"US may make a deal on Cuba, Trump says - Reuters","<a href=""https://news.google.com/rss/articles/CBMiiwFBVV95cUxOTkN1LUNGQUlpbmpSUlM1b1BQNFd1c3lkNFhaMTRyUy1wcVlJU0RPcnZGSFBPb0VVN21WTUFram9SVnF1OUY2dk1OR2hmUDF0dVVJOXJrSUs1V3JXM1BxU2ozWHduOHd3cmZub1RlU0xuNnFZSnp3bG5WVVpmNFBHYnpPNjFfeU1xS1ZB?oc=5"" target=""_blank"">US may make a deal on Cuba, Trump says</a>&nbsp;&nbsp;<font color=""#6f6f6f"">Reuters</font>",https://news.google.com/rss/articles/CBMiiwFBVV95cUxOTkN1LUNGQUlpbmpSUlM1b1BQNFd1c3lkNFhaMTRyUy1wcVlJU0RPcnZGSFBPb0VVN21WTUFram9SVnF1OUY2dk1OR2hmUDF0dVVJOXJrSUs1V3JXM1BxU2ozWHduOHd3cmZub1RlU0xuNnFZSnp3bG5WVVpmNFBHYnpPNjFfeU1xS1ZB?oc=5,2026-02-01 04:22:00,,
171,reuters,world,"China's ICBC warns of precious metal volatility, urges investor caution - Reuters","<a href=""https://news.google.com/rss/articles/CBMivgFBVV95cUxPbGR2MFNMejFxM2h0VDBuWmp1UzhPSXo1SXRIRVRmVEtGd1ROcnBpVGd2VmlKWDlHc2dtVEJwc2JTX3I4SDFGaE9mQ2Q0UzVzY01VVWI2RTNnOXlrb3Z4SThSMDdCcUFSY0xHU1RKOGpNbUtmZm5NYnZfRWllQW0wRVlSWDRlMW1TWGZhSnFLTHB3RGxac1dIQmhHZTZ4SC1IeFFwaExyeW83YzlQSW5zYzlmRDNrWjBZQmUzYWJR?oc=5"" target=""_blank"">China's ICBC warns of precious metal volatility, urges investor caution</a>&nbsp;&nbsp;<font color=""#6f6f6f"">Reuters</font>",https://news.google.com/rss/articles/CBMivgFBVV95cUxPbGR2MFNMejFxM2h0VDBuWmp1UzhPSXo1SXRIRVRmVEtGd1ROcnBpVGd2VmlKWDlHc2dtVEJwc2JTX3I4SDFGaE9mQ2Q0UzVzY01VVWI2RTNnOXlrb3Z4SThSMDdCcUFSY0xHU1RKOGpNbUtmZm5NYnZfRWllQW0wRVlSWDRlMW1TWGZhSnFLTHB3RGxac1dIQmhHZTZ4SC1IeFFwaExyeW83YzlQSW5zYzlmRDNrWjBZQmUzYWJR?oc=5,2026-02-01 04:08:00,,
172,reuters,world,Trump says Fed nominee Warsh could garner Democratic support - Reuters,"<a href=""https://news.google.com/rss/articles/CBMirgFBVV95cUxQSFh2cTZiRDBwVHA5UzByT3Z0MFZjV3dRaWFjMk1sQ2k0ZDJrdmNXcEc2aWFXNmtIajdPV1hjUjFyTnE4Q3VKaFhEQkl4QmtzRVBHMkM2WWJmb0hkeVY2VkVwUzByTm1yZUptbTdZMURfQWNic1dKUGlaSjdVbDh5U1pwWGQ1OV9mNy02SFpERDFYMFotRzVOSTY5RXlVMjk5c2VmaHB0ZHBVS1oxeUE?oc=5"" target=""_blank"">Trump says Fed nominee Warsh could garner Democratic support</a>&nbsp;&nbsp;<font color=""#6f6f6f"">Reuters</font>",https://news.google.com/rss/articles/CBMirgFBVV95cUxQSFh2cTZiRDBwVHA5UzByT3Z0MFZjV3dRaWFjMk1sQ2k0ZDJrdmNXcEc2aWFXNmtIajdPV1hjUjFyTnE4Q3VKaFhEQkl4QmtzRVBHMkM2WWJmb0hkeVY2VkVwUzByTm1yZUptbTdZMURfQWNic1dKUGlaSjdVbDh5U1pwWGQ1OV9mNy02SFpERDFYMFotRzVOSTY5RXlVMjk5c2VmaHB0ZHBVS1oxeUE?oc=5,2026-02-01 02:31:00,,
173,reuters,world,Democrat Menefee wins Texas special election for US House seat - Reuters,"<a href=""https://news.google.com/rss/articles/CBMiuwFBVV95cUxQRWFNMFJ0UXBzb3lWU3IxRjRvMVdXQU15WnpjNU5CeGZsZzUwLUpzVXRmR1lWaU15aUxTdVBpOXNpVjJvZjBFT0RyeTBjY001WWJnTm05LVlLZ19YNnVORjRoeWRiWkRCQnJkUm15R2xiTzZicTROR0NZNnJIODJsdlBoX0E1b0ZRV19xVHJ3QXpvWmQ4RkxCMWN6Nktma0N6ODJJcG0tTWxwaFZZeXJmVkpKX1VET0JrMjIw?oc=5"" target=""_blank"">Democrat Menefee wins Texas special election for US House seat</a>&nbsp;&nbsp;<font color=""#6f6f6f"">Reuters</font>",https://news.google.com/rss/articles/CBMiuwFBVV95cUxQRWFNMFJ0UXBzb3lWU3IxRjRvMVdXQU15WnpjNU5CeGZsZzUwLUpzVXRmR1lWaU15aUxTdVBpOXNpVjJvZjBFT0RyeTBjY001WWJnTm05LVlLZ19YNnVORjRoeWRiWkRCQnJkUm15R2xiTzZicTROR0NZNnJIODJsdlBoX0E1b0ZRV19xVHJ3QXpvWmQ4RkxCMWN6Nktma0N6ODJJcG0tTWxwaFZZeXJmVkpKX1VET0JrMjIw?oc=5,2026-02-01 04:49:57,,
174,reuters,world,India to borrow record 17.2 trillion rupees in fiscal year 2027 - Reuters,"<a href=""https://news.google.com/rss/articles/CBMiwgFBVV95cUxPNlFQUTcwYjFhTU1DNENRczFuUXFINlhzYzMwdTk0Q0hqNHdhcGo3T0dzRklUb3JwNFVJZzN4WFlYX2ZWY3J6VlJQdWpiMTJZaDBqMEdZYWpGVnhBRWVzbUl0bm84aTNMd1ZpTmlVLU82WkowZmtrVVVFTDlka21uaGM4MkZydU56Y0pVdWZRcXU2WmNQT21WQW9VTG05YmVqRFl5TkNkb3JBOGl1WmFIYm81Y2F4TE9pRWNYQlQ4eS0wUQ?oc=5"" target=""_blank"">India to borrow record 17.2 trillion rupees in fiscal year 2027</a>&nbsp;&nbsp;<font color=""#6f6f6f"">Reuters</font>",https://news.google.com/rss/articles/CBMiwgFBVV95cUxPNlFQUTcwYjFhTU1DNENRczFuUXFINlhzYzMwdTk0Q0hqNHdhcGo3T0dzRklUb3JwNFVJZzN4WFlYX2ZWY3J6VlJQdWpiMTJZaDBqMEdZYWpGVnhBRWVzbUl0bm84aTNMd1ZpTmlVLU82WkowZmtrVVVFTDlka21uaGM4MkZydU56Y0pVdWZRcXU2WmNQT21WQW9VTG05YmVqRFl5TkNkb3JBOGl1WmFIYm81Y2F4TE9pRWNYQlQ4eS0wUQ?oc=5,2026-02-01 07:08:45,,
175,reuters,world,India raises infrastructure spending by 11.4% to record 12.2 trillion rupees for 2026-27 - Reuters,"<a href=""https://news.google.com/rss/articles/CBMiwgFBVV95cUxPQlBZZ2dLZDNOdDZpV3pDcGZUdTdPaHB3bTFISGhhbDkxd2NLR3BfdG5PRnJJX2VWWUdxQ1g5cnlDSktiaEhtS1pfUUpkUWxmZU5yNGN5Um1EaUliX00tSEpQUlBxcWp6RWNqQmdEQVVnakVJZEdGVEpja00yUXJDWHhXeFJLdXI1djBYUjNzNm5FaHZ0NTNxZnFyNDVUYXJZVUU3U2VHaTh4MF9FeGJ3TkhXNFdVUmlPb2hmNTVrdExPdw?oc=5"" target=""_blank"">India raises infrastructure spending by 11.4% to record 12.2 trillion rupees for 2026-27</a>&nbsp;&nbsp;<font color=""#6f6f6f"">Reuters</font>",https://news.google.com/rss/articles/CBMiwgFBVV95cUxPQlBZZ2dLZDNOdDZpV3pDcGZUdTdPaHB3bTFISGhhbDkxd2NLR3BfdG5PRnJJX2VWWUdxQ1g5cnlDSktiaEhtS1pfUUpkUWxmZU5yNGN5Um1EaUliX00tSEpQUlBxcWp6RWNqQmdEQVVnakVJZEdGVEpja00yUXJDWHhXeFJLdXI1djBYUjNzNm5FaHZ0NTNxZnFyNDVUYXJZVUU3U2VHaTh4MF9FeGJ3TkhXNFdVUmlPb2hmNTVrdExPdw?oc=5,2026-02-01 05:55:37,,
176,reuters,world,"'People's dad' Jensen Huang praises, pushes Nvidia suppliers on mobbed Taiwan visit - Reuters","<a href=""https://news.google.com/rss/articles/CBMiwgFBVV95cUxQTXI1Y0FhdnZwUEZ5dGN4NEpUSzBwMUU2MmdmTVFadzFsWGxSU2FBWU5DTzByQ01NSEE4ZFhWVy1UQjl3aGlucnpybVY5Mm9BbzZhWjdlVDNRYnB5UVR4VmpGUldJLThWT0xBYWRNUFRVLVZEdEZxU3BkanVDN2dvQkd4T28xd0RYVnNBSnJST3NwSU9vUkRUbTJhTllPMHk0M2lTbm1CdGJlS2dzLWRZMWNyaFJKLTJPbkgyQldiOGJsdw?oc=5"" target=""_blank"">'People's dad' Jensen Huang praises, pushes Nvidia suppliers on mobbed Taiwan visit</a>&nbsp;&nbsp;<font color=""#6f6f6f"">Reuters</font>",https://news.google.com/rss/articles/CBMiwgFBVV95cUxQTXI1Y0FhdnZwUEZ5dGN4NEpUSzBwMUU2MmdmTVFadzFsWGxSU2FBWU5DTzByQ01NSEE4ZFhWVy1UQjl3aGlucnpybVY5Mm9BbzZhWjdlVDNRYnB5UVR4VmpGUldJLThWT0xBYWRNUFRVLVZEdEZxU3BkanVDN2dvQkd4T28xd0RYVnNBSnJST3NwSU9vUkRUbTJhTllPMHk0M2lTbm1CdGJlS2dzLWRZMWNyaFJKLTJPbkgyQldiOGJsdw?oc=5,2026-02-01 01:39:00,,
177,reuters,world,India budget increases transaction taxes on derivatives trading - Reuters,"<a href=""https://news.google.com/rss/articles/CBMivgFBVV95cUxOOFlneFh4eHlXUmItbDJKazBRMmd3alRRM3UwMDZGX3ZvbHRvc0l5RGt3TTl4SVF4SDRUaUcwZWtjbFBXY1l4c0hNc0JQRzduTEp3c2pPYThoanZpS29pZzVlLVk5M2dCbEJvQjdQNkVZZWlsSXFuQmxCUHBIWGRYU1pWOFl5X3J2YVVVWlhFNUF1ZElVcWFROV9YZjFWeFkyQzlMSVZOZ01YN1ZpcURlS0lWVHI1QlRpWUtwRHZR?oc=5"" target=""_blank"">India budget increases transaction taxes on derivatives trading</a>&nbsp;&nbsp;<font color=""#6f6f6f"">Reuters</font>",https://news.google.com/rss/articles/CBMivgFBVV95cUxOOFlneFh4eHlXUmItbDJKazBRMmd3alRRM3UwMDZGX3ZvbHRvc0l5RGt3TTl4SVF4SDRUaUcwZWtjbFBXY1l4c0hNc0JQRzduTEp3c2pPYThoanZpS29pZzVlLVk5M2dCbEJvQjdQNkVZZWlsSXFuQmxCUHBIWGRYU1pWOFl5X3J2YVVVWlhFNUF1ZElVcWFROV9YZjFWeFkyQzlMSVZOZ01YN1ZpcURlS0lWVHI1QlRpWUtwRHZR?oc=5,2026-02-01 07:13:00,,
178,reuters,world,"India budget 'tactical', not 'breakthrough', Moody's Ratings says - Reuters","<a href=""https://news.google.com/rss/articles/CBMiqgFBVV95cUxNcmlka2ZPeksxbXc2c0ozQTRDeEFDQUQzWExZMkpJeWhhM1NjMGlhc0J3LWdudE5uczNtMlVzZWRyRjE5ajJkT3VWQzFqc0xweGVOeHc2WU85dGhmRWJfNUpDeFJkaTh0Z0FSLWltMjJHcWpnQXJPZ1MxclA4RWM2MlBaNXFyVnZYZUFZcTFpS3hkcmlTdTkxandFQmxjVFpsMHVCNnA2VXBvUQ?oc=5"" target=""_blank"">India budget 'tactical', not 'breakthrough', Moody's Ratings says</a>&nbsp;&nbsp;<font color=""#6f6f6f"">Reuters</font>",https://news.google.com/rss/articles/CBMiqgFBVV95cUxNcmlka2ZPeksxbXc2c0ozQTRDeEFDQUQzWExZMkpJeWhhM1NjMGlhc0J3LWdudE5uczNtMlVzZWRyRjE5ajJkT3VWQzFqc0xweGVOeHc2WU85dGhmRWJfNUpDeFJkaTh0Z0FSLWltMjJHcWpnQXJPZ1MxclA4RWM2MlBaNXFyVnZYZUFZcTFpS3hkcmlTdTkxandFQmxjVFpsMHVCNnA2VXBvUQ?oc=5,2026-02-01 09:02:20,,
179,reuters,world,"Indian shares sink on budget day as derivatives tax hike, lack of foreign flow measures weigh - Reuters","<a href=""https://news.google.com/rss/articles/CBMioAFBVV95cUxOdFl4S1B3RGZJQ0UyZHFuWDloSGoxOE1MYmVHYXB3Ml9ySHR2ekF1aUEtMy1SNEJZQjdvU0pwSHdUdmVQVjRwS29uZGRXeUF5VHBOVFNnbEFzWHNlWEU3cFFCckxmUzV4V0dPd2JfaF9vU3ZiOHh2VDBjSjV5dFRyUmRpeEZWN1pKT2o2a1NxMWNjcXNDcGFWN3ZuUElnX0hp?oc=5"" target=""_blank"">Indian shares sink on budget day as derivatives tax hike, lack of foreign flow measures weigh</a>&nbsp;&nbsp;<font color=""#6f6f6f"">Reuters</font>",https://news.google.com/rss/articles/CBMioAFBVV95cUxOdFl4S1B3RGZJQ0UyZHFuWDloSGoxOE1MYmVHYXB3Ml9ySHR2ekF1aUEtMy1SNEJZQjdvU0pwSHdUdmVQVjRwS29uZGRXeUF5VHBOVFNnbEFzWHNlWEU3cFFCckxmUzV4V0dPd2JfaF9vU3ZiOHh2VDBjSjV5dFRyUmRpeEZWN1pKT2o2a1NxMWNjcXNDcGFWN3ZuUElnX0hp?oc=5,2026-02-01 01:54:00,,
180,reuters,world,India doubles tax holiday for GIFT City businesses to 20 years - Reuters,"<a href=""https://news.google.com/rss/articles/CBMitwFBVV95cUxPRVo5dk9xcU8xbGsxWkJEZVN2bjJMOWF4TWQxMHJCelI3aWdwNlA1UlZQVnVPOTlyWHJFamM2Smc1V2pjNTJFUkc1WGRKcHd0WTNFaFRKbkpnMlBIUU1nMzJKOVR2ZHFJVXlDOElUNWh3MVVIR1ZFay16eVo5M1d5U3NJbkcwVTBrVkVfb2dNcnc3c1VJU2dEZjVRdXVzTnd4WXc4NnhwSWRja0hLVjJuWkhXZEtod1E?oc=5"" target=""_blank"">India doubles tax holiday for GIFT City businesses to 20 years</a>&nbsp;&nbsp;<font color=""#6f6f6f"">Reuters</font>",https://news.google.com/rss/articles/CBMitwFBVV95cUxPRVo5dk9xcU8xbGsxWkJEZVN2bjJMOWF4TWQxMHJCelI3aWdwNlA1UlZQVnVPOTlyWHJFamM2Smc1V2pjNTJFUkc1WGRKcHd0WTNFaFRKbkpnMlBIUU1nMzJKOVR2ZHFJVXlDOElUNWh3MVVIR1ZFay16eVo5M1d5U3NJbkcwVTBrVkVfb2dNcnc3c1VJU2dEZjVRdXVzTnd4WXc4NnhwSWRja0hLVjJuWkhXZEtod1E?oc=5,2026-02-01 08:15:53,,
181,reuters,world,India retains states' share in federal taxes at 41% - Reuters,"<a href=""https://news.google.com/rss/articles/CBMipwFBVV95cUxQMHl0dDV2UFRORGhoVVVrZHA1TDNlMy1sWmhVNVRadkp4NWYyMDVqcndPT1JXR1dYOVN4Y1RsWTZha25MS3p5U2FpcTVFOFZGWkxXSkQ2a0RmRGNxQkY3OFRMV2M0RGFHam5tdXpiZFlMV2ZfWFpJc3pLRk1WaDFwSDFoRnc4LUNZbFlzaEhWNFNhNTA0WGhTYXpyUGhONkpiUWhCZmxXUQ?oc=5"" target=""_blank"">India retains states' share in federal taxes at 41%</a>&nbsp;&nbsp;<font color=""#6f6f6f"">Reuters</font>",https://news.google.com/rss/articles/CBMipwFBVV95cUxQMHl0dDV2UFRORGhoVVVrZHA1TDNlMy1sWmhVNVRadkp4NWYyMDVqcndPT1JXR1dYOVN4Y1RsWTZha25MS3p5U2FpcTVFOFZGWkxXSkQ2a0RmRGNxQkY3OFRMV2M0RGFHam5tdXpiZFlMV2ZfWFpJc3pLRk1WaDFwSDFoRnc4LUNZbFlzaEhWNFNhNTA0WGhTYXpyUGhONkpiUWhCZmxXUQ?oc=5,2026-02-01 08:53:42,,
182,reuters,world,"China new home prices rise in January as government signals support, private survey says - Reuters","<a href=""https://news.google.com/rss/articles/CBMiwgFBVV95cUxOSDBsVVZvbEZoMDlXcXgyVUo5dzQ3MWNOSVdYS2VSMzB2SkdfUkVla0tUM3pEbE5lR1o3LUtoSGQzYklXc0ZZb3hCV25nQmxodS1aWmhMejN2UFJSYmZSZWMwaG1BQ19lSjVnZXIzZmxoenFfZXN4UlRtMFFad1Y4TndGc2pFbUdWUlA1d3l6dHdFeFNEdm5oMjBRS1hCa21mYTZKcEpoNVRiVFZBeDVzRzdOYWQzOWtDc0hxNjJPTHF0Zw?oc=5"" target=""_blank"">China new home prices rise in January as government signals support, private survey says</a>&nbsp;&nbsp;<font color=""#6f6f6f"">Reuters</font>",https://news.google.com/rss/articles/CBMiwgFBVV95cUxOSDBsVVZvbEZoMDlXcXgyVUo5dzQ3MWNOSVdYS2VSMzB2SkdfUkVla0tUM3pEbE5lR1o3LUtoSGQzYklXc0ZZb3hCV25nQmxodS1aWmhMejN2UFJSYmZSZWMwaG1BQ19lSjVnZXIzZmxoenFfZXN4UlRtMFFad1Y4TndGc2pFbUdWUlA1d3l6dHdFeFNEdm5oMjBRS1hCa21mYTZKcEpoNVRiVFZBeDVzRzdOYWQzOWtDc0hxNjJPTHF0Zw?oc=5,2026-02-01 02:22:00,,
183,reuters,world,"South Korea Jan exports beat forecasts, logs sharpest rise since 2021 - Reuters","<a href=""https://news.google.com/rss/articles/CBMiwAFBVV95cUxORWRacFRBWjgyMWtBb3ZyeHlnckFOQ3B4WW1XaVBRcFMxWFFHdzZJN1ZjakxaNVVURTNqUXhNQ0xuQ0JjNEN2YklmVkFrT01MNVZxYUJsS3ZfS09JbktKRGltaTBSXzA5NkV4Ui1WTmhyRngxRjFDY0JxRXJQZVlGRkNOYXRDWk82VEd5M190YVhlZTllTmstVGYzRWlCR2pjX1EtbFpkOTBReDQtSld3WnprLWJ6TEJvTWczd2hIUHA?oc=5"" target=""_blank"">South Korea Jan exports beat forecasts, logs sharpest rise since 2021</a>&nbsp;&nbsp;<font color=""#6f6f6f"">Reuters</font>",https://news.google.com/rss/articles/CBMiwAFBVV95cUxORWRacFRBWjgyMWtBb3ZyeHlnckFOQ3B4WW1XaVBRcFMxWFFHdzZJN1ZjakxaNVVURTNqUXhNQ0xuQ0JjNEN2YklmVkFrT01MNVZxYUJsS3ZfS09JbktKRGltaTBSXzA5NkV4Ui1WTmhyRngxRjFDY0JxRXJQZVlGRkNOYXRDWk82VEd5M190YVhlZTllTmstVGYzRWlCR2pjX1EtbFpkOTBReDQtSld3WnprLWJ6TEJvTWczd2hIUHA?oc=5,2026-02-01 00:30:00,,
184,reuters,world,India budget makes fresh bet on manufacturing as it seeks to sustain growth - Reuters,"<a href=""https://news.google.com/rss/articles/CBMiugFBVV95cUxNRFR2eVUzd1RsZFN2bFg2QUlCcHktWHNJdnlQQmgxcDM1dWlVLWdWLUFlS2VFNUVZUkxtNkNKaFhCV1JFZVFaVDRpaHlwNmJfczhmOXBENUhhal95TGhnOU9RMzhIeFlqbnZYeXRYdWVyWm04WE5SbnBrcWdUUmtyTWRkSnJxa0VZTEJSWEMyTVg5TEhMbG9wOGpYRHNVS3NIQUpTcHlva3I5UENfQTk3WjA2TVlnV3RsUFE?oc=5"" target=""_blank"">India budget makes fresh bet on manufacturing as it seeks to sustain growth</a>&nbsp;&nbsp;<font color=""#6f6f6f"">Reuters</font>",https://news.google.com/rss/articles/CBMiugFBVV95cUxNRFR2eVUzd1RsZFN2bFg2QUlCcHktWHNJdnlQQmgxcDM1dWlVLWdWLUFlS2VFNUVZUkxtNkNKaFhCV1JFZVFaVDRpaHlwNmJfczhmOXBENUhhal95TGhnOU9RMzhIeFlqbnZYeXRYdWVyWm04WE5SbnBrcWdUUmtyTWRkSnJxa0VZTEJSWEMyTVg5TEhMbG9wOGpYRHNVS3NIQUpTcHlva3I5UENfQTk3WjA2TVlnV3RsUFE?oc=5,2026-02-01 06:07:00,,
185,reuters,world,Nigerian army says it killed a Boko Haram commander and 10 fighters - Reuters,"<a href=""https://news.google.com/rss/articles/CBMirwFBVV95cUxNUS1RYUN4OWNLbF9Zd3BxQ2tiWnFfcEtDTlJpNEhweVJKLUxZRUl3dVdDR09GZGFxakxjRno0NUdfNEY5dXlYVWlRM1djMkY0aEp6aXlHRXRrVHgxY1RrWU5vbndwQjZiek5DRFB1SWNXV216M3NGUjlmMHVkeEFHdU0tS0tyZGFXZ1hmZ1YtVllOTlBZT1JndzIyN2tVVENKWHNaS0h1VnFTcjZHem9v?oc=5"" target=""_blank"">Nigerian army says it killed a Boko Haram commander and 10 fighters</a>&nbsp;&nbsp;<font color=""#6f6f6f"">Reuters</font>",https://news.google.com/rss/articles/CBMirwFBVV95cUxNUS1RYUN4OWNLbF9Zd3BxQ2tiWnFfcEtDTlJpNEhweVJKLUxZRUl3dVdDR09GZGFxakxjRno0NUdfNEY5dXlYVWlRM1djMkY0aEp6aXlHRXRrVHgxY1RrWU5vbndwQjZiek5DRFB1SWNXV216M3NGUjlmMHVkeEFHdU0tS0tyZGFXZ1hmZ1YtVllOTlBZT1JndzIyN2tVVENKWHNaS0h1VnFTcjZHem9v?oc=5,2026-02-01 11:37:59,,
186,reuters,world,"India budget walks tightrope between revenue strain, spending needs - Reuters","<a href=""https://news.google.com/rss/articles/CBMitwFBVV95cUxNaUR5Z1U4bDRoS2N3QjFKZE5aV1hxdWI2TVlvelhRclh1bVEtMWVKVVVBaEN1YzNzNVhzaHVCOUJoWDBWczVkUHpGNFlPcEN6SzBkYU4zdlpSM3h1MDY4MWpYNVd5WHp3bURZWXRsQWxqckt6ZWVOX1lGZ19hMUxYMkJJZllIeTVWb3BJLXVoV3MzTVVHMEZWQVNqYjY1dlFqWFlHUlh6ck83ZW5wdl9fdFVJektvMG8?oc=5"" target=""_blank"">India budget walks tightrope between revenue strain, spending needs</a>&nbsp;&nbsp;<font color=""#6f6f6f"">Reuters</font>",https://news.google.com/rss/articles/CBMitwFBVV95cUxNaUR5Z1U4bDRoS2N3QjFKZE5aV1hxdWI2TVlvelhRclh1bVEtMWVKVVVBaEN1YzNzNVhzaHVCOUJoWDBWczVkUHpGNFlPcEN6SzBkYU4zdlpSM3h1MDY4MWpYNVd5WHp3bURZWXRsQWxqckt6ZWVOX1lGZ19hMUxYMkJJZllIeTVWb3BJLXVoV3MzTVVHMEZWQVNqYjY1dlFqWFlHUlh6ck83ZW5wdl9fdFVJektvMG8?oc=5,2026-02-01 11:27:54,,
187,reuters,world,"Japan markets on edge over looser fiscal policy, ex-currency diplomat Watanabe says - Reuters","<a href=""https://news.google.com/rss/articles/CBMizwFBVV95cUxPNmp2M1laSzBFOS1CSnZYMUNqZ0FnZUNGcUJQX0xPUktncWgyeGw5akNLN2ZCYWFwTHAwNnJZWHhieTBBa2hUVWNTVE8tUkdnWGlfWlB4VVFNWXdIOWc3WTdlUDhpNFpEMVdlZGpJY0VmQXY0Ukx1ZnF1OVJreXRKWGI0S0R5a0JNZE1TNlRPRWJsWnNZbjBrNWxLYWRGLTg0eXNSSEcxd25zc1I0eXNIT2c5QlIySVJ3UWZOdGZsN0FNNWhGbFhxeXlWV00tWFU?oc=5"" target=""_blank"">Japan markets on edge over looser fiscal policy, ex-currency diplomat Watanabe says</a>&nbsp;&nbsp;<font color=""#6f6f6f"">Reuters</font>",https://news.google.com/rss/articles/CBMizwFBVV95cUxPNmp2M1laSzBFOS1CSnZYMUNqZ0FnZUNGcUJQX0xPUktncWgyeGw5akNLN2ZCYWFwTHAwNnJZWHhieTBBa2hUVWNTVE8tUkdnWGlfWlB4VVFNWXdIOWc3WTdlUDhpNFpEMVdlZGpJY0VmQXY0Ukx1ZnF1OVJreXRKWGI0S0R5a0JNZE1TNlRPRWJsWnNZbjBrNWxLYWRGLTg0eXNSSEcxd25zc1I0eXNIT2c5QlIySVJ3UWZOdGZsN0FNNWhGbFhxeXlWV00tWFU?oc=5,2026-02-01 04:14:00,,
