site,section,title,summary,link,published,body,clustering_index
livemint,markets,"EM Assets Pare Monthly Rally on Slump in Metals, Trump Fed Pick","Emerging market assets are falling for a second straight session on Friday, paring their monthly gains, as metals plunge and the dollar surges to its best day since July after President Donald Trump announced his pick for the top job at the Federal Reserve.",https://www.livemint.com/market/em-assets-pare-monthly-rally-on-slump-in-metals-trump-fed-pick-11769800847625.html,2026-01-30 19:20:47,"(Bloomberg) -- Emerging market assets are falling for a second straight session on Friday, paring their monthly gains, as metals plunge and the dollar surges to its best day since July after President Donald Trump announced his pick for the top job at the Federal Reserve.
Trump nominated Kevin Warsh, who’s seen as less supportive of deep rate cuts and more worried about inflation. Gold and silver suffered their biggest slides in decades, while the dollar surged toward its best day since July. A gauge of South African precious metals and mining stocks dropped as much as 9.4% in Johannesburg, the most since October.
At the same time, concerns over the sustainability of artificial-intelligence investments hit Asian tech stocks that had powered this year’s gains. The MSCI index of developing world stocks has had its best start in 14 years, though it tumbled 1.9% Friday, the most in six weeks, It is still up almost 9% in the month.
“Some profit-taking is not unreasonable after such a euphoric start to the year for EM equities,” said Hasnain Malik, head of emerging-markets equity and geopolitics strategy at Tellimer in Dubai. “Concerns over returns on data center capex, for example by Microsoft, cannot exist in the long-run alongside euphoria for semiconductor suppliers further up the value chain.”
The MSCI index tracking developing world currencies is down 0.5%, on pace for its biggest daily drop since November, with the South African rand, a bellwether for risk appetite, dropping more than 2%, the most since April. Still, currencies remained on track for a second monthly advance.
“There’s not a structural change. I think that expectations of global dollar weakness will surely remain for a while longer,” said Daniel Velandia, chief economist at Credicorp Capital Colombia. “We believe that there will still be appreciation pressures in Latin American currencies, but this trend will moderate.”
Investors are waiting to see whether the two-day selloff in EM stocks is a momentary pause or the start of a correction after an $11 trillion rally since last April driven by AI stocks and gold miners. While the dollar remains near a four-year low, supporting the EM outlook, money managers are watching out for risks around Trump’s policymaking and high valuations attached to AI shares.
So far, momentum and sentiment are in emerging markets’ favor. Of the 22 most-traded developing world currencies, 15 have risen in January amid a global macro backdrop that Goldman Sachs Group Inc. analysts characterized as “friendly.”
Brazil’s benchmark stock index is on track to close January with a gain of almost 13%, its best month since November 2020.
“We’re off to a potentially multi-year cycle where EM can significantly outperform developed markets for the first time in a long time,” Yacov Arnopolin, a senior emerging-markets portfolio manager at Pimco, said at Bloomberg’s Emerging Markets Investment Forum in New York this month.
Elsewhere, Ukraine bonds are rallying as Trump said Russian President Vladimir Putin vowed to halt the bombing of cities and towns in Ukraine as the country prepares for an extreme cold snap.
Colombia raised interest rates for the first time since 2023 as a record minimum wage increase stokes inflation pressure. The central bank lifted its benchmark rate by one full percentage point to 10.25%, which was higher than expected by all 31 economists surveyed by Bloomberg.
--With assistance from Nicolle Yapur, Carter Johnson, Maria Elena Vizcaino, Ray Ndlovu, Leda Alvim, Pratigya Vajpayee and Carolina Wilson.
Oops! Looks like you have exceeded the limit to bookmark the image. Remove some to bookmark this image.",
livemint,markets,Chicago grain prices fall amid profit-taking and dollar rebound,GLOBAL-GRAINS/ (UPDATE 2):GRAINS-Chicago grain prices fall amid profit-taking and dollar rebound,https://www.livemint.com/market/chicago-grain-prices-fall-amid-profit-taking-and-dollar-rebound-11769799739360.html,2026-01-30 19:02:18,"Chicago corn, soybean and wheat futures fell on Friday, pressured by profit-taking and a rebound in the U.S. dollar, after the greenback reached a four-year low on Tuesday. Market participants were adjusting positions at the end of the month and after a volatile trading week that saw record-high precious metal prices in addition to the dollar slide. But on Friday, global stocks declined and rallies in precious metals cooled as the dollar rose.
Grains and oilseed prices had climbed to multi-week highs this week on the back of a weaker dollar, but ample global supply has kept gains in check.
""It's just a risk-off environment,"" said Karl Setzer, co-founder of Consus Ag Consulting.
""We've really pounded the dollar this month,"" said Setzer, but he said most of the trade was based on ""money flow, positioning and profit-taking.""
The most-active wheat contract on the Chicago Board of Trade (CBOT) wheat fell 7-1/2 cents to $5.34 a bushel by 12:31 p.m. CST (1831 GMT) after hitting a new nine-week peak of $5.44-3/4.
CBOT soybeans fell 10 cents to $10.62-1/4 a bushel, while corn shed 5 cents to $4.2-3/4 a bushel. The dollar index continued its recovery on Friday, supported by reports that U.S. President Donald Trump could name on Friday former Federal Reserve Governor Kevin Warsh as the new head of the central bank. Investors view Warsh as more hawkish on interest rates than other candidates for the post. Market jitters over Trump's policymaking, including his criticism of the Fed, had fuelled the dollar's recent slide.
Chicago wheat has also drawn support this week from short-covering by investment funds and bouts of severe cold in wheat belts in the United States and the Black Sea region. After extreme cold in the U.S. Plains in the past week, traders were monitoring forecasts of deep frosts in Ukraine next week that could cause crop damage. In Argentina, recent rains improved soil moisture in parts of the country but corn and soy crops still need more rainfall to avoid yield losses, the Buenos Aires Grain Exchange said on Thursday.
The prospect of record soybean production in Brazil, where harvesting is in its early stages, was nonetheless tempering concern about Argentina.
(Reporting by Renee Hickman in Chicago; Additional reporting by Daphne Zhang in Beijing and Gus Trompiz in Paris; Editing by Leroy Leo)
Oops! Looks like you have exceeded the limit to bookmark the image. Remove some to bookmark this image.",
livemint,markets,American Express stock slides 3.82% despite 13% profit growth and higher Gen-z spending,"The New York-based company reported a quarterly profit of $2.46 billion ($3.53 per share) for October-December 2025, up from $2.17 billion ($3.04 per share) during the same period last year",https://www.livemint.com/market/stock-market-news/american-express-stock-slides-3-82-despite-13-profit-growth-and-higher-gen-z-spending-11769791130313.html,2026-01-30 18:11:04,"The New York-based company reported a quarterly profit of $2.46 billion ($3.53 per share) for October-December 2025, up from $2.17 billion ($3.04 per share) during the same period last year. Despite the growth, Wall Street had anticipated a slightly higher earnings-per-share figure. Meanwhile, total expenses climbed 10% year-over-year, reaching $14.5 billion.
At 12:59 p.m. EST, American Express shares were trading dowm by 3.82%, or $13.68, at $344.97. On Thursday, the stock closed at $358.50.
•Total Spending: Cardmembers spent $506.2 billion in Q4, an increase from $464 billion a year prior.
•Loan Balances: Credit card loans on the books reached $213 billion, compared to $199.1 billion last year.
In a landmark shift for the company, Chief Financial Officer Christophe Le Caillec said that Gen-Z and Millennial customers are now collectively outspending Gen-X, which has historically been the firm's most significant spending demographic.
In a call with analysts, Amex Chief Executive Officer Steve Squeri said that the company invested $6.3 billion in marketing last year, an increase of about 75% since 2019.
“The key to driving our growth has been our investment philosophy,” Squeri said. “We consistently invest to strengthen our competitive advantages across key areas, including our customer value propositions, marketing, technology, partnerships and coverage.”
“Our investments are paying off — driving increased customer demand, engagement and loyalty, while generating efficiencies across the enterprise and supporting our excellent credit performance,” Squeri said in a statement.
Looking toward the future, AmEx issued a 2026 forecast projecting earnings per share between $17.30 and $17.90. The company also announced plans to raise its quarterly dividend by 16%, increasing it from 82 cents to 95 cents per share.
Strategically, the company is reportedly nearing a deal to move its global headquarters to 2 World Trade Center. Such an agreement would provide the necessary anchor tenant for Silverstein Properties to begin construction on the long-delayed Manhattan supertall. Any final deal remains subject to approval by the Port Authority of New York & New Jersey, which owns the World Trade Center site, as reported byBloomberg.
Oops! Looks like you have exceeded the limit to bookmark the image. Remove some to bookmark this image.",
livemint,markets,"Gold rates today: MCX gold crashes  ₹15,200 per 10g, silver plunges  ₹72,000 per kg on firm US dollar","Gold and silver faced heavy selling on 30 January due to a strong US dollar and profit-taking after record highs. Silver dropped 20%, while gold fell 9%. The market reacted to President Trump's Fed chair nomination, raising concerns over policy easing. Both metals, however, still show January gains.",https://www.livemint.com/market/commodities/gold-rates-today-mcx-gold-crashes-rs-15-200-per-10g-silver-plunges-rs-72-000-per-kg-on-firm-us-dollar-11769781832947.html,2026-01-30 15:38:24,"Precious metals – gold and silver – came under heavy selling pressure in Friday’s trading session, impacted by a firm US dollar and profit-taking by investors after a sustained rally that had pushed both metals to multiple record highs.
If the sell-off sustains, as appears likely, it will end the five-day rally on MCX. To be precise, silver prices had already seen a sharp correction during the late trading hours of Thursday, when prices dropped₹20,155 from the intraday high to settle at₹3,99,893.
Taking today’s intraday low into account, silver has declined₹92,135, or 22%, from the record high of₹4,20,048.
The unstoppable run in gold and silver prices in recent months has finally taken a sharp reversal after speculation intensified that US President Trump would pick Kevin Warsh to replace Fed Chair Jerome Powell. The sell-off deepened after Trump officially announced that he had nominated former Fed governor Kevin Warsh as the next Fed chair.
The dollar advanced following Trump’s announcement on Truth Social, making dollar-priced commodities more expensive for holders of other currencies.
Market moves suggested that traders were dialing back expectations for policy easing under Warsh, who, as a policymaker from 2006 to 2011, often emphasized inflation risks even as others focused on supporting growth and jobs during the financial crisis.
The announcement ended months of speculation over who would lead the Fed, after Trump repeatedly criticized Chair Jerome Powell for not cutting interest rates. Powell’s term ends in May,Bloombergreported.
Although gold and silver prices have come off recent peaks, they are on track to close January with gains of 20% and 46%, respectively. For context, silver crossed the₹1 lakh mark on the MCX in October 2024 and took 14 months to reach the next milestone of₹2 lakh on 12 December 2025.
It then took just 25 days to reach the₹3 lakh mark on 19 January. The next₹1 lakh jump came even faster, with silver hitting₹4 lakh in just nine trading sessions in the previous session.
Disclaimer:We advise investors to check with certified experts before making any investment decisions.
Oops! Looks like you have exceeded the limit to bookmark the image. Remove some to bookmark this image.",
livemint,markets,"Dow Jones, S&amp;P 500, Nasdaq slip after Trump nominates Kevin Warsh as US Fed Chairman; Apple falls 1.5%, SanDisk up 20%","As of 1 p.m. Eastern Time, the S&amp;amp;P 500 was down 0.8%, the Dow Jones Industrial Average fell 1%, and the Nasdaq Composite lost 1%.",https://www.livemint.com/market/stock-market-news/wall-street-slips-after-trump-nominates-kevin-warsh-to-head-federal-reserve-11769784020858.html,2026-01-30 14:52:35,"US stock indices edged lower on Friday after President Donald Trump nominated former Federal Reserve Governor Kevin Warsh to head the central bank.
The move comes as President Trump continues his long-standing campaign for lower interest rates.
Warsh, the President's pick to succeed Jerome Powell, has previously been critical of the current Chair’s leadership.
As of 1 p.m. Eastern Time, the S&P 500 was down 0.8%, the Dow Jones Industrial Average fell 1%, and the Nasdaq Composite lost 1%.
At 09:30 a.m. ET, the Dow Jones Industrial Average fell 146.89 points, or 0.32%, to 48,912.80, the S&P 500 lost 23.24 points, or 0.33%, to 6,945.77 and the Nasdaq Composite lost 107.88 points, or 0.43%, to 23,577.24.
On the economic data front, producer prices rose more than expected in December 2025, indicating inflation could pick up in the months ahead.
The US dollar experienced a brief period of volatility following the announcement, initially weakening against a basket of global currencies before recovering its position.
Microsoft shares dipped 0.1% following a selloff on Thursday after the tech giant’s cloud revenue dropped.
SanDisk stock jumped almost 20% after the firm forecast better-than-expected third quarter profit on higher AI storage demand.
Verizon shares advanced 7% after the wireless carrier predicted upbeat annual profit.
Credit card leader American Express stock slipped 2.5% even though the firm forecast annual profit above Wall Street expectations.
KLA Corp shares dropped 7.7% despite the firm beat Wall Street estimates for second quarter profit and revenue.
Chevron shares added 1% after the oil company reported fourth quarter profit above expectations, while Exxon Mobil shares fell 1% despite beating Wall Street estimates.
At 09:37 a.m. ET (1437 GMT), spot gold dropped 5.8% to $5,081.52 per ounce, after slipping to an intraday low of $4,957.53 earlier in the session. US gold futures for February delivery fell 4.1% to $5,079.60.
Among other metals, spot silver shed 13.9% at $99.94 an ounce, spot platinum lost 12.1% to $2,310.11 an ounce, and palladium plunged 8.3% to $1,839.01.
Oil prices held steady on Friday as the global market stayed on edge following President Donald Trump’s renewed warnings toward Iran.
Brent traded near $70 a barrel on Friday after it surpassed that psychological threshold in the previous session for the first time since July, while West Texas Intermediate held close to $65.
Oops! Looks like you have exceeded the limit to bookmark the image. Remove some to bookmark this image.",
livemint,markets,"Pulse of the Street: Markets snap three-week slide on budget hopes, earnings boost","The BSE Sensex closed the week 0.9% higher at 82,269.78 on Friday, while the Nifty50 advanced 1.1% to 25,320.65. Yet, despite the weekly rebound, the benchmarks ended January in the red.",https://www.livemint.com/market/stock-market-news/india-stock-market-fpi-outflows-budget-impact-rupee-depreciation-11769775769199.html,2026-01-30 14:18:56,"India's benchmark stock indices snapped a three-week losing streak, as optimism around the Union budget, selective earnings beats and progress on the India-European Union (EU) free trade agreement lifted investor risk appetite, analysts said.
The BSE Sensex closed the week 0.9% higher at 82,269.78 on Friday, while the Nifty50 advanced 1.1% to 25,320.65. Yet, despite the weekly rebound, the benchmarks ended January in the red.
The Nifty50 lost 2.4% during the month, while the BSE Sensex shed 2.8%, marking their weakest monthly showing since February 2025, when the markets had corrected by around 6%.
Analysts say conviction around a sustained breakout rally remains weak, despite the market pricing in positive cues from the budget on Sunday. Budget-linked sectors such as capital goods, power, defence and public sector units (PSU) rallied through the week.
Investors are betting that the government will step up defence spending, sustain the infrastructure push, and accelerate stake sales in PSUs to boost non-tax revenues, Vinit Bolinjkar, head of research at Ventura, said.
A spike in Brent crude prices to nearly $70 a barrel, amid fears of a potential US-Iran conflict, also lifted oil and gas stocks. These sectors gained 5-7% over the week.
In contrast, fast-moving consumer goods (FMCG) and consumer durables were the top laggards of the week, falling 2-3%. “Investors were concerned that the upcoming budget may not provide significant measures to boost consumption,"" Bolinjkar said.
Rising oil prices have also heightened worries over higher input costs, hitting margin-sensitive sectors like FMCG. At the same time, the risk of higher inflation has raised concerns over weaker purchasing power for big-ticket consumer items like durables, he said.
However, Bolinjkar noted that foreign investor outflows remain the key concern for domestic markets, as selling pressure from foreign portfolio investors (FPIs) persisted throughout the week. Even so, pre-budget positioning offered some support, helping India rank among the top four global markets this week alongside South Korea and Hong Kong.
Rising global uncertainty, a lack of meaningful improvement in corporate earnings, and more attractive artificial intelligence (AI)-linked opportunities in other emerging market peers, have driven foreign capital away, experts said. “Additionally, foreign investors remain cautious due to delays in the India-US trade deal and lingering tariff threats,"" Bolinjkar added.
The rupee depreciated 2.3% in January, touching an all-time low of 91.88 against the dollar.
The market eagerly awaits cues from the Union budget. “Any changes in tax structure or sectoral incentives will have a significant impact on market sentiment,"" he said.
Bolinjkar highlighted that the RBI’s upcoming monetary policy committee meeting could determine the market's next direction. While the RBI is widely expected to hold the policy rate at 5.25%, investors will focus on its guidance on liquidity and rupee volatility, he added.
Oops! Looks like you have exceeded the limit to bookmark the image. Remove some to bookmark this image.
You are now subscribed to our newsletters. In case you can’t find any email from our side, please check the spam folder.",
livemint,markets,Reliance Power Q3 results: Net profit drops 40% YoY to  ₹25 crore; revenues up 1% — Details here,Reliance Power recorded a 40% fall in its consolidated net profit to  ₹25 crore in the October to December quarter of the fiscal year ending 2025-26. Here's what investors need to know about the company's Q3 results and share price movement.,https://www.livemint.com/market/stock-market-news/reliance-power-q3-results-net-profit-drops-40-yoy-to-rs-25-crore-revenues-up-1-details-here-11769782134850.html,2026-01-30 14:17:03,"The drop in the company's financing costs and the fall in the cost of fuel consumed were the primary drivers for the reduction in the total expenses for the October to December quarter of the fiscal year 2025-26.
The consolidated financial statements also showed that the company recorded a total tax expense of₹75.02 crore in the third quarter of the financial year ending 2025-26, while the previous year's tax implication was at₹7.93 crore for the same period a year ago.
On a year-to-date (YTD) basis, the company's stock has dropped 18.49% so far in 2026, but is trading 0.11% higher in the last five market sessions on the Indian stock market.
Reliance Power stock hit its 52-week high level at₹76.49 on 11 June 2025, while the 52-week low level was at₹26.83 on 27 January 2026, according to the exchange data. The company's market capitalisation (M-Cap) stood at₹11,704.23 crore as of the stock market close on Friday, 30 January 2026.
Disclaimer:This story is for educational purposes only. We advise investors to consult with certified experts before making any investment decisions, as market conditions can change rapidly and circumstances may vary.
Oops! Looks like you have exceeded the limit to bookmark the image. Remove some to bookmark this image.",
livemint,markets,"Nifty 50 posts weakest January in over a decade, down over 3% amid global and domestic headwinds","January was turbulent for the Indian stock market, marked by a sharp sell-off and geopolitical tensions. The Nifty 50 fell 3.10%, its worst January in over a decade, amid mixed earnings and rising crude oil prices, with analysts looking to the upcoming Union Budget for potential recovery.",https://www.livemint.com/market/stock-market-news/nifty-50-posts-weakest-january-in-over-a-decade-down-over-3-amid-global-and-domestic-headwinds-11769779858195.html,2026-01-30 14:16:49,"January turned out to be a turbulent period for the Indian stock market, as unfavourable global cues and mixed December-quarter earnings triggered a sharp sell-off across segments. Even the much-awaited free trade agreement between India and the European Union failed to lift investor sentiment, with the Nifty 50 recording its worst January performance in recent years.
This was further compounded by renewed tensions in the Middle East after US President Donald Trump warned of strikes on Iran.
Trade concerns also kept market sentiment subdued, as Trump, in mid-January, threatened to impose tariffs on European countries starting February 1 if a deal was not reached to acquire Greenland, though he later rolled back the proposal.
Since the start of the year, Trump has revived his tariff playbook, which has dampened appetite for riskier assets across global markets.
Back home, domestic factors have also remained unfavourable for bulls, as December-quarter results have so far been mixed, with company bottom lines impacted by high labour costs.
The sharp rise in crude oil prices, coupled with persistent selling by FPIs, has also weighed on market sentiment. According to NSDL data, FPIs have sold shares worth₹36,000 crore in January, following a record withdrawal of₹1.66 lakh crore in 2025.
The sell-off by FPIs has not only impacted equities but has also dragged the Indian rupee to multiple lows, with the latest low of 92.28 recorded during Wednesday’s session.
Against weak global and domestic cues, the Nifty 50 finished the month down 3.10%, or 809 points, at the 25,320 level, marking the index's weakest January performance in over a decade. The last time January recorded such a decline was in 2016, when the index fell nearly 5%.
The fall also extended the index’s losing streak to a second consecutive month, with a decline of 1,053 points, or 4%, from its record high.
Historically, January has been a weak month for the Indian stock market, with the Nifty 50 closing lower in each of the past eight years, including 2026.
According to analysts, a sentiment reversal depends on the upcoming Union Budget. While the markets do not expect any major surprises in the budget announcement, the key focus is expected to be on capital expenditure allocation, especially in sectors considered strategically important due to prevailing geopolitical compulsions.
In the previous budget, the government shifted its focus towards consumption rather than capital expenditure, aiming to boost domestic demand through tax exemptions for individual taxpayers and rationalising GST rates. Analysts believe that the FY27 Union Budget’s approach to stimulating consumption will be selective.
Markets will closely track capital expenditure allocation, along with the fiscal deficit target and measures aimed at boosting revenue visibility.
Ponmudi R, CEO of Enrich Money, said, ""Market participants are anticipating fiscal deficit guidance of 4.3–4.4% for FY27, alongside a continued decline in the debt-to-GDP ratio. Expectations of sustained public capital expenditure in the range of₹12–12.4 lakh crore (around 3.1% of GDP), with continued focus on infrastructure, defence, electronics, and manufacturing, are supporting the medium-term growth outlook despite ongoing global headwinds.""
Disclaimer:We advise investors to check with certified experts before making any investment decisions.
Oops! Looks like you have exceeded the limit to bookmark the image. Remove some to bookmark this image.",
livemint,markets,"Multibagger stock trumps tariff and trade war, turns  ₹1 lakh into  ₹4.7 lakh since last budget","The Indian stock market faced volatility post-Budget, yet Synthiko Foils thrived with a 363% gain in share price since the last Union Budget. The stock has generated 4,000% returns over five years, significantly boosting investor wealth, particularly among retail investors holding a 34.2% stake.",https://www.livemint.com/market/stock-market-news/multibagger-stock-trumps-tariff-and-trade-war-turns-rs-1-lakh-into-rs-4-7-lakh-since-last-budget-11769772855182.html,2026-01-30 13:45:34,"While the Indian stock market has witnessed bouts of volatility since the last Union Budget, impacted by global trade tensions, geopolitical worries, and escalating tensions in the Middle East, only a few stocks have managed to go against the tide, delivering bumper returns to shareholders.
Established in 1994, the company is engaged in the manufacturing, supplying, and exporting of aluminium packaging foils, including Alu Alu foils, lidding foil, two-ply and three-ply laminates, blister foil, printed aluminium foil, laminated aluminium foil, and aluminium foil lids.
These products are developed using food-grade aluminium, which the company sources from authorised vendors in the market, its website showed.
The shares began their one-way journey in April 2025, which is still ongoing, resulting in a massive gain of 314%. During this period, the stock jumped from₹455.60 to₹1,855 apiece, and along the way it also scaled a fresh record high of₹2,610 apiece.
Impressively, during this period, the stock closed 9 out of 10 months in positive territory, with September 2025 recording the biggest monthly gain of 71%, followed by April 2025 with a surge of 54%.
The rally has not only made shareholders wealthier but has also significantly boosted the company’s market capitalisation, which now stands at₹160 crore.
The stock closed higher in three out of the last five calendar years, delivering multibagger returns in three of those years. The year 2025 was the standout, with a surge of 320%, followed by 2021 and 2022, which recorded gains of 149% and 147%, respectively.
During this period, the stock moved from₹93.60 apiece to₹1,855 apiece. Cumulatively, the stock has delivered nearly 4,000% returns over the last five-year period.
The massive rise in the share price over the last one year has significantly boosted investor wealth.
An investor who had invested₹1 lakh in the stock a year ago and held onto it would have seen the investment grow to₹4.7 lakh, highlighting the wealth-creating potential of the stock market when the right counters are chosen.
Retail investors with capital exceeding₹2 lakh hold a 13.16% ownership stake in the company, underlining the strong participation of individual shareholders in Synthiko Foils’ growth story.
Disclaimer:We advise investors to check with certified experts before making any investment decisions.
Oops! Looks like you have exceeded the limit to bookmark the image. Remove some to bookmark this image.",
livemint,markets,NSE IPO finally gets wings as Sebi gives no-objection certificate,Sebi's NoC puts an end to nine years of waiting for NSE's initial public offering (IPO).,https://www.livemint.com/market/ipo/nse-ipo-sebi-issues-no-objection-certificate-nine-year-wait-ends-11769777088241.html,2026-01-30 12:58:11,"Putting an end to nine years of waiting, the National Stock Exchange of India Ltd (NSE) received a no-objection certificate (NoC) for its public listing from the Securities and Exchange Board of India (Sebi) on Friday.
In January, chief Sebi Tuhin Kanta Pandey said the capital markets regulator was poised to give the exchange the go-ahead by the month end.
“We are delighted to receive Sebi approval for our IPO, a significant milestone in our growth journey,” Srinivas Injeti, chairperson of India’s largest exchange, said in a statement. “With Sebi's approval, we embark on a new chapter of value creation for all our stakeholders. This approval also  reinforces confidence in NSE being an integral part of the Indian economy and beacon of Indian capital markets.”
“The exchange is likely to file the DRHP within three months,” said another person familiar with the matter.
A market expert said banker pitches are likely to start next month, and the entire process could take another six months.
Unlike regular listed entities, market infrastructure institutions, such as stock exchanges, depositories, and clearing corporations, must secure a no-objection certificate from Sebi before filing their draft red herring prospectus.
In 2022, Sebi also levied a₹7 crore penalty on the exchange, but this was later overturned by Securities Appellate Tribunal (SAT). The regulator appealed against the tribunal ruling before the Supreme Court in September 2023 and again in February 2024.
NSE's current valuation is₹5.2 trillion, based on its unlisted share price of₹2,105, according to InCred Money. According to Sebi's new rules on minimum public shareholding, a company with a post-issue market cap of over₹5 trillion can sell a minimum of 2.5% of the paid-up share capital initially.
Based on the unlisted share price, a 2.5% stake divestment by public shareholders—NSE doesn't have a promoter—amounts to₹13,025 crore. NSE is almost five times the size of rival BSE, whose market cap was at₹1.13 trillion. NSE's market share in the equities cash segment was 93.4% and in the lucrative equities options segment, it was 77.1% as of December, per exchange data.
It was earlier expected that after a deliberation of an internal committee of Sebi members, the matter would be passed on to HPAC, following which the no-objection certificate would be issued.
""The formal banker pitches will start next month. From appointment to getting Sebi approval will take another six months,"" said an equity capital markets banker on the condition of anonymity. According to him, NSE will take advantage of the new provision of selling only 2.5% stake, given the whopping₹7 trillion valuation the company is aiming to fetch through the public listing.
Oops! Looks like you have exceeded the limit to bookmark the image. Remove some to bookmark this image.",
livemint,markets,Rupee rebounds from record low of 92.02 to end marginally higher against US dollar,"At the interbank foreign exchange, the rupee opened at 91.89 and gained ground, touching 91.82 against the greenback during intraday trade. The currency touched its lowest-ever level of 92.02 before ending the session at 91.97 against the dollar.",https://www.livemint.com/market/stock-market-news/rupee-rebounds-from-record-low-of-92-02-to-end-marginally-higher-against-us-dollar-11769774840794.html,2026-01-30 12:11:00,"Forex traders said sustained withdrawal of foreign funds and a negative trend in domestic equities weighed on investor sentiment.
At the interbank foreign exchange, the rupee opened at 91.89 and gained ground, touching 91.82 against the greenback during intraday trade. The currency touched its lowest-ever level of 92.02 before ending the session at 91.97 against the dollar, registering a gain of just 2 paise from the previous closing level.
On Thursday, the rupee ended flat at its lowest level of 91.99 against the dollar. The currency recorded its previous lowest level of 92-a-dollar on January 23.
""Indian rupee recovered from all-time lows on an overnight decline in crude oil and commodity prices. However, recovery in the US dollar index and FII outflows capped sharp gains. Dollar index rose after Donald Trump said that he would announce his nominee to head the US Federal Reserve,"" said Anuj Choudhary, Research Analyst, Mirae Asset ShareKhan.
Meanwhile, the dollar index, which gauges the greenback's strength against a basket of six currencies, was trading 0.45 per cent higher at 96.57.
Brent crude, the global oil benchmark, was trading 0.96 per cent lower at USD 70.03 per barrel in futures trade.
On the domestic equity market front, Sensex declined 296.59 points or 0.36 per cent to settle at 82,269.78, while the Nifty fell 98.25 points or 0.39 per cent to 25,320.65.
Foreign institutional investors sold equities worth₹393.97 crore on Thursday, according to exchange data.
According to the Economic Survey, tabled in parliament on Thursday, the rupee is ""punching below its weight"" and ""investor reluctance to commit funds to India warrants examination at a time when inflation is under control, and the growth outlook is favourable"".
Oops! Looks like you have exceeded the limit to bookmark the image. Remove some to bookmark this image.",
livemint,markets,"NTPC Q3 results: Net profit rises over 8% YoY to  ₹5,597 crore; second interim dividend of  ₹2.75/share declared","NTPC Q3 results: Net profit rises over 8% YoY to  ₹5,597 crore; second interim dividend of  ₹2.75/share declared",https://www.livemint.com/market/stock-market-news/ntpc-q3-results-net-profit-rises-over-8-yoy-to-rs-5-597-crore-second-interim-dividend-of-rs-2-75-share-declared-11769772457361.html,2026-01-30 11:34:51,"NTPC Q3 results:The company reported a 8% year-on-year increase in net profit for the third quarter, with profit rising to₹5,597 crore compared with₹5169 crore in the same period last year.
However, in the company's standalone report, it shows that revenue from operations fell by 1.8% to₹40,644 crore in Q3 ending 31 December, down from₹41,369 crore in a year-ago period.
The firm's earnings before interest, taxes, depreciation, and amortisation (EBITDA) rose 0.2% to₹11,991 crore in the reporting quarter, against₹11,975 crore in the December 2024 quarter. EBITDA margin stood at 29.5% in Q3 against 28.9% in the previous year.
“Board of Directors in its aforesaid meeting decided, inter alia, to pay second interim dividend at the rate of 27.50% (₹2.75 per share) on the face value of paid-up equity shares of₹10 each for the financial year 2025-26. The date of payment/dispatch of dividend shall be 25 February 2026,” the company informed the stock exchanges through its filing.
As per Bombay Stock Exchange (BSE) data, the stock has gained 9.63% in the last one year, and as much as 298.09% over the last five years, making it a multi-bagger stock for investors.
Oops! Looks like you have exceeded the limit to bookmark the image. Remove some to bookmark this image.",
livemint,markets,Why fiscal policy matters more than monetary policy for bond yield currently,"Elevated yields in developed markets, including the US, Japan and the UK, also create spill-over pressures for emerging market bonds, including India.",https://www.livemint.com/market/bonds/why-fiscal-policy-matters-more-than-monetary-policy-for-bond-yield-currently-11769772096601.html,2026-01-30 11:25:09,"Due to a combination of factors, both domestic and global, experts feel that Indian bond yields will be range-bound in the near term.
State borrowings have been bunched up in 1Q26 (4QFY26) with plans to borrow a quarterly record of₹5 trillion, at the higher end of expectations, after the size was scaled back in the previous two quarters to prevent hardening in yields. On a broader note, this also reflects the growing size of SDL issuances, narrowing the gap with the centre.
Secondly, beyond active central bank buying, other institutional investors face constraints. Replacement demand from banks remains tepid, pension funds have shown only incremental interest as they tilt toward equities, and insurance companies are limited by regulatory constraints.
Add to this, the centre has rationalised the share of the long-term paper in its issuance mix (still higher than past trends), and states are yet to follow suit.
The note highlights that INR bond yields have remained firm despite low inflation and active RBI liquidity measures. With the 10Y G-sec moving back above 6.6%, yields are expected to show an upside bias in the near term within the 6.6–6.7% range, with the Union Budget and the February RBI policy meeting as key catalysts.
Rising commodity prices, especially industrial metals such as copper and precious metals like gold and silver, pose upside risks to inflation expectations globally, according to experts.
“Globally, over the last few months, yields have been slowly and steadily inching higher,” says Harsimran Singh Sahni, Executive Vice President- Treasury Head, Anand Rathi Global Finance. If these pressures begin to transmit into core inflation, they could reinforce the global repricing of yields.
Elevated yields in developed markets, including the US, Japan and the UK, also create spill-over pressures for emerging market bonds, including India.
With Japan yields having moved from 1.6% to 2.20% and US Yields being stuck in the range from 4.10% to 4.20% and having only recently given us a breakout above 4.20%, Sahni expects treasury yields to inch a bit higher globally.
“On the domestic front, fiscal supply remains the dominant driver,” says Tushar Sharma, Co Founder Bondbay, about the factors that will affect Indian bond yields.
The government’s borrowing programme continues to be front-loaded, and the market remains sensitive to any perception of fiscal slippage. Front loading is the technical parlance for the allocation of costs unevenly, with the greater proportion at the beginning of the process or enterprise.
Even with RBI liquidity support, sustained supply without a clear reduction in issuance pressure can keep yields elevated. Additionally, while inflation is currently well-behaved, any upside surprise, particularly from food or energy, could quickly reprice rate expectations.
Monetary policy, while accommodative in tone, is constrained. The RBI is managing liquidity actively but remains cautious about sending strong easing signals prematurely.
“This limits the downside for yields in the near term,” says Sharma. A downside in yields refers to the decrease in interest rates, or returns generated by fixed income securities, such as bonds, which may be caused by rising bond prices.
(Manik Kumar Malakar is a freelance author. He writes on personal finance, bonds and equity markets.)
Disclaimer: This story is for educational purposes only. The views and recommendations expressed are those of individual analysts or broking firms, not Mint. We advise investors to consult with certified experts before making any investment decisions.
Oops! Looks like you have exceeded the limit to bookmark the image. Remove some to bookmark this image.",
livemint,markets,"Accretion Nutraveda IPO: Last day to buy the SME IPO - check GMP, subscription status, and other details","Accretion Nutraveda's IPO opened on January 28, showing weak subscription with a closing date of January 30. The company aims to raise  ₹24.77 crore, primarily for capacity expansion. The IPO was subscribed 1.83x by Day 3, with retail portion at 2.19x.",https://www.livemint.com/market/ipo/accretion-nutraveda-ipo-last-day-to-buy-the-sme-ipo-check-ipo-gmp-ipo-subscription-status-and-other-details-11769769734351.html,2026-01-30 11:20:23,"The company aims to raise₹24.77 crore from this initial public offering (IPO), which is entirely a fresh issue of 19 lakh shares with no offer for sale (OFS) component.
The company plans to deploy the net proceeds from the issue primarily towards capacity expansion and operational strengthening. Of the total amount, around₹4.22 crore will be used for purchasing machinery to enhance automation at its existing manufacturing unit, while about₹8.03 crore has been earmarked for acquiring machinery for a new manufacturing setup. In addition, the company intends to allocate₹5.50 crore towards meeting its working capital requirements. The remaining funds will be utilised for general corporate purposes, supporting overall business operations and growth initiatives.
The IPO lot size is fixed at 2,000 shares, requiring a minimum investment of₹2.58 lakh (400 shares, 2 lots) for retail investors.
Separately, the firm said it has raised₹7 crore from anchor investors ahead of its initial share sale opening for public subscription on January 27.
Sobhagya Capital Options Pvt. Ltd. is the book-running lead manager, and Kfin Technologies Ltd. is the registrar of the issue. The market maker of the company is Sunflower Broking Pvt. Ltd.
'Grey market premium' indicates investors' readiness to pay more than the issue price.
The company has received bids for 49.51 lakh shares against 1.32 crore shares on offer.
Accretion Nutraveda, incorporated in 2021, is engaged in the production of Ayurvedic and nutraceutical products across a wide range of dosage forms, including tablets, capsules, oral liquids, powders, oils and external applications such as balms, creams and gels.
The company functions as a Contract Development and Manufacturing Organization, catering to both domestic and overseas markets, including Sri Lanka, Singapore and the US. Its product portfolio blends traditional Ayurvedic formulations with contemporary nutraceutical science, addressing health segments such as liver care, women’s wellness, bone and joint support, cognitive health and respiratory care.
Oops! Looks like you have exceeded the limit to bookmark the image. Remove some to bookmark this image.",
livemint,markets,FPIs take a bearish call in the run-up to Budget,"The shorting of over 1.3 lakh Nifty and Bank Nifty call options &amp;nbsp;ahead of the event is on anticipation of either corrective to flat markets , which will enable them to retain money paid by retail HNIs&amp;nbsp;",https://www.livemint.com/market/fpi-short-positions-nifty-bank-nifty-market-outlook-budget-impact-11769759901916.html,2026-01-30 11:18:48,"With the Union budget for FY27 just about there, trading patterns in the derivatives market suggest that foreign investors are bracing for either a correction or a long spell of post-budget calm. Foreign portfolio investors (FPIs), who have prevailed over bullish retail investors by shorting the Indian markets since October 2024, are running into the budget in an extreme bearish mode for the second straight year.
In addition to selling in cash and futures, FPIs held net cumulative shorts of 132,312 index call option (Nifty and Bank Nifty) contracts. Sellers of calls expect either a correction or a fall in volatility post the event, which helps them retain premiums paid by call buyers, who are bullish ahead of an event.
Incidentally, ahead of the FY26 Budget on 1 February last year, FPIs were net short a cumulative 94,350 call contracts. On 31 January 2025, when they held these shorts, the Nifty 50 closed at 23,508.4 points, and on 1 February it hit an intraday low of 23,318.3 points, down 0.8%, before settling at 23,482.15 points. This helped FPIs gain on their call positions last year.
“The positioning shows that FPIs expect a cooling off in volatility post the event, which will enable them to gain by retaining the options premium,” said Kruti Shah, quant analyst at Equirus.
Shah said that earlier this week, FPIs had sold a straddle—selling of a call and put option at the same strike—at 25,000 Nifty for₹860 a share (65 shares make one contract), expiring on 24 February. This assumes a range of 24,140-25,860 for the current expiry month.
Jay Vora, analyst at IndiaCharts, said shorting by FPIs indicated they remain bearish on Indian markets. His range for the Nifty 50 is 24,700-25,700 points.
So far this calendar year, FPIs have sold cash shares worth₹38,624.3 crore, after offloading₹2.4 trillion in 2025. Though domestic institutional investors purchased shares worth₹69,822 crore so far this year, after record buying of₹7.9 trillion last year, markets have fallen because of global headwinds and lacklustre earnings growth.
The market tested a record high of 26,277.35 first on 27 September 2024. It took 14 months to hit a new record of 26,325.8 on 1 December, followed by another fresh life high of 26,373.2 on 5 January. From there, the Nifty ended 3.6% lower at 25,418.9 as of Thursday.
“The FPI positioning in index options and futures remains on the short side since quite some time. This, coupled along with cash selling, indicates a cautious stance by the FPI segment,” said Sahaj Agrawal, senior vice-president (research) at Kotak Securities.
For the short term, Agrawal expects any move above 25,500 to trigger buying interest or short covering. Sustenance would depend on broader developments: budget outcome and geopolitical developments. Support on the downside is seen at the 24,700 level.
Overall, FPIs are net long index puts and net short index calls, reinforcing a highly bearish stance.
Oops! Looks like you have exceeded the limit to bookmark the image. Remove some to bookmark this image.",
livemint,markets,"Bajaj Auto Q3 results: Profit jumps 25% YoY to  ₹2,750 crore; EBITDA hits new peak","Bajaj Auto Q3 results: Consolidated profit jumped 25% YoY to  ₹2,749.82 crore, while on a standalone basis, the company's profit jumped nearly 19% YoY to  ₹2,502.81 crore for Q3FY26.",https://www.livemint.com/market/stock-market-news/bajaj-auto-q3-results-profit-jumps-25-yoy-to-2-750-crore-11769771596276.html,2026-01-30 11:18:43,"Bajaj Auto Q3 results:Bajaj Auto, on Friday, January 30, reported an over 25% year-on-year (YoY) rise in its consolidated profit to₹2,749.82 crore for the December quarter of the current financial year (Q3FY26).
In the corresponding quarter of the previous financial year, the company's consolidated profit stood at₹2,195.65 crore.
Total consolidated revenue from operations for the quarter under review rose by 23% YoY to₹16,204.45 crore compared to₹13,168.88 crore in Q3FY25.
According to the company's exchange filing, its EBITDA rose to an all-time high of₹3,161 crore, jumping 22% YoY, while EBITDA margin improved to 20.8%.
Bajaj Auto's revenue from operations crossed the₹15,000 crore mark for the first time, thanks to record quarterly volumes and a richer mix.
""The quarter saw historic high retails on the back of sharp in-market execution during the festive season, while the rapid growth of the electric portfolio, which contributed to 25% of domestic revenues, saw it overtake last full year 's revenue in the middle of this quarter,"" said Bajaj Auto.
4. Exports crossed the 6,00,000 mark in quarterly volumes after 15 quarters, led by solid double-digit growth in Africa and Asia. Latin America maintained its market-leading performance. Commercial Vehicles maintained its uptrend, delivering a quarter of nearly 80,000 units, growing more than 50% YoY.
5. Domestic motorcycles turned in their biggest quarter on 125cc+ with double-digit revenue growth YoY, buoyed by the sports segment. Commercial vehicles clocked their highest-ever retail sales, with volumes surpassing 1,00,000 for the tenth successive quarter, the company said.
Oops! Looks like you have exceeded the limit to bookmark the image. Remove some to bookmark this image.",
livemint,companies,Apple Loses More AI Researchers and a Siri Executive in Latest Departures,"Apple Inc. has lost at least four more of its artificial intelligence researchers in recent weeks in addition to a top Siri executive, with the staff headed to employers such as Meta Platforms Inc. and Google DeepMind.",https://www.livemint.com/companies/apple-loses-more-ai-researchers-and-a-siri-executive-in-latest-departures-11769801275860.html,2026-01-30 19:27:55,"(Bloomberg) -- Apple Inc. has lost at least four more of its artificial intelligence researchers in recent weeks in addition to a top Siri executive, with the staff headed to employers such as Meta Platforms Inc. and Google DeepMind.
The latest exits include Yinfei Yang, Haoxuan You, Bailin Wang and Zirui Wang. Yang left to start a new company, while You and Bailin Wang joined Meta, according to people familiar with the matter. You left for that company’s Superintelligence research arm, and Bailin Wang is working on Meta recommendations, said the people, who asked not to be identified because the moves haven’t been announced.
The departures underscore the continued turbulence within Apple’s AI division. The company has struggled to keep up with peers in the artificial intelligence race, and a decision to outsource some technology to Alphabet Inc.’s Google has rankled staff. In recent months, the company has suffered an exodus of talent, especially from its AI ranks.
In Zirui Wang’s case, the researcher is joining Google DeepMind, which is helping Apple build the core AI models that will power new features. That includes the technology underpinning an upgraded version of the Siri voice assistant that’s launching this year.
In another previously unreported development, Apple executive Stuart Bowers left for Google DeepMind as well. He was one of the company’s most senior executives working on Siri.
Bowers had been a top leader on Apple’s failed self-driving car project before becoming one of the managers in charge of turning around the company’s voice assistant. He got an expanded role last year working on Siri’s ability to figure out how to respond to a user. In that role, he reported to new Siri chief Mike Rockwell.
Apple’s AI challenges have contributed to a stock slump this year — even as the company’s sales reach new heights. It reported blockbuster earnings on Thursday, including more than $85 billion in iPhone sales. Still, the lack of compelling AI breakthroughs and the ongoing drain of top talent remain a significant overhang, complicating the company’s efforts to engineer a turnaround.
The defections follow a major reorganization of Apple’s AI efforts last year. Chief Executive Officer Tim Cook relieved longtime AI chief John Giannandrea of his duties and handed responsibility to software head Craig Federighi. Apple also hired Amar Subramanya, a former Google and Microsoft Corp. AI executive, to oversee parts of the organization.
The recent departures came from Apple’s Foundation Models, or AFM, team, which develops the underlying technology behind the Apple Intelligence platform. The group has faced mounting scrutiny following repeated delays to the new Siri and a muted reception to Apple’s current AI features. Over the summer, the team lost its former leader, Ruoming Pang, to Meta. It is now run by AI researcher Zhifeng Chen.
Until the end of last year, the AFM team had been overseen by former Google executive Daphne Luong. She was sidelined alongside Giannandrea and remains at Apple reporting to him, without operational responsibilities. Chen and Apple’s AI research and testing teams now report to Subramanya.
The company is preparing two new versions of Siri. One is a near-term update that will tap into personal data to answer queries. The other is a more ambitious overhaul for later this year that’s built around a chatbot-style interface.
Both versions will run on a new architecture powered by models developed by Google’s team. Apple has lost well over a dozen AI researchers in the past six months, with many exits stemming from the company’s decision to outsource some of its technology.
When asked on Thursday why Apple choose to use Google, Cook said it would provide “the most capable foundation” for Apple’s AI models.
“We believe that we can unlock a lot of experiences and innovate in a key way due to the collaboration,” he said during a post-earnings conference call with analysts.
The company continues to rely on its own models for on-device Apple Intelligence features. And it’s unlikely to depend on outside partners indefinitely, given the competitive stakes of the AI race and the need to deliver a unique experience.
Oops! Looks like you have exceeded the limit to bookmark the image. Remove some to bookmark this image.",
livemint,companies,"Carney, Macklem Congratulate Warsh on Federal Reserve Nomination",Canadian Prime Minister Mark Carney and Bank of Canada Governor Tiff Macklem congratulated Kevin Warsh on his nomination to lead the Federal Reserve.,https://www.livemint.com/companies/carney-macklem-congratulate-warsh-on-federal-reserve-nomination-11769798819803.html,2026-01-30 18:46:59,"(Bloomberg) -- Canadian Prime Minister Mark Carney and Bank of Canada Governor Tiff Macklem congratulated Kevin Warsh on his nomination to lead the Federal Reserve.
Carney — who led the Bank of Canada during the 2008 financial crisis, while Warsh was on the Fed’s board of governors — offered praise on social media.
“Kevin Warsh is a fantastic choice to lead the world’s most important central bank at this crucial time,” said Carney, who has also served as Bank of England governor.
US President Donald Trump announced Friday he intends to nominate Warsh to be the next Fed chair. Warsh sat on the central bank’s board from 2006 to 2011 and has previously advised Trump on economic policy.
In an emailed statement to Bloomberg News, Macklem also offered his congratulations.
“I worked with Kevin during his time as a governor of the Federal Reserve and look forward to working with him again,” Macklem said.
Macklem was a deputy governor at the Bank of Canada from 2004 to 2007, and senior deputy governor from 2010 to 2014. He was appointed governor in 2020.
Over the past year, Macklem has repeatedly voiced support for current Fed Chair Jerome Powell, who is under political pressure from Trump to cut interest rates. Warsh would succeed Powell when his term ends in May.
After Canada’s central bank held rates steady on Wednesday, Macklem again stressed the importance of an independent Federal Reserve. He pointed to Canada’s deep economic and financial ties with the US.
“Our financial markets are particularly integrated with the US, so it would particularly affect us,” Macklem said.
Powell is “doing a good job at leading the Fed based on evidence, based on facts,” he added. “I hope it stays that way.”
Oops! Looks like you have exceeded the limit to bookmark the image. Remove some to bookmark this image.",
livemint,companies,Binance Founder Zhao Fends Off Crypto Market Crash Accusations,"Changpeng “CZ” Zhao, co-founder and former chief executive officer of Binance, said lingering accusations that the world’s largest digital asset platform bears responsibility for the crypto market crash last October are “far-fetched.”",https://www.livemint.com/companies/binance-founder-zhao-fends-off-crypto-market-crash-accusations-11769798202007.html,2026-01-30 18:36:41,"Changpeng “CZ” Zhao, co-founder and former chief executive officer of Binance, said lingering accusations that the world’s largest digital asset platform bears responsibility for the crypto market crash last October are “far-fetched.”
In a live ask-me-anything session on Binance’s own social platform, Zhao denied that Binance was a key driver of the record spree of liquidations seen as users encountered technical glitches and price discrepancies on the platform. Binance later offered customers and businesses around $600 million in compensation following the crash.
“There are a larger group who claim the October 10th crash was caused by Binance and wants Binance to compensate everything,” Zhao said on Friday. “If you are living in those world in your head, you are unlikely to be successful in the future.”
He noted that Binance is a regulated company in Abu Dubai and the regulators there have access to the firm’s activity, adding that the US government maintains a monitorship of the platform.
Zhao clarified that he was speaking as a shareholder and user of Binance. He relinquished the CEO title in November 2023 as part of a US enforcement resolution after pleading guilty to failing to maintain an effective anti-money laundering program. As part of the settlement, Binance Holdings agreed to retain an independent external compliance monitor that will oversee and test its compliance. Zhao was pardoned by President Donald Trump in October 2025.
Bloomberg reported in September 2025 that Binance is close to a potential deal with the US Justice Department that would allow it to drop the monitor requirement.
A record $19 billion in leveraged crypto positions were erased on Oct. 10, the biggest single-day liquidation event in the sector’s roughly 16-year history. Industry participants, including DRW’s Don Wilson criticized the practices of certain crypto exchanges during the meltdown for not being neutral venues for trading.
Zhao added that Binance users who lost money from the October market crash due to Binance’s system problems were already made whole.
This article was generated from an automated news agency feed without modifications to text.
Oops! Looks like you have exceeded the limit to bookmark the image. Remove some to bookmark this image.",
livemint,companies,Jindal Steel Q3 net profit falls almost 80% on higher costs; revenue up 11%,"The steelmaker's net profit dropped to  ₹190 crore from to  ₹951 crore in same quarter last year. Net debt increased to  ₹15,443 crore as of 31 December from  ₹14,156 crore at the end of September.",https://www.livemint.com/companies/company-results/jindal-steel-q3-jindal-steel-results-11769780044543.html,2026-01-30 14:13:50,"Jindal Steel, India’s fourth-largest steelmaker, announed its Q3 earnings after market hours on Friday, reporting a decline in profit during the December quarter due to weak steel prices, higher costs and one time loss related to labour code implementation. Earlier, its shares closed 1.91% lower on the Bombay Stock Exchange while the Sensex closed 0.36% lower.
The company, headed by billionaire Naveen Jindal, reported an almost 80% drop in net profit attributable to the owners, to₹190 crore from to₹951 crore in same quarter last year, according to the company’s exchange filings. Profit fell well short of the₹526-crore average estimate from a Bloomberg poll of 11 analysts.
Revenue for the quarter rose 10.9% to₹13,026 crore from to₹11,751 crore in the same quarter last year. The rise in revenue was due to an increase in steel production and higher sales volume, though these benefits were offset by lower steel prices.
The steelmaker’s consolidated crude steel production rose 25% to 2.51 million tonnes from the September quarter, while sales volumes climbed 22% to 2.28 million tonnes. Ebitda fell 25% to₹1,634 crore from₹2,184 crore in the same quarter last year, on account of higher input costs.
Suman Kumar, assistant vice-president for metals and mining at brokerage Philip Capital, said, “The results clearly indicate an impact on Ebitda, which has declined due to higher-than-anticipated raw-material costs. Beyond this expense, profitability has seen a further drop due to an increase in depreciation and interest expenses.""
He added, “Weak steel prices during the quarter also weighed on performance. While revenues were higher due to increased production and volumes, the benefit of higher volumes was more than offset by lower realizations.""
Net debt increased to₹15,443 crore as of 31 December from₹14,156 crore at the end of September, primarily due to ongoing capital expenditure. The company incurred₹2,076 crore of capital expenditure during the quarter because of expansion projects at the Angul facility. The three-million-tonnes-per-annum basic oxygen furnace-III at Angul remains on track for commissioning in the fourth quarter of FY26, the steelmaker said. Once operational, it will increase the company’s steelmaking capacity to 15.6 million tonnes per annum.
Jindal Steel also recognised a one-time exceptional charge of gratuity and compensated absences of₹55 crore during the quarter, adding that it was in the process of evaluating whether the new labour codes would have any other impact on employee benefits.
Oops! Looks like you have exceeded the limit to bookmark the image. Remove some to bookmark this image.",
livemint,companies,"Meesho bets on logistics fixes, operating leverage to lift margins after Q3 loss widens",The e-commerce marketplace plans to accelerate investments in advertising and sales promotion to support new user additions as well as expand its non-technology talent in the rest of FY26.,https://www.livemint.com/companies/news/meesho-bets-on-logistics-fixes-operating-leverage-to-lift-margins-after-q3-loss-widens-11769777450235.html,2026-01-30 13:28:05,"Bengaluru: E-commerce marketplace Meesho Ltd’s net loss widened to₹490 crore in the December quarter from₹37 crore in the same quarter last year, as increased spending on logistics and technology pushed up costs.
The firm’s revenue from operations grew 31% to₹3,517 crore, while expenditure surged to₹₹4,071 crore from₹2,822 crore in the year-ago period.
The Bengaluru-based company expanded its logistics network under Valmo, resulting in temporary inefficiencies such as under-utilized routes, redundant nodes, and longer delivery distances. A one-time restructuring cost on this count in the quarter dented contribution margin by 2.3%, Meesho said in a shareholder letter on Friday.
Contribution margin is a metric that nets variable costs from revenues and shows a company’s ability to generate cash.
The marketplace is working on shedding redundant nodes, refining delivery routes, and increasing throughput in the newly scaled nodes in the fourth quarter and this is expected to drive down per-order cost, the company added.
Meesho’s net marketplace value (NMV), the cumulative checkout value of successfully delivered orders on the marketplace inclusive of all taxes, grew 26% YoY to₹10,995 crore. Its transacting user base reached 251 million in the latest quarter, against 187 million in the same quarter previous year.
Meesho, which released its first-ever quarterly numbers on Friday since its public listing, operates an e-commerce marketplace that connects small sellers with value-conscious consumers across India, primarily in tier II and smaller cities.
The company now intends to accelerate investments in advertising and sales promotion to support new user additions as well as expand its non-technology talent in FY26 in Valmo, content commerce, and its branded products vertical Meesho Mall.
“We expect significant improvement in adjusted Ebitda margin in the next two quarters returning to Q1 FY26 levels; driven by logistics cost recovery and operating leverage on user growth and technology investments made in FY26,” the platform noted in its statement.
With one of its key logistics partners going out of business in May-June last year, Meesho had to work quickly to ramp up its logistics capacity ahead of the festive season, a period crucial for e-commerce companies.
“We had to scale up capacity with Valmo very fast which came at a cost. This should go away in the next two quarters,” Vidit Aatrey, managing director and CEO of Meesho, said during the analysts call on Friday.
The firm is also working on expanding its categories, especially those available in Meesho Mall (Meesho’s marketplace for a mix of branded and unbranded products), to provide a wider variety of grocery, personal care, baby care, and home and kitchen products, Aatrey noted.
“We continue to make the platform conducive to products across price points. Some of our branded products in personal care and baby care, for example, have grown well on the back of Meesho Mall. There is a lot of expansion opportunity available there in all these categories, and we continue to add more sellers, brands, and use cases,” Aatrey said.
Oops! Looks like you have exceeded the limit to bookmark the image. Remove some to bookmark this image.",
livemint,companies,IBM takes Gurugram office on 10-year lease for  ₹180 crore,"IBM India leased 230,000 sq. ft at Intellion Park in Gurugram for ten years at a monthly rent of  ₹1.25 crore, escalating by 15% every three years.",https://www.livemint.com/companies/news/ibm-india-gurugram-office-lease-tata-realty-commercial-real-estate-11769765960382.html,2026-01-30 12:47:44,"Bengaluru: IBM India Pvt. Ltd has signed a 10-year lease for over 230,000 sq. ft of office space across six floors at Intellion Park in Gurugram’s Sector 59, with a rental outlay of₹180 crore.
The global technology major will pay a monthly rent of₹1.25 crore, with a 15% rental escalation every three years. The lease deed was signed in December, as per documents accessed by real estate data analytics platform Propstack.
Intellion Park in Gurugram is a campus-style information technology (IT)/IT enabled services (ITeS) special economic zone, spread across 25 acres.
“Intellion continues to attract quality clients with large space requirements at NCR. First, Zomato, and now IBM—that’s 0.5 million sq. ft absorbed by just two tenants. IBM’s 10-year lease with a total outlay of₹180 crore highlights the continued appetite for large floor plates and long-term consolidation in NCR's premium office corridors,” said Raja Seetharaman, co-founder, Propstack.
An IBM India spokesperson didn't respond toMint's query. A TRIL spokesperson declined to comment on the transaction.
Last year, it took up 161,884 sq. ft on lease from Golflinks Software Park Pvt. Ltd at the Pine Valley building in Embassy Golflinks Business Park in Bengaluru. The business park is owned by Embassy REIT and a local partner. IBM will pay roughly₹145 crore in rent for a 60-month lease tenure.
In 2025, IBM India also leased around 110,000 sq. ft of office space from Table Space, a managed workspace provider, in Bengaluru.
Technology companies and flexible workspace operators led office absorption activity in 2025, which hit a record high of 82.6 million sq. ft (in gross leasing) across India's the top nine cities, compared to 79 million sq. ft in 2024, according to property advisory CBRE India.
Oops! Looks like you have exceeded the limit to bookmark the image. Remove some to bookmark this image.",
livemint,companies,Ola Electric to lay off 5% of workforce as part of restructuring effort,"Ola Electric announced a 5% workforce reduction as part of its restructuring efforts, focusing on increased automation to create a leaner organisation for long-term growth.",https://www.livemint.com/companies/news/ola-electric-to-lay-off-5-of-workforce-as-part-of-restructuring-effort-says-report-11769776581521.html,2026-01-30 12:45:07,"Ola Electric on Friday said that it has decided to lay off 5% of workforce as part of restructuring effort.
“Ola Electric continues to focus on its business turnaround, building on the early gains delivered through Hyperservice and its service-led execution reset, with same-day resolution now being delivered to over 80% of service requests nationwide. The company is doubling down on speed and discipline through increased automation across its frontend operations,” the company said in a statement.
It added, “As part of this ongoing structural transformation, approximately 5% of the workforce will be impacted. Ola Electric remains focused on delivering a stronger customer experience and building a leaner organisation positioned for long-term, profitable growth.”
Meanwhile, sales at Ola Electric, which has yet to post a profit, declined through much of fiscal 2026, as competitors such as Ather Energy and established players, including TVS Motor and Bajaj Auto moved ahead.
The company added that the board also took note of Abichandani’s resignation from the CFO position, which was effective at the close of January 19, 2026. In his resignation letter, Abichandani said he was stepping down citing personal reasons.
“With the BIS certification of Shakti 9.1kWh, we are ready to deliver our first residential BESS units. This is an important step in our journey as we reimagine how India will store and consume energy,” a company spokesperson said, as perPTI.
The spokesperson added that Ola Shakti brings reliable, affordable and smart energy storage solutions to homes, farms and businesses across the country. “More than a product, it is a cornerstone of India’s journey toward energy self-reliance and a future driven by clean, decentralised, and on-demand power,” the spokesperson added.
The company stated Ola Shakti offers automotive-grade safety, high efficiency, and zero running and maintenance costs.
Oops! Looks like you have exceeded the limit to bookmark the image. Remove some to bookmark this image.",
livemint,companies,A West Delhi unicorn: Shiprocket's Saahil Goel on the long road to building India’s logistics backbone,"Saahil Goel, inspired by his early tech experiences, co-founded Shiprocket to empower small businesses in India. The company evolved through various challenges to become a logistics backbone for e-commerce, ensuring efficient delivery and payments, and supporting over 200,000 businesses.",https://www.livemint.com/companies/people/a-west-delhi-unicorn-shiprockets-saahil-goel-on-the-long-road-to-building-india-s-logistics-backbone-11769772028302.html,2026-01-30 11:49:31,"When Saahil Goel says, “We renamed ourselves to Shiprocket,” he is not talking about a cosmetic rebrand. He is referring to a moment when a 14-year-old company finally recognised what it truly was and what it was meant to build.
“I think for the first time, the whole company felt it,” he says. For the first time, there was a shared belief across the organisation that the business had found its direction. Goel was speaking to Abhishek Singh, Deputy Editor, LiveMint on Mint's popular series Rollin' with the Boss. Watch the full episode below,
Goel describes himself, without hesitation, as a Punjabi Bagh boy. His early exposure to technology came at home, not in a classroom. His mother, tech-savvy for her time, learned how to use FoxBase, an old database programme. There was a computer in the house when Goel was in the eighth standard, and she taught him how to build simple systems.
By ninth standard, he had discovered HTML. This was the late 1990s, when the internet was still open and largely unstructured. He gravitated towards it instinctively and soon became the school’s go-to computer student, working on the school website, helping friends troubleshoot problems, and experimenting constantly.
In Class 11, he and a friend built a jokes website and monetised it with banner ads. The site was eventually listed on Rediff as the number one jokes website and drew around 100,000 visitors a month.
They made about $1,000, a meaningful amount at the time. The money mattered, but more than that, the experience stayed with him. The internet was no longer abstract. It could be built, shared, and monetised.
After college, split between India and the US, Goel met Gautam Kapoor, who would later become his co-founder. The two did not spend their time discussing formal business plans as much as they discussed ideas and problems. Kapoor was deeply resourceful and operationally sharp, often finding ways to execute where others hesitated.
The partnership worked because their strengths were complementary. Goel brought product and technology thinking, while Kapoor brought execution and on-ground insight.
After graduating, Goel worked at Max before moving back to the US for his MBA and MS. He worked across organisations, but something felt off. “I was doing tech. But it’s not my calling,” he says. Even then, he was clear that he wanted to build a venture of his own.
Discussions with Kapoor began around 2009, but the timing was wrong. Indian e-commerce was still in its early stages. “Timing is extremely important,” Goel says. There was no clear formula for knowing when the time would be right. They tested ideas, relied on instinct, and waited.
The idea that eventually pulled Goel back to India was not logistics. It was websites.
Family members would approach him for help building websites. He assumed there would be a Shopify-like solution in India. There wasn’t. The do-it-yourself infrastructure simply did not exist, and that gap stood out.
Convincing his wife to move back from the US was not easy. Goel recalls framing it as a limited risk: a few years to attempt building something meaningful, with the option to return if it did not work.
They moved back in January 2012. Kapoor had already set up a tiny office, a shop in Jasola owned by Goel’s father that was lying unused. The rent was₹5,000 a month. They pooled₹10 lakh each.
The first version of the company was a store builder, later called CartRocket. Over three years, they signed up around 1,000 merchants paying modest monthly fees. The issue, Goel realised, was not survival. It was scale. The business could grow incrementally, but it would never grow large enough to justify the ambition behind it.
The early thesis was inspired by Shopify: simplify enterprise software for small businesses, then add payments and shipping. But India behaved differently.
By 2014–15, commerce conversations were already happening on social media. Payments and shipping, the critical layers, refused to bolt on cleanly. Logistics companies were sceptical of e-commerce, and cash on delivery was widely viewed as impractical.
Every time the company ran out of money, it pivoted. CartRocket did not shut down, but it stalled. Craftly followed, a marketplace aimed at long-tail sellers with payments and shipping built in. That phase proved crucial. It exposed the real problem.
By 2016–17, the problem statement was clear. Shipping had to be treated like payments, a core layer rather than a backend chore. “When we realised that shipping is a key part of the e-commerce transaction,” Goel says, “we built this in a way where it had never been built before.”
The inspiration came from payment gateways: a single platform connecting multiple providers, accessible to small businesses, and abstracting operational complexity. For businesses selling independently through websites or social media, delivery mattered as much as discovery and conversion. In physical retail, delivery is instant. Online commerce had to recreate trust in a different way.
“If you take away delivery,” Goel explains, “the customer will not buy.” This realisation led to the company’s second major pivot and its most decisive one. The company rebranded as Shiprocket. For the first time, the entire organisation felt aligned.
The vision, Goel says, never changed: enabling MSMEs in India to go digital. What changed was the understanding of how. India, he argues, is structurally different from the US or China. Retail is fragmented. MSMEs are the largest employer. Marketplaces alone cannot absorb the entire economy.
Shiprocket’s approach is to empower individual merchants, whether they sell through websites, WhatsApp, Instagram, or multiple channels, by handling payments, fraud checks, shipping, and cash collection through a single platform. The model is outcome-based. The software is free. Shiprocket earns when merchants earn. “It’s like building infrastructure for India,” Goel says. “As long as you can find the monetisation around it, it’s a very fulfilling goal.”
Today, Shiprocket supports around 200,000 businesses on a paying run rate. It processes₹25,000–30,000 crore in GMV annually. It powers roughly 4.5–5% of India’s total e-commerce and about 20–25% of direct commerce.
The average order value on the platform is around₹1,500, and Goel sees a new wave of customers shopping online for the first time, often from smaller towns.
As the conversation shifts away from logistics, Goel becomes reflective. He speaks about parenting, living with his parents, and how raising children has made him a better manager by teaching patience and perspective. He credits his wife, Neha, for making his journey possible. “There’s no way I can do this” without her support, he says. She runs the home while he builds the company.
Music remains his anchor. A former band member and Metallica fan, he now jams with his daughter, who plays the guitar. “Music is the one thing I can focus on for hours,” he says.
When asked about work-life balance, Goel rejects the idea entirely. He prefers integration. “You can’t compartmentalise,” he says. “You’re at work, you need to do something for your kid. Do it. Come back.”
Shiprocket has filed its DRHP, signalling IPO plans. Goel does not elaborate beyond that. The focus, as always, is long-term.
The journey from Punjabi Bagh to building logistics infrastructure for India has taken 14 years. It has involved being early, being wrong, and staying long enough to learn.
Oops! Looks like you have exceeded the limit to bookmark the image. Remove some to bookmark this image.",
livemint,companies,"Amazon mulls $50 billion investment in OpenAI, report says. What’s in it for both.","Amazon is in talks to invest up to $50 billion in OpenAI, as part of an overall fund-raising round to raise up to $100 billion, The Wall Street Journal reported.",https://www.livemint.com/companies/news/amazon-openai-investment-openai-ipo-11769767134262.html,2026-01-30 10:02:54,"Amazon.com could be set to make a huge investment in ChatGPT-developer OpenAI. It’s a move that would have big ramifications across the cloud-computing and semiconductor sectors.
Amazon is in talks to invest up to $50 billion in OpenAI, as part of an overall fund-raising round to raise up to $100 billion, The Wall Street Journal reported late Thursday. Amazon and OpenAI didn’t immediately respond to requests for comment from Barron’s early on Friday.
Such a large investment would be a major vote of confidence in OpenAI and would likely boost a host of stocks dependent on its spending, including cloud-computing providers Oracle and CoreWeave. OpenAI is projected to spend nearly $500 billion over the next four years to power its artificial-intelligence technology and is considering a public listing as soon as the fourth quarter of this year, according to the WSJ.
However, the major question will be what conditions Amazon will seek in return for its investment. A partnership between the two could mean OpenAI making greater use of Amazon’s cloud-computing unit, Amazon Web Services, in future.
Previous reporting suggested a deal between the two parties would be tied to OpenAI’s use of Amazon’s in-house Trainium chips, according to technology-focused The Information.
That could be a source of concern for chip makers Nvidia and Broadcom, which currently provide processors for OpenAI. It could also raise questions about OpenAI’s future reliance on Microsoft, which has previously been the company’s major financial backer and a significant provider of cloud-computing capacity.
OpenAI and Amazon are already partners. They reached a $38 billion agreement for Amazon Web Services to provide infrastructure for AI workloads in November. That deal calls for Nvidia chips rather than Amazon’s Trainium processors.
Nvidia and Microsoft are also in talks to invest in OpenAI’s funding round, with Nvidia considering putting in up to $30 billion and Microsoft mulling a less than $10 billion investment, according to The Information.
Oops! Looks like you have exceeded the limit to bookmark the image. Remove some to bookmark this image.
You are now subscribed to our newsletters. In case you can’t find any email from our side, please check the spam folder.",
livemint,companies,"Q3 earnings: Dixon hit by mobile slowdown, Syrma turns cash flow positive",India's top EMS companies saw diverging fortunes as mobile pressure weighed on Dixon and exports boosted Syrma's earnings.,https://www.livemint.com/companies/company-results/q3-earnings-dixon-mobile-slowdown-syrma-cash-flow-positive-11769759550349.html,2026-01-30 09:23:00,"NEW DELHI: December-quarter (Q3FY26) earnings from Dixon Technologies and Syrma SGS point to growing differences within India’s electronics manufacturing services (EMS) sector: firms still dependent on mobile-device manufacturing are seeing pressure, while those with greater exposure to industrial and export-led segments are proving more resilient.
On Thursday, Dixon Technologies reported₹10,672 crore in operating revenue for Q3FY26, down 28% sequentially. Net profit fell 57% sequentially to₹321 crore. The company attributed most of the impact to a slowdown in manufacturing of mobile phones, smartwatches, audio products, laptops and telecom hardware, where revenue dropped 27% sequentially to₹9,750 crore.
Syrma SGS also turned operationally cash flow-positive in the December quarter, and expects its net operating cash flow to increase further by 31 March 2026, Gujral toldMintafter the earnings call.
The move comes as both Syrma and Dixon invest actively in building new facilities to manufacture printed circuit boards (PCBs) and camera and display modules respectively, which both the companies expect will be ready for production through FY27.
Investors responded positively to Syrma SGS in the bourses on Friday. The stock was up 5.6% at the time of writing. The reaction to Dixon’s earnings, however, was muted, with its shares up 0.35% from previous close. The 30-share BSE Sensex was down 0.48%.
Dixon Technologies also missed street estimates, while Syrma outperformed. A consensus of 20 analysts polled by Bloomberg had expected Dixon to report₹11,590 crore in consolidated revenue, while 16 analysts expected Syrma to report₹1,185 crore in revenue for the December quarter.
“The electronics market faces near-term headwinds from commodity inflation and memory price increase. We continue to focus on building scale, bringing operational efficiency, strengthening backward integration, and diversifying the core electronics business to navigate the environment,” said Atul Lall, vice-chairman and managing director of Dixon Technologies, during a post-earnings call with analysts on Thursday.
“Industry reports indicate this sharp rise, and expect further increases through 2026. For smartphones and PCs, memory chips have emerged as one of the most important line items in the bill of materials, especially for lower-priced devices,” he added.
“We had previously guided for an operating margin of 8%, and we revised the same to 9% as exports continue to help us expand our margin as strategic segments such as automotive electronics continue to do very well,” Syrma’s Gujral said. “We’re confident of maintaining this tempo as we’re seeing secular growth across all verticals, and this diversification is helping us improve our margins and cash flow, which we also expect to do in the coming year as well.”
Analysts said that while long-term growth projections for the EMS industry remain intact, short-term concerns could hurt momentarily.
“Aspects such as memory chip price increase and US tariff uncertainties, coupled with a slowdown in the global mobile phone market, will continue to affect companies that have a larger exposure to these areas,” said Harshit Kapadia, vice-president at brokerage firm, Elara Capital.
“For companies that have a wider exposure to various industrial electronics, as well as resilient consumer sectors such as laptops where Syrma is showing strength, business resilience will be stronger. But, until then, there could be near-term concerns due to sectoral exposure, especially until the electronics components push for each of these companies materialize,” he added.
Oops! Looks like you have exceeded the limit to bookmark the image. Remove some to bookmark this image.",
livemint,companies,Paytm braces for near-term Ebitda impact as digital payment infra incentive lapses,"The PIDF incentive, which contributed  ₹216 crore over the nine months ended December 2025, expired in December and will not recur. Paytm will also have to shield tax on other income from the coming financial year, analysts said.",https://www.livemint.com/companies/paytm-pidf-incentive-payments-tax-sales-merchants-ebitda-11769751526410.html,2026-01-30 09:13:59,"One97 Communications, the parent of fintech company Paytm which reported its third consecutive profitable quarter, expects near-term Ebitda to be hit following the expiry of an incentive to develop digital payment infrastructure in small towns.
“In the very short term, we will take the Ebitda impact,"" founder Vijay Shekhar Sharma said during the post-earnings call, referring to the upcoming March quarter. “But over time, we’ll be able to recover more by offsetting this.""
Paytm expects to recover some of the lost incentive revenue through deeper merchant engagement and targeted sales efforts.
“We should be able to offset at least 30% of it in a responsible situation,"" Sharma said. “The remaining impact, yes, that will be felt in the near term.""
The Payment Infrastructure Development Fund (PIDF) incentive, which contributed₹216 crore over the nine months ended December 2025, expired last month and will not recur. The Reserve Bank of India operationalized PIDF in January 2021 to bridge the digital divide in payment acceptance infrastructure in tier-3 to tier-6 centres, the northeastern states, and the Union Territories of Jammu and Kashmir and Ladakh.
The contribution margin, which indicates how a product contributes to a company’s overall profit, is expected to settle in the mid-50% range without PIDF support, compared with 57% reported in the December quarter, the company said in a letter to shareholders. Chief financial officer Madhur Deora said the extent of the impact will depend on how subscription revenue scales up.
“If we are able to clock higher subscription revenue, the contribution margin will be okay. But if it comes from sales revenue, margins could be impacted,"" he said.
Company executives said operating leverage from revenue growth and tighter cost controls helped offset higher consumer acquisition costs and the full impact of the new labour code. In November, labour laws in the country were overhauled and consolidated, which demanded significant updates to the HR, compliance and payroll systems of Indian companies.
“Every quarter, our cost optimization is continuing,"" Sharma said. “We are investing in the future and removing what we don’t want to carry forward.""
Analysts flagged a potential medium-term drag from taxation on Paytm’s other income. Piran Engineer, vice-president and research analyst at CLSA, said Paytm currently does not pay tax on the interest it earns from bank deposits, but this will change from the next financial year.
“The interest income is around₹800 crore, which could translate into a tax outflow of roughly₹200 crore annually,"" he said, adding that this could weigh on profit even if core operating performance remains steady.
Revenue from operations rose 20% year-on-year to₹2,194 crore and increased 6% sequentially. Contribution profit climbed 30% year-on-year to₹1,249 crore and 3% quarter-on-quarter as promotional spending increased and PIDF-linked benefits tapered.
Revenue from payment services grew 21% year-on-year to₹1,284 crore and 4% sequentially, remaining Paytm’s largest revenue driver. Net payment revenue increased 25% year-on-year to₹613 crore, supported by higher processing margins and growth in merchant subscriptions, the company said in the letter to shareholders.
The company’s merchant subscriptions rose to 1.44 crore, up 27 lakh year-on-year. Paytm said the growth is being driven by engagement rather than raw user additions.
“The focus is on high-quality users and building retention,"" Sharma said. “That is the path to market share gain.""
The company plans to reintroduce its wallet product, though at a smaller scale, for “consumer completeness,"" Sharma said. Deora, however, downplayed its strategic significance.
With rival PhonePe expected to list soon, the management pushed back against comparisons focused purely on user share.
“Our merchant base is a superior merchant base in terms of quality,"" Sharma said. “Merchants who are more engaged are more likely to pay, and that shows up in monetization.""
Paytm’s marketing services revenue fell 11% year-on-year to₹238 crore but rose 4% sequentially on festive travel demand. Indirect expenses declined 8% year-on-year to₹1,092 crore, while depreciation and amortization fell 19% to₹133 crore due to lower device costs.
Oops! Looks like you have exceeded the limit to bookmark the image. Remove some to bookmark this image.
You are now subscribed to our newsletters. In case you can’t find any email from our side, please check the spam folder.",
livemint,companies,Apple India looks beyond iPhone for growth as market starts maturing,"After six years of sustained double-digit growth in iPhone sales, analysts said Apple is now reaping the benefits of a large base of existing customers who are now looking at other products of its ecosystem.",https://www.livemint.com/companies/apple-india-iphone-subscription-services-mac-ipad-11769748716561.html,2026-01-30 06:29:12,"NEW DELHI: Apple reported record quarterly revenue in India for the 15th time as it notched up its highest-ever quarterly turnover globally. This, though, was not driven solely by iPhones, as chief executive officer Tim Cook called out record revenue growth for Apple’s subscription services in India as well as its Mac lineup of PCs and iPad tablets for the first time.
Analysts said this reflected Apple’s growing maturity in its India business as a larger user base is helping Apple push beyond the iPhone, still its primary cash cow, into selling its other products and services such as Apple Music and Apple TV. This, in the long run, could be key as quarterly double-digit iPhone sales growth in India slows down eventually.
Apple reported its best-ever quarter as it begins the countdown to 50 years of existence, with global revenue of $143.8 billion. While Apple does not call out nation-wise product sales or revenue figures, projections from three analysts collated byMintshow that Apple sold 15.5 million iPhones in India in calendar 2025, ending the year with $10 billion in revenue.
“We did set a quarterly revenue record during December. And to go a little further down, we set quarterly revenue records on iPhone and Mac and iPad, and an all-time revenue record on services. So, it was a terrific quarter in India,"" Cook said during a call with analysts. “We really like what we see there—it is the second-largest smartphone market in the world, and the fourth-largest PC market. So, we still have, despite a very nice growth history, a modest share there—and so we think there is a huge opportunity for us there. And we could not be more excited about it.""
“The other thing that I would point out is that the majority of customers that are buying iPhones and Mac and iPad and Watch are all new to that product. So, it speaks very well to the opportunity there,"" he added.
Parekh said Apple is seeing “strong double-digit growth in the installed base in India,"" without divulging figures for the total number of iPhone users in the country.
“We’re seeing a clear 'halo effect' of Apple’s growing user base as services, Mac and iPad all posted record quarterly revenue in India. Strong products, coupled with sales channel strength, are helping Apple reach an aspiration-filled user base faster than ever before,"" Pathak added.
Apple had a meagre 0.9% market share by volume in 2019 when it sold about 1.5 million iPhones through the year in India, as per Counterpoint data. Since then, it has been on an exponential growth trajectory, with sales expected to hit 15.5 million units in 2025. This marks a 10x growth in annual iPhone sales over seven years, which is now helping Apple also sell its laptops, tablets and subscription services to its India customers.
Apple's subscription services include Apple Music, iCloud for storage, Apple TV for video streaming, Apple Arcade for gaming, and Fitness+ for activity and fitness.
Cook added that the company plans to open a physical retail store in India this year, after it added three stores across Bengaluru, Pune and Noida through 2025.
Prabhu Ram, vice-president of industry research group at CyberMedia Research, concurred that Apple’s performance in India “reflected strengthening underlying demand and increasing ecosystem depth.""
“Apple remains in the early stages of its India journey, with substantial headroom for growth. This momentum is being supported by both new customer additions and a growing base of loyal users, with consumer engagement increasingly extending beyond device purchases to broader ecosystem adoption, reinforcing Apple’s long-term growth potential in the market,"" Ram said.
Of Apple’s global quarterly revenue of $143.8 billion, sales of iPhones rose to over $85 billion, and services climbed to $30 billion.
However, not all were convinced that Apple's diversification of growth factors in India is a result of an organic push by the company. Navkendar Singh, associate vice-president at IDC India, said Apple ""isn't necessarily doing anything specifically to push its services in the country.""
""Mac is growing independently because of excellent deals and discounts that Apple is offering across its laptop lineup. While there is some degree of truth that iPad sales are growing due to a rising iPhone base, services is a factor of necessity arising because of users' demand for storage in the long run. But Apple isn't going beyond iPhones as a sales strategy, and its market focus still remains on its smartphones for the time being,"" Singh added.
Oops! Looks like you have exceeded the limit to bookmark the image. Remove some to bookmark this image.
You are now subscribed to our newsletters. In case you can’t find any email from our side, please check the spam folder.",
livemint,companies,Canada back in play: Indian Oil to double down on assets as ties improve,India's largest refiner is looking to step up exploration and invest more in its Canadian subsidiary as New Delhi and Ottawa revive ties.,https://www.livemint.com/companies/news/indian-oil-double-down-canada-assets-diplomatic-ties-crude-diversification-11769743188782.html,2026-01-30 05:59:21,"Panaji: Indian Oil Corp. plans to step up exploration and production activity in Canada and explore sourcing crude oil and liquefied natural gas from the country, as India and Canada move to rebuild strained diplomatic ties, chairman and managing director Arvinder Singh Sahney said in an interview.
“We will be one of the major (Indian) companies (in Canada). We'll be moving ahead. We will be working on several areas with Canada. It may be sourcing crude, sourcing of LNG and it may be exploring there. We generally go ahead with a local partner globally for exploration and we can do more exploration there,"" Sahney toldMint.
Earlier this week, India and Canada launched a renewed Ministerial Energy Dialogue, with both sides stressing the importance of energy security and diversity of supply for the economic vitality of the two countries. Bilateral ties have revived over the past year after both countries expelled each other’s diplomats and India recalled its high commissioner from Canada in October 2024.
Canada is currently not supplying energy to India. However, with India consistently diversifying its energy sourcing basket, efforts to boost energy ties have accelerated. Canada is the world’s fourth-largest oil producer, producing over 5 million barrels per day as of 2024, according to data from the Canadian government. It also holds the world’s fourth-largest proven oil reserves at 163 billion barrels, of which 159 billion barrels are in oil sands.
The move matters for India, the world’s third-largest oil buyer, which imports nearly 90% of its crude requirement and sourced oil worth $161 billion last fiscal, accounting for about a quarter of the country’s import bill. A $1 per barrel fall in oil prices reduces India’s import bill by about₹13,000 crore.
India is the world’s fourth-largest refiner with a total capacity of 258.1 million tonnes per annum (mtpa), expected to rise to 309.5 mtpa by 2030. Indian Oil accounts for around 31% of current capacity at 87.5 mtpa.
Indian Oil, the country's largest refiner, reported upstream production of 4.45 million metric tonne of oil equivalent (MMtoe) in the last financial year, up from 4.26 MMtoe in the previous year. In its annual report for FY25, the company attributed part of the increase to higher production from the Pacific NorthWest LNG project in Canada.
IndianOil, through IndOil Montney Ltd, Canada, bought a 10% stake in shale gas assets along with the proposed Pacific NorthWest LNG Ltd export facility in British Columbia and Canada’s west coast from Malaysia’s Petroliam Nasional Bhd (Petronas) in a $1.1 billion transaction in 2014. The company has not made any major investment in Canada’s exploration and production space since that acquisition.
As of FY25, proved developed reserves of IndianOil’s Canadian assets stood at 1,670.73 thousand metric tonnes of crude oil and 14,922.47 million cubic metres of natural gas, according to its annual report.
IndOil Global B.V. is the Netherlands-based investment arm of Indian Oil for exploration and production assets in Canada and the United Arab Emirates, while IndOil Montney Ltd is its step-down subsidiary.
On navigating volatile oil markets amid US tariffs and pressure to lower imports of Russian crude, Sahney said, “We, as a company, want to be commercially right going forward…That is my job of procuring crude from as vast a basket as vast a canvas and process it in the most profitable, the most cost-effective manner and dispense the product to the customer at the least cost.""
India currently imports oil from about 41 countries. Since sanctions on Rosneft and LUKOIL were brought into effect in November, India has been looking to further diversify its import basket. A parliamentary standing committee on petroleum and natural gas last month flagged concerns over India’s high import dependence and urged diversification of crude sourcing.
Sahney said Indian Oil would look at sourcing from smaller oil-producing countries, including in Africa.
“There are several countries which produce very little fuel, maybe one cargo in a month or two cargos in a month. That is a kind of sourcing we are also encouraging now to bring in (more crude),"" he said.
Sahney also noted that Brazil, Colombia and Guyana have emerged as new suppliers. Data from ship-tracking firm Kpler showed that in the first 20 days of January, average supplies from Brazil stood at 239,000 barrels per day, Colombia at 98,000 bpd and Guyana at 210,000 bpd.
“Brazil is coming up. Colombia is coming up and Guyana is coming up. These are the factors which were not there like three years earlier. And now we have got these three sources open up. We are also looking at some smaller countries which we were not looking at earlier, but because we want to diversify our sources we are going into those,"" he said.
The reporter is in Panaji at the invitation of the union petroleum and natural gas ministry.
Oops! Looks like you have exceeded the limit to bookmark the image. Remove some to bookmark this image.
You are now subscribed to our newsletters. In case you can’t find any email from our side, please check the spam folder.",
livemint,companies,"IndiGo, Air India, Akasa to add 240 aircraft in two years","The new Airbus and Boeing aircraft will help Indian airlines expand their fleets, after months of delay and slowdown in route expansion plans, both at domestic and international levels.",https://www.livemint.com/companies/indigo-air-india-akasa-fleet-expansion-11769692553664.html,2026-01-30 05:04:34,"Hyderabad: India's top airlines IndiGo, Air India and Akasa Air may together add 240 aircraft in the next two years, expanding their fleet size by a combined 30%. Currently, the three carriers have a combined strength of 804, a number which may swell to 1,044 by the end of 2027.
Airlines in the country are expected to get an average of 10 aircraft every month over the next few years, with 80% of them delivered by Airbus and Boeing, top executives of the two companies said. The new planes will help Indian airlines expand their fleets, after months of delay and slowdown in route expansion plans, both at domestic and international levels.
“India is our fastest-growing market, even faster than China. In Europe, it is now a replacement market. So, India is where the growth is. And we project deliveries of two aircraft a week on an average for the next 10 years,"" Jürgen Westermeier, president and MD-India & South Asia, Airbus said on Thursday at Wings India 2026, Asia's largest civil aviation event, held in Hyderabad.
Airbus has a delivery backlog of 1,250 aircraft over a 10-year period in India, led by IndiGo and Air India. The IndiGo order is nearly 900, while that of Air India Group is around 350.
In 2025, Airbus delivered 55 aircraft in India, all of which went to IndiGo. Nearly 7% of its global deliveries were to IndiGo.
“We expect peak deliveries to be at 150 a year,"" Westermeir said, likely around 2032.
Boeing, on the other hand, said is targeting 25 India deliveries in 2026, after an expansion at its US facilities.
“On an average, you can expect, over the next couple years, roughly two aircraft a month. And in some months, it’ll be more, and some months it’ll be less, and some months there’ll be a wide-body aircraft in there as well,"" Salil Gupte, president, Boeing India and South Asia toldMint.
“It’ll mostly be narrow-bodies. Every few months, you’ll have a wide-body in there as well,"" he said. He clarified that this is not a fixed monthly target.
The Air India Group—which includes full-service carrier Air India, and no-frills airline Air India Express—and Akasa Air are Boeing’s largest buyers in India.
“This additional order for 30 Boeing 737 aircraft is part of our broader fleet strategy to position Air India firmly for the future. Building on our 2023 orders and subsequent additions, this order supports steady deliveries and fleet upgrades planned over the next few years,"" Wilson said.
Akasa, India’s youngest airline and its third-largest player, had initially placed orders for 226 aircraft, all of them with Boeing. It has a pending order of 194 jets from the American plane-maker. It inducted two Boeing jets this month. Two deliveries are expected in February.
“If aircraft deliveries come in as promised, these would be among the largest in recent times in India. While Airbus manufacturing is on track and deliveries are generally on time, Boeing has ramped up capacities recently after getting approvals from the US regulator,"" Mark D. Martin, aviation expert and chief executive of Gurugram-based Marin Consulting said.
Oops! Looks like you have exceeded the limit to bookmark the image. Remove some to bookmark this image.
You are now subscribed to our newsletters. In case you can’t find any email from our side, please check the spam folder.",
livemint,companies,"Sun Pharma Q3FY26 Preview: Innovative portfolio, India market to drive growth","Analysts will also be seeking clarity on any potential impact from the US government’s most favoured nation pricing norms, and on the company’s plans after getting regulatory approval to market semaglutide as a weight-loss drug in India earlier this month.",https://www.livemint.com/companies/company-results/sun-pharma-q3-sun-pharma-results-preview-11769696682016.html,2026-01-30 02:30:31,"Sun Pharma, India’s largest drugmaker, is set to post its results for the third quarter of the fiscal year on Saturday. While brokerages anticipate steady domestic growth and marginal sequential growth in its US business, driven by its innovative drugs, margins may contract due to increased spending.
Analysts will also be seeking clarity on any potential impact from the US government’s most favoured nation (MFN) pricing norms, as well as the company’s plans after getting regulatory approval to market semaglutide as a weight-loss drug in India earlier this month.
Sun Pharma’s overall sales are expected to grow 5% year-on-year, (down 1% sequentially), with US sales declining 4% sequentially to $478 million on account of lower sales of blood cancer drug Revlimid, analysts at Kotak Institutional Equities said in a 6 January note.
Sun Pharma is among several Indian drugmakers to have signed an agreement with Revlimid’s innovator, Mylan, to sell the drug in limited quantities from 2022 until its patent expires in January 2026. Lower Revlimid sales are expected to drag down the earnings of several US-focused drugmakers this quarter as they are expected to offload remaining stocks.
However, Sun's innovative drug portfolio may offset the dip. Last quarter its innovative sales outpaced generic sales in the US for the first time. A pick up in sales of its alopecia areata drug Leqselvi, launched in the US in June 2025, as well as continued growth in other drugs such as Cequa, Winlevi and Odomzo, is expected to boost US formulations and global specialty sales.
Sun Pharma is also expected to clock steady domestic growth of 11-13%, according to brokerages Kotak, BNP Paribas and HDFC Securities. This will outpace the overall Indian pharma market, which grew 10.1% in October-November 2025, according to IQVIA.
Its Ebitda margin may remain flattish or dip due to increased marketing costs. Management had announced an investment of $100 million to market its new specialty drugs Leqselvi and Unloxyt in FY26.
All eyes will be on management's commentary on the US government’s MFN drug pricing norms, said a pharma analyst, who requested anonymity as he was not authorised to speak to the media.
Under the MFN drug pricing norms, drug manufacturers are required to match the lowest price offered for a drug in other developed countries. This is part of the Trump administration’s push to make healthcare cheaper for Americans. The government has negotiated deals on this with manufacturers such as Pfizer, AstraZeneca and Merck over the past year. Sun Pharma’s exposure to the US innovative market means it may be affected by these measures.
In December, the Centers for Medicare & Medicaid Services (CMS) released pricing initiatives to incorporate MFN pricing into Medicare Parts B and D programs. If finalised, manufacturers will have to pay additional mandatory rebates on drugs covered under these programs.
Sun Pharma also announced in January that it had received regulatory approval to launch semaglutide for weight management in India once its patent expires in March.
In Q2FY26, the company beat Street estimates with net profit up 2.6% year-on-year to₹3,117.95 crore, and revenue from operations up 8.6% year-on-year to₹14,405.2 crore.
The company saw steady revenue growth in most markets. Its generic sales declined, but this was offset by growth in the company's innovative portfolio. Ebitda for the quarter was₹4,527 crore, up 14.9%, while the margin was 31.3%, up from 29.6% a year ago.
Oops! Looks like you have exceeded the limit to bookmark the image. Remove some to bookmark this image.
You are now subscribed to our newsletters. In case you can’t find any email from our side, please check the spam folder.",
livemint,companies,"Apple acquires Israeli audio AI startup Q.ai, reportedly for $1.6 billion","Apple did not disclose terms of the deal for Q.ai, which was backed by venture capital firms Matter Venture Partners, Kleiner Perkins, Spark Capital, Exor and GV, formerly known as Google Ventures. The deal valued the startup at about $1.6 billion, according to a source familiar with the matter.",https://www.livemint.com/companies/news/apple-acquires-israeli-audio-ai-startup-q-ai-reportedly-for-1-6-billion-11769739394671.html,2026-01-30 02:19:39,"Apple on Thursday said it has acquired Q.ai, an Israeli startup working on artificial intelligence technology for audio.
Apple did not say how it will use Q.ai's technology but said the startup has worked on new applications of machine learning to help devices understand whispered speech and to enhance audio in challenging environments.
Q.ai last year filed a patent application to use ""facial skin micromovements"" to detect words mouthed or spoken, identify a person and assess their emotions, heart rate, respiration rate and other indicators.
Q.ai's 100 employees, including CEO Aviad Maizels and co-founders Yonatan Wexler and Avi Barliya, will join Apple, the companies said.
Maizels founded three-dimensional sensing firm PrimeSense and sold it to Apple in 2013. The PrimeSense dealeventually helped Apple move away from fingerprint sensors on its iPhones and toward facial recognition technology.
In a statement, Maizels said, ""Joining Apple opens extraordinary possibilities for pushing boundaries and realizing the full potential of what we’ve created, and we’re thrilled to bring these experiences to people everywhere.”
Apple has been putting new AI features into its AirPods earbuds, last year introducing technology that allows them to translate speech between languages.
Q.ai ""is a remarkable company that is pioneering new and creative ways to use imaging and machine learning,"" Johny Srouji, Apple’s senior vice president of hardware technologies, said in a statement. ""We’re thrilled to acquire the company, with Aviad at the helm, and are even more excited for what’s to come.”
Disclaimer:This story has been published from a wire agency feed without modifications to the text. Only the headline has been changed.
Oops! Looks like you have exceeded the limit to bookmark the image. Remove some to bookmark this image.",
livemint,companies,Spacetech funding surges as early startups near launches and confidence rises,"Larger seed cheques, tougher competition and climbing valuations signal a shift in investor appetite for space startups.",https://www.livemint.com/companies/start-ups/spacetech-startups-india-venture-capital-funding-space-infra-launches-11769653987384.html,2026-01-30 00:30:48,"BENGALURU: India’s spacetech sector crossed a quiet but consequential threshold in 2025. After years of cautious capital and long gestation bets, investors—encouraged by early incumbents moving towards tangible milestones—have begun funding the sector with a confidence not seen before.
Data from Venture Intelligence shows that $276 million of venture capital poured in across 33 deals in 2025, more than the $262 million across 28 deals for the previous two years combined.
Of the top 10 deals in spacetech in 2025, just three went to late-stage incumbents, with the rest going to younger companies. This simultaneous flow of capital to first-time founders and late-stage incumbents suggests rising conviction across the sector’s lifecycle.
“Early incumbents in the sector have been able to raise capital, which in turn has created confidence in the entrepreneurial community that the investing ecosystem is there to support them,"" said Pratik Agarwal, partner at global venture capital firm Accel. “There’s also been an inflection point of talent.""
For instance, Chennai-headquartered Agnikul Cosmos and Hyderabad-based Skyroot, which were launched in 2017 and 2018, respectively, initially focused on building space infrastructure. Both companies are now approaching their debut commercial launches, most likely sometime in 2026.
The firm is looking to make between four and five bets from its second fund that was announced in 2023 with a target corpus of $180 million, and is yet to announce a final close. The firm invested in Skyroot in 2024 in an unannounced cheque from its first fund.
“We learnt a lot about spacetech with that investment including how deep the supply chain is, what are the critical components, what are the advantages India has in the sector,"" said Rahul Chandra, managing director at Arkam Ventures. “We’re using a lot of that thesis for our subsequent fund.""
“We’re looking at companies more from a lens of how India can diversify away from dependencies on other countries,"" said Dinesh Pai, who heads investments at the firm.
In the $276-million funding for the sector in 2025, Noida-based drone maker Raphe mPhibir did the heavy lifting, raising $100 million in a funding round led by General Catalyst.
There were only three other rounds above $10 million. Two of them went to older companies — Bengaluru-based Digantara and Agnikul Cosmos, which raised $50 million and $17.5 million, respectively. The rest of the money went to younger companies.
The outlier clearly was EtherealX, a Series A company, which raised $20.5 million in a round led by TDK Ventures and BIG Capital, with participation from Accel, Bluehill.vc, Prosus Ventures and four others. Two years ago, such a large early-stage cheque for the sector was practically unheard of.
Pre-seed and seed cheque sizes, however, haven’t moved much. From 2023 to 2024, cheques rose from $2 million to $3 million, with 2025 seeing no change, according to Venture Intelligence.
But with competitiveness heating up, investors say some cheques are going as high as $5 million. For instance, Ahmedabad and San Francisco-based Catalyx Space raised $5 million, while Hyderabad-based Cosmoserve Space, and Pune-based Olee Space raised $3 million each.
These larger cheques, however, come with expectations around founder background and depth of technical work.
“Rounds are really competitive for founders who have been working on the technology their startup is building and have been doing it for years before they went hunting for venture capital money,"" said Atharva Shah, senior associate at Rockstud Capital.
“It's 100% more competitive for high quality deals,"" Manu Iyer, co-founder and general partner at Bluehill.vc toldMint. “Even relatively good quality deals have four to five funds making a play.""
Where pre-seed and seed rounds previously tended to be led by a single institutional investor, early-stage rounds in 2025 and early 2026 are increasingly being done by multiple funds together.
TakeMe2Space raised a $5 million seed round from Chiratae Ventures, Unicorn India Ventures, Artha India Ventures and SEA Fund. SpaceFields’ $5 million pre-Series A was led by Globaz Technologies with participation from Rockstud Capital, Rainmatter, Venture Catalysts and at least five more funds.
“The market is definitely more competitive. But that's a good thing for the founder ecosystem because they have more funds to choose from that can support them,"" said Accel's Agarwal.
As more capital chases a finite pool of companies, valuations are also beginning to edge up.
“I don’t know about valuations going crazy, but they’re definitely creeping up,"" said Bluehill’s Iyer. “Pricing has gone 30% higher than I’d like to be paying in most of the spacetech segments. But it's really just a function of the amount of capital available at the bottom of the pyramid.""
Deeptech investors typically price companies conservatively at early stages, with sharp step-ups as technology readiness improves and commercial viability becomes clearer.
Agnikul is a good example. Even as its capital requirements slowed with improving technology readiness, its $17.5 million round in November 2025 valued the company at $500 million, aided by the fact that it has a launch in the works.
Agarwal from Accel views the valuation creep as a sign of ecosystem maturity. “It’s a good thing for founders. It gets cheaper for them to raise money, build out milestones and they get to dilute less equity.""
For founders, controlling how much equity they give up remains central. “Because of how capital intensive this sector is, founders like me are generally looking to dilute just enough to raise the next round and the one after that without any problems,"" said Manu Nair, co-founder and chief executive of EtherealX. “Investors generally tend to seek comfort in that and so have I.""
The reusable rocket startup’s valuation jumped 5.5x in its latest round to $80.5 million, from $14.5 million after its $5 million seed round in 2024.
Arkam Ventures is evaluating domestic manufacturing plays for the sector, but is also open to downstream applications. “There’s data-related companies, debris collection and removal plays that will crop up as well,"" said Chandra.
Other areas attracting capital include earth observation, space domain awareness, space situational awareness, and in-orbit and in-space services.
Bluehill is scouting companies building avionics systems, satellite substructures, control systems, communication arrays and electronic warfare, said Iyer. Rockstud is looking at startups working on propulsion systems.
Oops! Looks like you have exceeded the limit to bookmark the image. Remove some to bookmark this image.
You are now subscribed to our newsletters. In case you can’t find any email from our side, please check the spam folder.",
livemint,companies,"Mergers, headwinds, missed bets: How L&amp;T missed growth targets for IT units set five years ago","L&amp;amp;T's IT units, LTIMindtree and LTTS, are projected to underperform, missing ambitious growth targets due to economic uncertainties, a merger, and leadership churn. Their growth has significantly lagged behind smaller competitors, affecting overall revenue expectations.",https://www.livemint.com/companies/india-lt-it-services-five-year-growth-target-missed-larsen-toubro-11769663359001.html,2026-01-30 00:30:48,"When Larsen and Toubro Ltd (L&T) next outlines its five-year growth plans, the conglomerate will have enough to mull over on what went wrong with an ambitious expansion plan for its IT companies, among the top 10 tech services businesses in India today, set in 2021.
The group’s IT twins, LTI Mindtree Ltd and L&T Technology Services or LTTS, together, look set to fall short of the parent’s stated aspirations from five years ago.
In 2021, the group's IT businesses brought in₹25,463 crore in revenues, accounting for about 19% of L&T’s consolidated topline of₹135,979 crore. L&T’s ambitious five-year roadmap, dubbed Lakshya 2026, had then envisioned that the IT business would grow and account for₹73,980 crore, or about 27% of L&T’s revenue by the end of March 2026.
But, in the first nine months of the current fiscal, the IT business revenue totalled₹39,419 crore, accounting for about a fifth of L&T’s₹2,03,112 crore revenue.
With one quarter to go, parent L&T’s consolidated revenue could cross its stated goal of₹274,000 crore, but the IT business’s revenue looks set to miss the target. Assuming the two IT businesses grow by 10% in the current fiscal, they would end with₹53,546 crore, at least a fourth less than the goal set five years earlier.
Emails sent to LTIMindtree and L&T Technology Services, and parent L&T,the country’s largest engineering and construction company,seeking comments on Sunday and Wednesday went unanswered.
Both external and company-specific factors are behind IT businesses' underperformance compared to their rivals and to the engineering and construction business of parent L&T, according to three analysts.
“After the covid pandemic, non-essential (discretionary) IT spending had reduced drastically, which is why the two companies did not grow at a pace once imagined,"" said Abhishek Pathak, lead analyst for IT services and internet at Motilal Oswal Financial Services.
L&T's goals for 2026 were set assuming an IT boom after the pandemic., said Amit Chandra, vice-president at HDFC Securities. ""However, the rise of automation resulting in revenue deflation and low demand for IT services because of tariff wars between countries led the sector growth to drop from double digits to low single digits, which also hurt the two companies.""
“The merger (of LTI and Mindtree) took longer than expected and there was a cultural mismatch. In addition, exits following the merger, along with unclear sales incentives for executives and a lack of sales rigour of the merged entity, hampered growth,"" said Chandra.
In May 2022, L&T decided to merge Larsen & Toubro Infotech (LTI), which reported $2.1 billion in revenue in FY21, and Mindtree Ltd that posted $1.41 billion revenues that year.
This merger led to leadership churn: first, LTI’s CEO Sanjay Jalona left after Debashis Chatterjee was appointed the CEO of the merged LTIMindtree in November 2022. Three years later, Chatterjee left in June 2025, before the completion of his term with the company making Venugopal Lambu the new CEO.
This, in turn, led to an exodus of other senior leaders from Mindtree and L&T Infotech, which consequently led to slow growth. Mindtree and LTI had reported a 31% and 26% growth, respectively, in the year ended March 2022. The mergerd LTIMindtree’s growth slowed to 17.2% in FY23, followed by a 4.4% and 4.8% growth in FY24 and FY25, respectively.
“For LTTS, the company missed the auto ER&D wave, whereas peers, including KPIT and Tata Elxsi, capitalized on it. They could not make much revenue out of the auto spending, which is one of the key contributing reasons for not growing at a faster clip,"" said Motilal Oswal's Pathak.
To be sure, the company does not individually spell out revenue from carmakers but clubs it under the mobility segment, which accounts for a third, or $414 million, and is its second-largest vertical after tech companies.
LTTS's mobility vertical grew 47% in the last three years whereas KPIT Technologies’ revenue from automakers more than doubled to $666 million. To be sure, KPIT gets 96% of its business from providing software services to car makers. Similarly, Tata Elxsi’s revenue from its transportation vertical more than doubled in this time to $213 million.
For now, the growth at L&T’s combined IT business has slowed, as compared with smaller peers. Between March 2021 and December 2025, the combined IT business (including LTIMindtree and LTTS) reported a compounded quarterly growth rate (CQGR) of 3.74%. In contrast, smaller peers Coforge Ltd and Persistent Systems Ltd reported a CQGR of 6.52% and 6.64%, respectively.
Oops! Looks like you have exceeded the limit to bookmark the image. Remove some to bookmark this image.
You are now subscribed to our newsletters. In case you can’t find any email from our side, please check the spam folder.",
livemint,companies,Reliance Consumer to enter iced tea market with Brew House relaunch,"Reliance is bringing back Brew House iced tea at  ₹20 a bottle, taking on Lipton and Nestea as it sharpens its FMCG and beverage ambitions ahead of the peak summer season.",https://www.livemint.com/companies/reliance-brew-house-iced-tea-market-launch-strategy-pricing-11769671925461.html,2026-01-30 00:30:08,"MUMBAI:Reliance Consumer Products Ltd (RCPL) plans to enter the bottled iced tea market this coming summer with the relaunch of “Brew House"", three people close to the development toldMint.
The people added that the brand—for which the company received approval on 23 July 2025, according to the commerce ministry records—is expected to be relaunched within the next two months.
The oil-to-retail conglomerate acquired the brand in 2024 for an undisclosed amount.
The iced teas will be launched in two flavours, lemon and peach, for an entry price of₹20 for a 200ml bottle, according to two of the three people.
However, multiple distributors also confirmed toMintthat “Brew House"" will launch within the next two months.
Apart from relaunching Brew House, RCPL is also evaluating launching other niche-category drinks.
In August 2025, RCPL, the packaged consumer goods arm of Reliance Industries Ltd, acquired a majority stake in a joint venture with Naturedge Beverages Pvt. Ltd, the Mumbai-based company behind the herbal functional drink Shunya. Shunya offers zero-sugar, zero-calorie herbal beverages infused with Indian super-herbs such as ashwagandha, brahmi, khus, kokum, and green tea across India.
“When Reliance acquires a brand, one can be sure of product innovations, and you will see the same here,"" said the third person.
RCPL is also present in packaged foods through brands such as SIL, which sells noodles and other staples.
Brew House was launched in May 2017 by Siddhartha Jain under Positive Food Ventures Pvt. Ltd in Gurugram as a premium ready-to-drink iced tea brand positioned as a healthier alternative to carbonated and sugar-heavy beverages. It differentiated itself through real, whole-leaf brewing, lower sugar content and the absence of preservatives.
Targeting urban, health-conscious consumers, the brand initially built distribution through cafés, hotels, restaurants, multiplexes and airports before expanding into modern trade and online channels. Its portfolio included flavours such as lemon and peach, sold in 300-350ml glass or premium PET bottles priced at₹40-80.
Singapore-based Food Empire Group later acquired a majority stake to scale operations, before RCPL acquired the brand in 2024 for an undisclosed amount.
“The relaunch has been a bit slow. It’s available in small batches at Reliance Retail stores for now, but the company's waiting for the right product, price point, and strategy before scaling it up. Over 2025, the focus has been on building distribution through larger beverage categories and investing in back-end capabilities, including automatic brewing equipment,"" said the third person.
“RCPL has focused on building distribution through larger categories first. It’s difficult for a small, standalone brand to create reach, but a broad portfolio allows scale. Once that foundation is in place, the company can create a separate vertical for niche beverages like iced tea,"" the person added.
The ready-to-drink (RTD) iced tea category in India has long been shaped by major multinational brands and legacy beverage players, though it has remained a relatively niche segment compared with carbonated drinks.
Coca-Cola and Nestlé’s joint venture, Nestea, also experimented with bottled lemon RTD iced tea in the early 2010s, initially available in 400ml packs at around₹25, before its broader rollout was scaled back while the JV evaluated consumer feedback.
Aside from multinational brands, Indian companies such as Wagh Bakri have sold iced tea products, including peach-flavour premix packs, retailing around₹95-₹100 for 250gm sizes online, though these are often powder mixes rather than RTD bottles.
Currently, Lipton’s bottled RTD iced tea is available in 350ml packs online at roughly₹60, while powdered iced tea mixes such as Nestea’s 400gm pouches are priced at₹200-₹230. In contrast, RCPL’s relaunch of Brew House will be brought to market in 200ml PET bottles at₹20, undercutting these legacy players and signalling an aggressive pricing strategy.
To be sure, RCPL used a similar strategic playbook when it relaunched Campa Cola, one of India’s once-iconic soft drink brands. Campa, first introduced in the 1970s and marketed with the slogan “The Great Indian Taste"", was a household name in the pre-liberalization era but faded in the 1990s after global giants Coca-Cola and PepsiCo re-entered the market.
Reliance acquired the brand from Pure Drinks Group in 2022 for around₹22 crore and formally relaunched it in 2023 with variants such as Campa Cola, Campa Lemon, and Campa Orange, initially through its own retail channels and then nationwide.
Reliance’s move into iced tea aligns with its broader FMCG and retail strategy of identifying categories with long-term growth potential, according to Devangshu Dutta, founder of Third Eyesight and co-founder of PVC Partners.
While iced tea remains a niche within India’s overall beverage market, Dutta said it is seeing steady, organic growth, driven by the rise of café culture, increased eating out, and younger consumers' demand for non-alcoholic alternatives.
“Whether it’s consumed as a standalone iced tea or used as part of a cocktail or some kind of concoction, it’s a category that’s seeing increasing interest,"" he said.
Reliance’s key advantage, Dutta added, lies in its distribution muscle and captive shelf space across its retail network, which allows it to scale new products more effectively than smaller, standalone brands. “Anything they put on those shelves and price well becomes an opportunity for growth,"" he said, adding that the entry of a large player like Reliance is likely to expand the overall market rather than intensify competition.
Oops! Looks like you have exceeded the limit to bookmark the image. Remove some to bookmark this image.
You are now subscribed to our newsletters. In case you can’t find any email from our side, please check the spam folder.",
livemint,companies,"ONGC moves to offload OPaL stake, eyes global investors",The proposed share sale in ONGC subsidiary is part of the government's requirement to offload stakes to monetize assets,https://www.livemint.com/companies/news/ongc-opal-stake-sale-global-tender-india-energy-week-petrochemical-hub-11769694156711.html,2026-01-30 00:00:07,"Panaji: State-run Oil and Natural Gas Corp. plans to come up with a global tender for selling stake in its petrochemical subsidiary, according to a top executive.
ONGC Petro additions (OPaL) has “become our subsidiary, and we have been mandated to dilute our stake in it and bring it back to a JV structure through a global tender"", said Arunangshu Sarkar, director, strategy & corporate affairs at ONGC, on the sidelines of the ongoing India Energy Week 2026. “We are looking for partners. We hope to come out with a global expression of interest (EoI).""
Sarkar, however, did not specify the quantum of shares the state-run energy major would offload in the proposed private placement.
The proposed share sale is part of the government's requirement to offload stakes in the company to monetize assets. While ONGC owns 95.69% of OPaL, GAIL India Ltd holds around 4% stake, and Gujarat State Petroleum Corp. owns the rest.
ONGC's annual report for FY25 said: “Recognizing its long-term potential, your company took decisive steps to address OPaL’s financial challenges through a₹18,365 crore capital restructuring and exit from SEZ area."" To ensure feedstock stability and reduce reliance on volatile LNG markets, Centre has also approved allocation of up to 3.2 million standard cubic meters (MMSCM) per day of gas from new wells, said the annual report.
In FY25, OPaL sold 1,785 kilo tonnes of petrochemical products, up from 1,769 kilo tonnes in the previous fiscal, and its revenue from operations stood at₹14,804 crore, up from₹14,307 crore in FY24.
Another ONGC subsidiary, Mangalore Refinery and Petrochemicals Ltd (MRPL), also hit a record throughput of 18.04 million tonnes in FY25, and is operating at 120% capacity, according to the annual report.
""Together, these downstream entities not only enhance ONGC’s vertical integration but also provide a financial hedge against upstream volatility, contributing to sustained group-level stability. As the global energy market continues to evolve, the chemicals and petrochemicals sector emerges as a pivotal force, poised to drive substantial demand within the oil industry over the next decade and beyond,"" it said.
As the demand for products like petrol and diesel is expected to weaken globally, the Centre aims to develop India as a petrochemical hub for global consumption of these alternate products used in making plastics, synthetic fibres, fertilizers, paints, solvents, cosmetics, and pharmaceuticals, among others.
A CareEdge Ratings report in December said that India's domestic petrochemical sector is expected to report a robust 6-7% annual growth in the medium term, supported by continued economic expansion and steady demand from downstream industries.
An S&P Global report in October had said that amid slowing consumer demand, uncertainty over tariffs, tighter margins and over-capacity, global petrochemical producers are betting on India as a key demand driver.
It noted that though India’s appetite for petrochemicals remains the strongest in Asia, it has not resulted in good tidings for domestic petrochemical producers. Chemical producers in India are looking at diversifying into specialty chemicals as well as upstream and downstream integration to compete with cheaper imports and maintain a strong hold in the domestic market, it said.
(Rituraj Baruah is in Panaji at the invitation of the Union ministry of petroleum and natural gas)
Oops! Looks like you have exceeded the limit to bookmark the image. Remove some to bookmark this image.
You are now subscribed to our newsletters. In case you can’t find any email from our side, please check the spam folder.",
business_standard,world_news,'Financial collapse imminent': UN chief warns after US funding cuts - Business Standard,"<a href=""https://news.google.com/rss/articles/CBMivwFBVV95cUxONFhMdmdzZTh6akotSGxNUi0wRnl6eHJsakhWMG5OZFZ5eFZCcUQyYXZyNmo5UE5ZZW1pZVpMeHBDVkdIZnRMXzllZWE0eVZvT2FnVVJYS3BPeEFXQjhXaDF6Y3o1Yzc2aWh5RDhYbUZsX1p5bVhKRHRMbkdqLTBtalNUU0NWOXhsSUFNWEhleTBTWlBLYi1jb3hVc0UzUEh4QXBwMklNcU1ud0FsMmJQRml2LUQxNTJCQjVRcnVid9IBxAFBVV95cUxOWXZOWkh6ZTd1VmpKdU1JcUhkN29CMUgtVzFoV0ZSZGtscFhvU3V3WVllUzZnczRwak1Lbm0tY29lQWJGLU0wZHlfcXh3UXpsVFNjRl85R2NTN3RMNUcxSmpDQUp1eHlpXy1kaF9CN2hEbXRyaTkzZ2QteXRLZnh4WEJ5cGNwT0FyYVBlaVZYQVhIY2lzUmtERjBuQ1hBOFBaNGNlSm5MaGdSOFRiWXl5U2ZfcTdvZFhucFlINDZhVEd5V2Vx?oc=5"" target=""_blank"">'Financial collapse imminent': UN chief warns after US funding cuts</a>&nbsp;&nbsp;<font color=""#6f6f6f"">Business Standard</font>",https://news.google.com/rss/articles/CBMivwFBVV95cUxONFhMdmdzZTh6akotSGxNUi0wRnl6eHJsakhWMG5OZFZ5eFZCcUQyYXZyNmo5UE5ZZW1pZVpMeHBDVkdIZnRMXzllZWE0eVZvT2FnVVJYS3BPeEFXQjhXaDF6Y3o1Yzc2aWh5RDhYbUZsX1p5bVhKRHRMbkdqLTBtalNUU0NWOXhsSUFNWEhleTBTWlBLYi1jb3hVc0UzUEh4QXBwMklNcU1ud0FsMmJQRml2LUQxNTJCQjVRcnVid9IBxAFBVV95cUxOWXZOWkh6ZTd1VmpKdU1JcUhkN29CMUgtVzFoV0ZSZGtscFhvU3V3WVllUzZnczRwak1Lbm0tY29lQWJGLU0wZHlfcXh3UXpsVFNjRl85R2NTN3RMNUcxSmpDQUp1eHlpXy1kaF9CN2hEbXRyaTkzZ2QteXRLZnh4WEJ5cGNwT0FyYVBlaVZYQVhIY2lzUmtERjBuQ1hBOFBaNGNlSm5MaGdSOFRiWXl5U2ZfcTdvZFhucFlINDZhVEd5V2Vx?oc=5,2026-01-30 15:00:13,,
business_standard,world_news,"Who is Kevin Warsh, Trump's pick to succeed Powell as Fed chair? - Business Standard","<a href=""https://news.google.com/rss/articles/CBMi3wFBVV95cUxOaEE2c202dkJPb2w4S3lvVVFRS1FHc2wySmNqazZUWVV3MTRabmtWY0M1YVRScVBXV1VYa1NrcTlKT2Vza1NHVlBQTTFpNkFYUmhUR0xxa1ROZ3B4blZiRmE1WjR0dVlWd05qZDg0UVloZjZQRnZ0OVJjU3ZLdnY1amlKUW51d0RPVmlfR1FLZ19qbmZvWHJoM3ZmWDVYX0dPdVJDVXlfS3NUSVhYX25tRmVCZE5nVjFNRGVVRmpCSnNGalNlVmsxcjRRdkhfaFZtZEVQOUtnRy1LcW93Yk040gHkAUFVX3lxTE11eVNSRGZyVTdiMWFHMTNELU5vY1ZESFRacWZ5d09XZ2EwM2RGV2RMUXgzWE5wbGdXVzkyTC1TRUdWZHMtRW5FN2Q3NTFmeElRY3ZDTzdZWDMzNXBVcFVkYUZUb1FtSEE5T0o0Tlp2TmRjX2VnTVQxMk1QaVdndHBDXzFZbTZ4bmlEYVpOblhjMThYSnhPSDFYWFY4YjBZblBNYk1OSTlsMEVFUTdzVG1kNHptcG1sRHpQMXRFb2JYWFc1NDlpNUhHV1ZpS1pZZWhicmJMSjl5Z1BFOEZvWEFJNVdsdQ?oc=5"" target=""_blank"">Who is Kevin Warsh, Trump's pick to succeed Powell as Fed chair?</a>&nbsp;&nbsp;<font color=""#6f6f6f"">Business Standard</font>",https://news.google.com/rss/articles/CBMi3wFBVV95cUxOaEE2c202dkJPb2w4S3lvVVFRS1FHc2wySmNqazZUWVV3MTRabmtWY0M1YVRScVBXV1VYa1NrcTlKT2Vza1NHVlBQTTFpNkFYUmhUR0xxa1ROZ3B4blZiRmE1WjR0dVlWd05qZDg0UVloZjZQRnZ0OVJjU3ZLdnY1amlKUW51d0RPVmlfR1FLZ19qbmZvWHJoM3ZmWDVYX0dPdVJDVXlfS3NUSVhYX25tRmVCZE5nVjFNRGVVRmpCSnNGalNlVmsxcjRRdkhfaFZtZEVQOUtnRy1LcW93Yk040gHkAUFVX3lxTE11eVNSRGZyVTdiMWFHMTNELU5vY1ZESFRacWZ5d09XZ2EwM2RGV2RMUXgzWE5wbGdXVzkyTC1TRUdWZHMtRW5FN2Q3NTFmeElRY3ZDTzdZWDMzNXBVcFVkYUZUb1FtSEE5T0o0Tlp2TmRjX2VnTVQxMk1QaVdndHBDXzFZbTZ4bmlEYVpOblhjMThYSnhPSDFYWFY4YjBZblBNYk1OSTlsMEVFUTdzVG1kNHptcG1sRHpQMXRFb2JYWFc1NDlpNUhHV1ZpS1pZZWhicmJMSjl5Z1BFOEZvWEFJNVdsdQ?oc=5,2026-01-30 13:59:46,,
business_standard,companies,'India one of the fastest-growing large markets for Omnicom in the world' - Business Standard,"<a href=""https://news.google.com/rss/articles/CBMi2gFBVV95cUxQMFIyemNVOWNSS0JNdml3LTgxVWpUUElVR0JKZjZtdW1ySWZUQTM4ZkNfdmQzdGIxTmo4dHhVV1ktWWg5Z2hPcDVOUnkxTW8yd1RMTjdJV1JuaVYyYnpiVEo5em5vbnJoLV9mcWFpYXdPekpFS0VCYzBCRnhLbkJGQjMxcUs0RGx3VW9wSXVuTnJ3NTJyN3cxVVJLdWJ1RFVTTl9wdmdXMnctbEtLalVvUEx5TU15cGdlVjUwbm5CLTVldnVWUzZtR1dLOUhBajBlTVZTWUQ0ZFVTQdIB3wFBVV95cUxOSFFhY2hyeXM4Z0dSMkhXVjBpMDg5NzkwenlsYklrZ0ZJMHZBRDBvUVdDTkVFZjVUNHlHT2NiVkx4b2d2UmRwZlo0OTRxa2NSZzA5NkNtd3hGY1pSTUVCNzhMUjNwalE1MEFzSHUtV3h5VzZfUjk2a0hTZUtzVXQ1MG9fa3VxQmRCSEF5OEhHZWZpSXdYSDh5V0N4eV85bFYwWkZjN1NQb1NXbXFxUzRVUVMzUndySERQb2xWRzQxb2xudVFkRXFtbFJIZTE3U1dYMDJhQzljM2NZeEZFc0dr?oc=5"" target=""_blank"">'India one of the fastest-growing large markets for Omnicom in the world'</a>&nbsp;&nbsp;<font color=""#6f6f6f"">Business Standard</font>",https://news.google.com/rss/articles/CBMi2gFBVV95cUxQMFIyemNVOWNSS0JNdml3LTgxVWpUUElVR0JKZjZtdW1ySWZUQTM4ZkNfdmQzdGIxTmo4dHhVV1ktWWg5Z2hPcDVOUnkxTW8yd1RMTjdJV1JuaVYyYnpiVEo5em5vbnJoLV9mcWFpYXdPekpFS0VCYzBCRnhLbkJGQjMxcUs0RGx3VW9wSXVuTnJ3NTJyN3cxVVJLdWJ1RFVTTl9wdmdXMnctbEtLalVvUEx5TU15cGdlVjUwbm5CLTVldnVWUzZtR1dLOUhBajBlTVZTWUQ0ZFVTQdIB3wFBVV95cUxOSFFhY2hyeXM4Z0dSMkhXVjBpMDg5NzkwenlsYklrZ0ZJMHZBRDBvUVdDTkVFZjVUNHlHT2NiVkx4b2d2UmRwZlo0OTRxa2NSZzA5NkNtd3hGY1pSTUVCNzhMUjNwalE1MEFzSHUtV3h5VzZfUjk2a0hTZUtzVXQ1MG9fa3VxQmRCSEF5OEhHZWZpSXdYSDh5V0N4eV85bFYwWkZjN1NQb1NXbXFxUzRVUVMzUndySERQb2xWRzQxb2xudVFkRXFtbFJIZTE3U1dYMDJhQzljM2NZeEZFc0dr?oc=5,2026-01-30 17:09:22,,
business_standard,companies,"Airtel Africa profit rises 24% in Q3 FY26, up 136% in nine months - Business Standard","<a href=""https://news.google.com/rss/articles/CBMi3AFBVV95cUxOQ19yMHJLeFM1Tmc4bWhwendWUlIzMmE0SjJ4SFg4R3RKWFZhZngwYWF4QlFZNTAwQmVqZHNPZk9MamUxRTBiLXlpMkRsOE9uckk1RmV5ZlZ2ZHR1MWREWURGbGM2MlN0RlRqYmxNV1RaQnV1T0s3cWRwdkotaXl4WWo4WTQ3QjhST0hsTTBncGdjTUFVOGJrRkF0ZUpEZ2x2eDdTM2VBdVU4VXQwOWQyR3JCLXRfeGNBX1B5eVVyM09VSmU0eV85bFRrRHFwTkIyZTVtZnZ5angzck5N0gHiAUFVX3lxTFAyczNrajY3UE9oSUxlN2hTMGI4S1EyZWpKNFhjWnhrQUdrVXFxc2k4MTlSQjFfeUR1eXZGa1JkRkJHeU84NjFvN1VGbWl4cGZYaXRBR2hTRk0yWjhPLUN2VzFZZ0xVdHNVekppR3FGdEZnT3p3TVRMc01KbXE1RkJVSjU3NG1LdkpGWWt4UjZFQUZUR3ZmQjBnN0EzY01NOVJMa0U3Z1AtakJQSkxpWlplNHFkT09OT0N2QXVCQkh5ai1JMkZkTG5DRHpnTktoN3FKdEhuczI3YzNiZnNfbTVRUlE?oc=5"" target=""_blank"">Airtel Africa profit rises 24% in Q3 FY26, up 136% in nine months</a>&nbsp;&nbsp;<font color=""#6f6f6f"">Business Standard</font>",https://news.google.com/rss/articles/CBMi3AFBVV95cUxOQ19yMHJLeFM1Tmc4bWhwendWUlIzMmE0SjJ4SFg4R3RKWFZhZngwYWF4QlFZNTAwQmVqZHNPZk9MamUxRTBiLXlpMkRsOE9uckk1RmV5ZlZ2ZHR1MWREWURGbGM2MlN0RlRqYmxNV1RaQnV1T0s3cWRwdkotaXl4WWo4WTQ3QjhST0hsTTBncGdjTUFVOGJrRkF0ZUpEZ2x2eDdTM2VBdVU4VXQwOWQyR3JCLXRfeGNBX1B5eVVyM09VSmU0eV85bFRrRHFwTkIyZTVtZnZ5angzck5N0gHiAUFVX3lxTFAyczNrajY3UE9oSUxlN2hTMGI4S1EyZWpKNFhjWnhrQUdrVXFxc2k4MTlSQjFfeUR1eXZGa1JkRkJHeU84NjFvN1VGbWl4cGZYaXRBR2hTRk0yWjhPLUN2VzFZZ0xVdHNVekppR3FGdEZnT3p3TVRMc01KbXE1RkJVSjU3NG1LdkpGWWt4UjZFQUZUR3ZmQjBnN0EzY01NOVJMa0U3Z1AtakJQSkxpWlplNHFkT09OT0N2QXVCQkh5ai1JMkZkTG5DRHpnTktoN3FKdEhuczI3YzNiZnNfbTVRUlE?oc=5,2026-01-30 13:18:11,,
business_standard,companies,Glenmark Q3 profit rises 15% on strong market performance; Revenue up 15% - Business Standard,"<a href=""https://news.google.com/rss/articles/CBMi1gFBVV95cUxOUE0yeXpuRG9hdmJTenVCSlVNNXZ2LXFGSTlMclc2eUx3S1EtMlphb1RVb2ZiaGp5ZDJ4LXdyRTU5T1BrWVY3SXAxSE8zQTJmWk1vR0drZHJmSGRTVlNndFZpOVgxaFB0ckNfSkxfbElGakhyNURkYTdpVUNMTDFmM1BhMlhGa2lkdWd6VVVZd0hqZ05uZzZ3U1pIZEhRZEJkQzFMNG9OSlNNa0FiZWtnT2xWclBoSG9lYVdlWHMyV0RKUGZXT3BlbHJ0OGtYSTZ1M3VNcmhn0gHbAUFVX3lxTE4tMnVPSzZ0WWotQkJEbE9JTkRPeVRiblFOdUpRa0dsaE9SYWFoeGdMSko2TURBMXNxOW8zT2tIMnpXb0Y2anowVkdWdXloRVdlQkd5NnEyZHVrR3RXRW5iVTN0d2hzN1JXRkRJLW5KandSQjFJU1phdXVsekQ3djBIT0phd3VKcjNBeXZxYV9jdzdBaWVaT1BSelRKaXNUWkJTMnlpdGg1TVA2RkF0MjNKYjVvNnpUUmprVUdTVTAzVWpTVGZQdnZGTjlUVUktWlRnS2c1OHFJNUlrRQ?oc=5"" target=""_blank"">Glenmark Q3 profit rises 15% on strong market performance; Revenue up 15%</a>&nbsp;&nbsp;<font color=""#6f6f6f"">Business Standard</font>",https://news.google.com/rss/articles/CBMi1gFBVV95cUxOUE0yeXpuRG9hdmJTenVCSlVNNXZ2LXFGSTlMclc2eUx3S1EtMlphb1RVb2ZiaGp5ZDJ4LXdyRTU5T1BrWVY3SXAxSE8zQTJmWk1vR0drZHJmSGRTVlNndFZpOVgxaFB0ckNfSkxfbElGakhyNURkYTdpVUNMTDFmM1BhMlhGa2lkdWd6VVVZd0hqZ05uZzZ3U1pIZEhRZEJkQzFMNG9OSlNNa0FiZWtnT2xWclBoSG9lYVdlWHMyV0RKUGZXT3BlbHJ0OGtYSTZ1M3VNcmhn0gHbAUFVX3lxTE4tMnVPSzZ0WWotQkJEbE9JTkRPeVRiblFOdUpRa0dsaE9SYWFoeGdMSko2TURBMXNxOW8zT2tIMnpXb0Y2anowVkdWdXloRVdlQkd5NnEyZHVrR3RXRW5iVTN0d2hzN1JXRkRJLW5KandSQjFJU1phdXVsekQ3djBIT0phd3VKcjNBeXZxYV9jdzdBaWVaT1BSelRKaXNUWkJTMnlpdGg1TVA2RkF0MjNKYjVvNnpUUmprVUdTVTAzVWpTVGZQdnZGTjlUVUktWlRnS2c1OHFJNUlrRQ?oc=5,2026-01-30 18:05:38,,
business_standard,companies,"Nalco Q3FY26 results: Profit up marginally to ₹1,595 cr, dividend declared - Business Standard","<a href=""https://news.google.com/rss/articles/CBMi4AFBVV95cUxQSE1naHNINkphem5IZVNybWJtNTU2YVlvRHpPUHl1TVloak8xUFpKdjNJclp3TVFfZTJ6TFVzeUFiZnF1OW1wLVo0X2tyUWJxSWJpZDgxU1VJXzFOZ1lWYmZjRXRXTVpYV1RyLXQ1Q0luMzdhYWVBdWNmU1lKWEZDejRuSW1UQkhZQ29Ca3JoSkYybmc4YmRCX3JRQUYxeWtrcElOUHBCOFVoQWVXTkVIRHNMX2JpUFpMNS1jYUNka2dyNHQyd01kUFptY2l6eDJHaW9XeEY2VVNWZXM5U29tOdIB5gFBVV95cUxNamgzNFB0N0RQamdtM3JXVkRXdTJyWXJMWHVNSDNBMU5XSXJPZV9nZGlsVHBWT0JUT25Wc0lFd21hQWNzRTZxMERzZmJaV09HRm51b1MyTkw0OVFRd2ZuVUdoT3VSRmM0Qng3RnZlaF9XdVVfMnIwRnF1ZmJWanFRdXNwY2JHVjhkM21aRFprek1ybV9MOG80TmRpVWlHVkd3QV96QkRWcGNYRU44elFWX2VFdldfNVNzcF8tMnp5cEdsWjdzUDU4aDJUNjFCWGEtR0h5NFB5bEIwZ3Nsc3FuM2xWMC1nUQ?oc=5"" target=""_blank"">Nalco Q3FY26 results: Profit up marginally to ₹1,595 cr, dividend declared</a>&nbsp;&nbsp;<font color=""#6f6f6f"">Business Standard</font>",https://news.google.com/rss/articles/CBMi4AFBVV95cUxQSE1naHNINkphem5IZVNybWJtNTU2YVlvRHpPUHl1TVloak8xUFpKdjNJclp3TVFfZTJ6TFVzeUFiZnF1OW1wLVo0X2tyUWJxSWJpZDgxU1VJXzFOZ1lWYmZjRXRXTVpYV1RyLXQ1Q0luMzdhYWVBdWNmU1lKWEZDejRuSW1UQkhZQ29Ca3JoSkYybmc4YmRCX3JRQUYxeWtrcElOUHBCOFVoQWVXTkVIRHNMX2JpUFpMNS1jYUNka2dyNHQyd01kUFptY2l6eDJHaW9XeEY2VVNWZXM5U29tOdIB5gFBVV95cUxNamgzNFB0N0RQamdtM3JXVkRXdTJyWXJMWHVNSDNBMU5XSXJPZV9nZGlsVHBWT0JUT25Wc0lFd21hQWNzRTZxMERzZmJaV09HRm51b1MyTkw0OVFRd2ZuVUdoT3VSRmM0Qng3RnZlaF9XdVVfMnIwRnF1ZmJWanFRdXNwY2JHVjhkM21aRFprek1ybV9MOG80TmRpVWlHVkd3QV96QkRWcGNYRU44elFWX2VFdldfNVNzcF8tMnp5cEdsWjdzUDU4aDJUNjFCWGEtR0h5NFB5bEIwZ3Nsc3FuM2xWMC1nUQ?oc=5,2026-01-30 09:34:14,,
business_standard,companies,Facebook India profit jumps 28% to ₹647 cr in FY25 on strong revenue growth - Business Standard,"<a href=""https://news.google.com/rss/articles/CBMi6wFBVV95cUxONEItVTdYWFFUYWZRY3BoUE9Hc2xKRk5ISS1yTGJsSUczV2QydUQ5ODZmSjdKRXV5WTJqZkZ2NHhwTk82UldlOHZMMEpCdERrM2JYdGRua0Y4YzZlbENJNHNhUklLdnpMenFPdjktM1ZCUGVjZ2NoUVFTWGRmeTZ2TGQ2dW81Z2Y1TjlCWVpZX2poVU1GTF9McG1ZU09FYWhSSVlOQWUxRFJPREd0M2FZX0VoQmFrLWlPZ1k5dkpBeDhZSlNCMDFabUxLSzYtRmxiRDlzNF85OUo0T0lnaTJLY3luTXV0Nm5ad0pz0gHwAUFVX3lxTFB6MGp6UWE0OUptMnUtXzZLeUVSallOQXpORV9FLVlLYzhFUWRmamlBUU5MRzVuQTFtdUU5WnJiTVRvNS1HcFdOdUZHVFBuT1RHeXMyeEV0cTBRZUFFeHFrc25EVVdQZVNpckhfWVBPajZEelFiWHRXbXE0QlZwUjNCTVc2d2ZENkpkcWVqZW92T1I1UHZFb0FiOUx1UktSSi1YUXNGQnRvTjRXcjlvU2lwbmhXak04N1JTeHU4WFlENWxWa1REVm40QjNfUXE0U2liSlBHR0N0aU45aXNIcTE5bXRha3ZGOEVVTFpfQmxvWg?oc=5"" target=""_blank"">Facebook India profit jumps 28% to ₹647 cr in FY25 on strong revenue growth</a>&nbsp;&nbsp;<font color=""#6f6f6f"">Business Standard</font>",https://news.google.com/rss/articles/CBMi6wFBVV95cUxONEItVTdYWFFUYWZRY3BoUE9Hc2xKRk5ISS1yTGJsSUczV2QydUQ5ODZmSjdKRXV5WTJqZkZ2NHhwTk82UldlOHZMMEpCdERrM2JYdGRua0Y4YzZlbENJNHNhUklLdnpMenFPdjktM1ZCUGVjZ2NoUVFTWGRmeTZ2TGQ2dW81Z2Y1TjlCWVpZX2poVU1GTF9McG1ZU09FYWhSSVlOQWUxRFJPREd0M2FZX0VoQmFrLWlPZ1k5dkpBeDhZSlNCMDFabUxLSzYtRmxiRDlzNF85OUo0T0lnaTJLY3luTXV0Nm5ad0pz0gHwAUFVX3lxTFB6MGp6UWE0OUptMnUtXzZLeUVSallOQXpORV9FLVlLYzhFUWRmamlBUU5MRzVuQTFtdUU5WnJiTVRvNS1HcFdOdUZHVFBuT1RHeXMyeEV0cTBRZUFFeHFrc25EVVdQZVNpckhfWVBPajZEelFiWHRXbXE0QlZwUjNCTVc2d2ZENkpkcWVqZW92T1I1UHZFb0FiOUx1UktSSi1YUXNGQnRvTjRXcjlvU2lwbmhXak04N1JTeHU4WFlENWxWa1REVm40QjNfUXE0U2liSlBHR0N0aU45aXNIcTE5bXRha3ZGOEVVTFpfQmxvWg?oc=5,2026-01-30 09:27:47,,
business_standard,companies,Niva Bupa aims to turn profitable in Q4 FY26: CFO Mahendra Vishwanath - Business Standard,"<a href=""https://news.google.com/rss/articles/CBMi0wFBVV95cUxPSGtWeU01X3FTakcwcUE3LU1hQmQwTDAtSUg4N0RweXJjbFg0LUc0ZFVOZFY4ckZXYThYVlQwRTN5ZmllbmlwMUpYbmE4RHVDeWdHRXJrYXU0QmhaWVBmMlZudU5UX05OVUhzcGU1ZmV2bmZZNVdZQlg3NXIwamtwQkM4UUNkdkVMWGlKeVRibzBWT2tuYUpvNlVXQzFzZWxodE90cmd5NHYzMWVuRmw1N1ZSVFJPNFJwbk1NbzhCUnI1MzJUalA4SW94NWM5RGFpQk1v0gHYAUFVX3lxTE4zZTRLaml2N0tEYmc5MnIwb3hmZ2FPQTNQTzA4d25aN3pRT1E1LWFjV2xEWkEwRGllczREUEk2QVQ1VF9IcFBZbHU5MlpxTHpEY1dHVE0zTUFnaG1Pa2d1Q0xrbnF1T1Q0VWprbW1sN0NaVGhMX2RnUy13dF9fTzlDeUxGTDVjMnpBNXZuWjhSc2tPLW41NENMdEZsc3dqTkNhS2VoSnVUX1puVFJxOHEtLVoyUlNIT3dwRUZoWXNnUVJQMDRHMlBJOHNJdGdPemZyYndDWkZORw?oc=5"" target=""_blank"">Niva Bupa aims to turn profitable in Q4 FY26: CFO Mahendra Vishwanath</a>&nbsp;&nbsp;<font color=""#6f6f6f"">Business Standard</font>",https://news.google.com/rss/articles/CBMi0wFBVV95cUxPSGtWeU01X3FTakcwcUE3LU1hQmQwTDAtSUg4N0RweXJjbFg0LUc0ZFVOZFY4ckZXYThYVlQwRTN5ZmllbmlwMUpYbmE4RHVDeWdHRXJrYXU0QmhaWVBmMlZudU5UX05OVUhzcGU1ZmV2bmZZNVdZQlg3NXIwamtwQkM4UUNkdkVMWGlKeVRibzBWT2tuYUpvNlVXQzFzZWxodE90cmd5NHYzMWVuRmw1N1ZSVFJPNFJwbk1NbzhCUnI1MzJUalA4SW94NWM5RGFpQk1v0gHYAUFVX3lxTE4zZTRLaml2N0tEYmc5MnIwb3hmZ2FPQTNQTzA4d25aN3pRT1E1LWFjV2xEWkEwRGllczREUEk2QVQ1VF9IcFBZbHU5MlpxTHpEY1dHVE0zTUFnaG1Pa2d1Q0xrbnF1T1Q0VWprbW1sN0NaVGhMX2RnUy13dF9fTzlDeUxGTDVjMnpBNXZuWjhSc2tPLW41NENMdEZsc3dqTkNhS2VoSnVUX1puVFJxOHEtLVoyUlNIT3dwRUZoWXNnUVJQMDRHMlBJOHNJdGdPemZyYndDWkZORw?oc=5,2026-01-30 14:53:05,,
business_standard,companies,Bajaj Auto posts record Q3 revenue and profit as EVs fuel domestic growth - Business Standard,"<a href=""https://news.google.com/rss/articles/CBMi6wFBVV95cUxNc3U5MDZkc3dOUjRBM2U0U0pnMlRSM2dZbktFczBCN2JVdnpyelVuUy1WZUJUb3kybEdkbWxIS0VzNUVORThaS3hFWlBZR1o4QzRraEhlV3dqNWp4THpSTzU0TnpjRGtYRGdia3JCMGZuVFRiNkVEZ0NaREVubGYtX05rd1BpZHl3NzBPT2xSanJNdUs0XzZIOTZ0RzZaQlJWdnR6RXhxdWZPYXJDVzhHTi1RVDlfbHIzSlpMNWlYVUpuUDZEaHhfNWVSV2xTc3RMZ0R4T0tPSGpTNGllWGZSRUFuU2NwOExnV0xv0gHwAUFVX3lxTE1GeWdRMkFLX0QzN0dPTFFrT0VEdTBkLVFjTVVKUHRjZDlrenJmSF9RY251c19Sc2NvalpzWno4aEx4b0g2QmJHd3dyUHRnMmszLTVPMkJBOFhvOVZBd3ZlUVdzQlNJZERFRU5pd3lPLTROTWJ0cEdoRFBaSkVXd1BnWFVCTmpYNGtKV1BfSXcyeGIxS3ROcVRPN0hzQVMyOXNFV3otd29OZ3Qyd0RTSkJSOXdNNVNtcVczZ21lLVJENU0tUUNaM1lsd2dZVmNBYWN2aFZoMGNBTVdXYkRiM2ExSzJINlhpNTRQSDlaRV9zQg?oc=5"" target=""_blank"">Bajaj Auto posts record Q3 revenue and profit as EVs fuel domestic growth</a>&nbsp;&nbsp;<font color=""#6f6f6f"">Business Standard</font>",https://news.google.com/rss/articles/CBMi6wFBVV95cUxNc3U5MDZkc3dOUjRBM2U0U0pnMlRSM2dZbktFczBCN2JVdnpyelVuUy1WZUJUb3kybEdkbWxIS0VzNUVORThaS3hFWlBZR1o4QzRraEhlV3dqNWp4THpSTzU0TnpjRGtYRGdia3JCMGZuVFRiNkVEZ0NaREVubGYtX05rd1BpZHl3NzBPT2xSanJNdUs0XzZIOTZ0RzZaQlJWdnR6RXhxdWZPYXJDVzhHTi1RVDlfbHIzSlpMNWlYVUpuUDZEaHhfNWVSV2xTc3RMZ0R4T0tPSGpTNGllWGZSRUFuU2NwOExnV0xv0gHwAUFVX3lxTE1GeWdRMkFLX0QzN0dPTFFrT0VEdTBkLVFjTVVKUHRjZDlrenJmSF9RY251c19Sc2NvalpzWno4aEx4b0g2QmJHd3dyUHRnMmszLTVPMkJBOFhvOVZBd3ZlUVdzQlNJZERFRU5pd3lPLTROTWJ0cEdoRFBaSkVXd1BnWFVCTmpYNGtKV1BfSXcyeGIxS3ROcVRPN0hzQVMyOXNFV3otd29OZ3Qyd0RTSkJSOXdNNVNtcVczZ21lLVJENU0tUUNaM1lsd2dZVmNBYWN2aFZoMGNBTVdXYkRiM2ExSzJINlhpNTRQSDlaRV9zQg?oc=5,2026-01-30 14:56:53,,
business_standard,companies,"Bank of Baroda Q3 net profit up 4.5% on lower provisioning, margin pressure - Business Standard","<a href=""https://news.google.com/rss/articles/CBMi6wFBVV95cUxQZGxYVDJPRHNNLVRMei1XdDZmZFZwdTN3WnhfNTdBNGQ0clAyNUs4VzhqMkFkQmY4YTNmYUtTWWpaS1V2U0Z1enN1dTJub0NVRXZsTklIS1lic01WWUZIQUYwUkhZOHJtR1JvVXMxcml0eEh1YWxxU2M2aExEbklmMWg4N3QtX0lhbVNETjlGSEI3eHhBU3E0eld6RnFxZVNHNkJ0OXN5X3R0RUY5dm1xM2RSaERKTkwxQWtRcHlKZmdMNEp4Rk9uZ0JST0JERHBqQ0wyRC04Tk9ZNENaX1k0REYyamh0b3JTTGhn0gHwAUFVX3lxTE9iWXZGMTdjOG9wSEZYdFNqbERzcUI3WmN6UTVKa0E3Mm80NlowRmlLSm1hYXhUUktEWHBIbW52VkQ1VmtxNEJ2LTFncTI1UWRBUWt4ZGxldWJaODZBVE9sWndqMTlaekdLODVSUUVoN0dJcGt0SklmT2NKLU5NNVpoWHFTbndWLWlTcnlkT1ZFSzA3VDF0dl81ZlktTzBwVWdOWUZuZDZzanVqYWRnWG9lU0g4T1hxZmdGNWlpcERQeU9kbXJZLVMwa2l0OUctQ1hLNGlxMVR6TWhEUTJwU1dmR2VjZ0xkSVV1N0YwbWlLOA?oc=5"" target=""_blank"">Bank of Baroda Q3 net profit up 4.5% on lower provisioning, margin pressure</a>&nbsp;&nbsp;<font color=""#6f6f6f"">Business Standard</font>",https://news.google.com/rss/articles/CBMi6wFBVV95cUxQZGxYVDJPRHNNLVRMei1XdDZmZFZwdTN3WnhfNTdBNGQ0clAyNUs4VzhqMkFkQmY4YTNmYUtTWWpaS1V2U0Z1enN1dTJub0NVRXZsTklIS1lic01WWUZIQUYwUkhZOHJtR1JvVXMxcml0eEh1YWxxU2M2aExEbklmMWg4N3QtX0lhbVNETjlGSEI3eHhBU3E0eld6RnFxZVNHNkJ0OXN5X3R0RUY5dm1xM2RSaERKTkwxQWtRcHlKZmdMNEp4Rk9uZ0JST0JERHBqQ0wyRC04Tk9ZNENaX1k0REYyamh0b3JTTGhn0gHwAUFVX3lxTE9iWXZGMTdjOG9wSEZYdFNqbERzcUI3WmN6UTVKa0E3Mm80NlowRmlLSm1hYXhUUktEWHBIbW52VkQ1VmtxNEJ2LTFncTI1UWRBUWt4ZGxldWJaODZBVE9sWndqMTlaekdLODVSUUVoN0dJcGt0SklmT2NKLU5NNVpoWHFTbndWLWlTcnlkT1ZFSzA3VDF0dl81ZlktTzBwVWdOWUZuZDZzanVqYWRnWG9lU0g4T1hxZmdGNWlpcERQeU9kbXJZLVMwa2l0OUctQ1hLNGlxMVR6TWhEUTJwU1dmR2VjZ0xkSVV1N0YwbWlLOA?oc=5,2026-01-30 15:18:45,,
business_standard,industry,"Business correspondents seek grant, equity funds for capacity building - Business Standard","<a href=""https://news.google.com/rss/articles/CBMi1wFBVV95cUxPLWx2MWR3M2NqS0VoR1VrSTdTT1pBQ0I3NHg5MG8wSkJfdEQ5QWlLQ04xUVRtQV9YdEYzZkZKWUhzYlgwQjl4LTl6S3laRkpPdFJpM0RjSm8zbFQ3SlhDX2pXSWJFemVwcHFEemtaQXJFZW1ERzlNakZhM2pudUl3SXVkRXJiaGd1ZXVmSnlteGhack9wY0E3M3dLbWZsd3VNX1dZTkV6bm8tTkJBaGw4NnY4SlB4TEJUc0tRbExPRjc2X2lxVmNXRnJUc3VGNThJd3FWY1pCRdIB3AFBVV95cUxQUW5uR0VUQlAxeWp4S0R6cUhHcDBFRDVTRG13VFBGVWhVcV8xTWdJaDFnR05JODZFanltQjdUNk9SU3FReUpKNGJxVEJtQlVydE42ZlZzajViWFZabVFsaUlfVGRmcjU2MnE4SlNvUW5xVkxFdmxCSk5MUHAyOEp4cXJWUzZUY2Vad0MtSy1KSklGN29XT2tCVkJVWnBNSkxRRGhCOFo4UnBwZ3lXVzVpYjBBR0ZTVTh4TEtxbjZyRWVkakFWcXJZTUV3T3F1dXh4NVV5RXZpbkZUVmU2?oc=5"" target=""_blank"">Business correspondents seek grant, equity funds for capacity building</a>&nbsp;&nbsp;<font color=""#6f6f6f"">Business Standard</font>",https://news.google.com/rss/articles/CBMi1wFBVV95cUxPLWx2MWR3M2NqS0VoR1VrSTdTT1pBQ0I3NHg5MG8wSkJfdEQ5QWlLQ04xUVRtQV9YdEYzZkZKWUhzYlgwQjl4LTl6S3laRkpPdFJpM0RjSm8zbFQ3SlhDX2pXSWJFemVwcHFEemtaQXJFZW1ERzlNakZhM2pudUl3SXVkRXJiaGd1ZXVmSnlteGhack9wY0E3M3dLbWZsd3VNX1dZTkV6bm8tTkJBaGw4NnY4SlB4TEJUc0tRbExPRjc2X2lxVmNXRnJUc3VGNThJd3FWY1pCRdIB3AFBVV95cUxQUW5uR0VUQlAxeWp4S0R6cUhHcDBFRDVTRG13VFBGVWhVcV8xTWdJaDFnR05JODZFanltQjdUNk9SU3FReUpKNGJxVEJtQlVydE42ZlZzajViWFZabVFsaUlfVGRmcjU2MnE4SlNvUW5xVkxFdmxCSk5MUHAyOEp4cXJWUzZUY2Vad0MtSy1KSklGN29XT2tCVkJVWnBNSkxRRGhCOFo4UnBwZ3lXVzVpYjBBR0ZTVTh4TEtxbjZyRWVkakFWcXJZTUV3T3F1dXh4NVV5RXZpbkZUVmU2?oc=5,2026-01-30 12:05:26,,
business_standard,finance,India's foreign exchange reserves hit record high of $709 billion - Business Standard,"<a href=""https://news.google.com/rss/articles/CBMiywFBVV95cUxOalk2bFZNU1FVSjJZLXhHOWptNnpaMmM4YU50SEtqS0hmUTBlRXZFeTZoM1FERy1HMDN1N1d6OWlqWmFjOG1MdXg1d0dJczdNbExHUGFSemdUZVZHVzR6RzdTM0I5d1hOb0E4QnZCQzA5UTc2RkRNUG44N2R4cFdud1VKYTRtWkF3WERCRDdULU1lQlFGLUZkLVNWSDdJdlJER2ZGenJsWkttZVNJdmhNVVRBdFJiaHFzaTRyWjVMMGlnYk5Qc2toNW1Ka9IB0AFBVV95cUxQS2dQd0JKOVN5U0c4N2FGNGtNRC1NRzRQUU5ZSXZqWmk2a0dQd2lTaFpTeFJLS24yT0xFZktDeFY1cjIxdG1mNnlIbTBNSmYxYURYR1VibUJ0Z1BKb0QyMzBDYjM5NUJkT0M1TFFLNjV2ME9NSnBfdUw4MmI4S2pnemp2ZWk5eWE0Y0txTkZ2ZDhhdE5lVkM1RU9GdExsTnlXRDlMVFljX2lFeUpjXzZWbHZ5YXBFYUhiS0JuY1BtRUc4R1YwdmRYUmtBLWdzbk8y?oc=5"" target=""_blank"">India's foreign exchange reserves hit record high of $709 billion</a>&nbsp;&nbsp;<font color=""#6f6f6f"">Business Standard</font>",https://news.google.com/rss/articles/CBMiywFBVV95cUxOalk2bFZNU1FVSjJZLXhHOWptNnpaMmM4YU50SEtqS0hmUTBlRXZFeTZoM1FERy1HMDN1N1d6OWlqWmFjOG1MdXg1d0dJczdNbExHUGFSemdUZVZHVzR6RzdTM0I5d1hOb0E4QnZCQzA5UTc2RkRNUG44N2R4cFdud1VKYTRtWkF3WERCRDdULU1lQlFGLUZkLVNWSDdJdlJER2ZGenJsWkttZVNJdmhNVVRBdFJiaHFzaTRyWjVMMGlnYk5Qc2toNW1Ka9IB0AFBVV95cUxQS2dQd0JKOVN5U0c4N2FGNGtNRC1NRzRQUU5ZSXZqWmk2a0dQd2lTaFpTeFJLS24yT0xFZktDeFY1cjIxdG1mNnlIbTBNSmYxYURYR1VibUJ0Z1BKb0QyMzBDYjM5NUJkT0M1TFFLNjV2ME9NSnBfdUw4MmI4S2pnemp2ZWk5eWE0Y0txTkZ2ZDhhdE5lVkM1RU9GdExsTnlXRDlMVFljX2lFeUpjXzZWbHZ5YXBFYUhiS0JuY1BtRUc4R1YwdmRYUmtBLWdzbk8y?oc=5,2026-01-30 14:59:26,,
business_standard,budget,Decoding Economic Survey 2025-26: Five ideas that explain India's economy - Business Standard,"<a href=""https://news.google.com/rss/articles/CBMiwAFBVV95cUxOSVliMGczWkU0Wjk2VGRzZFBqVHN6VW96ZWNKWFBUalJDRWlITlE4RndhbnhFNWdob05CeS1GLU5ORFAyTVlRdlRoY0s1VFFzRWYyNUR2MmRfZldSYzd0T1dJMjhiekM2TXBsQ2hteGpxYU1oa2xCN25zMmRPS1p4TTZnVzVUMTJtRW5kODIzZVR1YVZBa1ctM2paaC0xNlJUaTJpdnVrbzVXR3BoRFQzc3liNXhLYXZUYWhCOW0zdS3SAcYBQVVfeXFMUGxsS1VGMGQwSWxUbDJ1cnpwdThFcDhZYUtKMWJyUzR4OGlvTnBJZlpCSmVWSVNuaUQzWUFDQzJrQUdqLXBRWWRXTkxIZWpwUTZzV2N6SktoNERyM1JDejFySm04eV9XTkhyclRreEVDRVJYUW1Ta3JpUl9DYVJTVHdXVy0wNDVHd3B3UDdJTzVtMEFBMGhQQTAyWjQ5ZGFwalFJcUI5RUotc21CX1lrclY0RVJsYmVWcEJtMTJlY3k1LXpDOFlR?oc=5"" target=""_blank"">Decoding Economic Survey 2025-26: Five ideas that explain India's economy</a>&nbsp;&nbsp;<font color=""#6f6f6f"">Business Standard</font>",https://news.google.com/rss/articles/CBMiwAFBVV95cUxOSVliMGczWkU0Wjk2VGRzZFBqVHN6VW96ZWNKWFBUalJDRWlITlE4RndhbnhFNWdob05CeS1GLU5ORFAyTVlRdlRoY0s1VFFzRWYyNUR2MmRfZldSYzd0T1dJMjhiekM2TXBsQ2hteGpxYU1oa2xCN25zMmRPS1p4TTZnVzVUMTJtRW5kODIzZVR1YVZBa1ctM2paaC0xNlJUaTJpdnVrbzVXR3BoRFQzc3liNXhLYXZUYWhCOW0zdS3SAcYBQVVfeXFMUGxsS1VGMGQwSWxUbDJ1cnpwdThFcDhZYUtKMWJyUzR4OGlvTnBJZlpCSmVWSVNuaUQzWUFDQzJrQUdqLXBRWWRXTkxIZWpwUTZzV2N6SktoNERyM1JDejFySm04eV9XTkhyclRreEVDRVJYUW1Ta3JpUl9DYVJTVHdXVy0wNDVHd3B3UDdJTzVtMEFBMGhQQTAyWjQ5ZGFwalFJcUI5RUotc21CX1lrclY0RVJsYmVWcEJtMTJlY3k1LXpDOFlR?oc=5,2026-01-30 07:15:01,,
business_standard,budget,"Economic Survey 2026: Why India's FDI lags Malaysia, Thailand, Vietnam - Business Standard","<a href=""https://news.google.com/rss/articles/CBMizgFBVV95cUxNUVBZa2p1eWdjWmU2ZmtGaHFqenEzLWNVajVTVDdTenRRaWZCMzhqdFZXTXMwV2Q4dTVBNE5Ob0RTTEdJRUdzU2tVd25KUUNCZ0FHV3lNQW14SFdRVXhIUG80LVRNbms3bG15NEV6d1FDRFpWcElKYlluRVIxUkstblNSTDhMb2xVRkh2c2VTS2N3UTB3bDAzT2E0X080cDhzQjktYXN4Mk5EbHpmdmkxbTVfbmF0VllpQjVwRW5XWlRMTjFFYkh6Mlg2aXlXQdIB0wFBVV95cUxNR3dRZFR0djBWZ0daaEk4QzdlZmJzV2J2bGhtR2pBQ2I1LTdMNVBkUVg3RzA1STRxSjFGT0dGR012WGFkelZjbmFwRy1VLWctVVNLeF9RMHZTa0JrM1pzZWdHWElDaVpXMV83N0s4SHpBOVhySXd6bXBiWjdHWDJ6UzRyRFg0ZGVGWkE2NW80eklYTWd0VUZhYkltZnA1dEozYUZqSmMwaEJnUVNmX1MxYTNsU1ZVLXFTMkpuQmg3bktpMGJSOGJWVVZUQ25rMXlOd2xZ?oc=5"" target=""_blank"">Economic Survey 2026: Why India's FDI lags Malaysia, Thailand, Vietnam</a>&nbsp;&nbsp;<font color=""#6f6f6f"">Business Standard</font>",https://news.google.com/rss/articles/CBMizgFBVV95cUxNUVBZa2p1eWdjWmU2ZmtGaHFqenEzLWNVajVTVDdTenRRaWZCMzhqdFZXTXMwV2Q4dTVBNE5Ob0RTTEdJRUdzU2tVd25KUUNCZ0FHV3lNQW14SFdRVXhIUG80LVRNbms3bG15NEV6d1FDRFpWcElKYlluRVIxUkstblNSTDhMb2xVRkh2c2VTS2N3UTB3bDAzT2E0X080cDhzQjktYXN4Mk5EbHpmdmkxbTVfbmF0VllpQjVwRW5XWlRMTjFFYkh6Mlg2aXlXQdIB0wFBVV95cUxNR3dRZFR0djBWZ0daaEk4QzdlZmJzV2J2bGhtR2pBQ2I1LTdMNVBkUVg3RzA1STRxSjFGT0dGR012WGFkelZjbmFwRy1VLWctVVNLeF9RMHZTa0JrM1pzZWdHWElDaVpXMV83N0s4SHpBOVhySXd6bXBiWjdHWDJ6UzRyRFg0ZGVGWkE2NW80eklYTWd0VUZhYkltZnA1dEozYUZqSmMwaEJnUVNmX1MxYTNsU1ZVLXFTMkpuQmg3bktpMGJSOGJWVVZUQ25rMXlOd2xZ?oc=5,2026-01-30 05:22:14,,
business_standard,budget,Markets end lower ahead of Union Budget amid metal stock sell-off - Business Standard,"<a href=""https://news.google.com/rss/articles/CBMiywFBVV95cUxNUTlRQ01oYkx6STVpeUVKakNvZEljV2MybE9lazg4RWpsVV9zY3c5VHZ0dU9MNnBDSWh3ODJaR2RmVTJJRGJxaWl3UjlUZHJjSEdPNWttME1UTnhqNm10TkFmYlBVb3dTMDRhaVZFZXFPLWc1TmszYXdMNE9jbXBwamprS1l1ZEZRU2VTVlR1RnBfaDFJUlZ1Z2p2NGZNbjNWcjkxVHRVOFhCYXl4Y0hqWXBlTUltY053R1pzUndlWENNdWh1N1JiQm5iSdIB0AFBVV95cUxNZDBwamt2V3Z0N2dLeVpjdVN5TkpkS2dHOW5QMTBVU0lxMkUyakR0bl81SktnQk5rajhjVUZHM1hrQkJYVG5Ybnh5TnJCa1RncHNONFpHOFNMMGVRVExybDk4SWJoQjlrd0Y4MkFFNnNsMGNtRzZsRFRVcjRtR2N5cGFXcnRnTDktVGZkOXk4MHJVSlJMRk5jZFBsd2ItVzh3Z1N0eWdBaVJPM0hTaXRvYUp1SGtzTDZkdlZzRVFJN2xuclM3ZDlULUFINjdIM2Z0?oc=5"" target=""_blank"">Markets end lower ahead of Union Budget amid metal stock sell-off</a>&nbsp;&nbsp;<font color=""#6f6f6f"">Business Standard</font>",https://news.google.com/rss/articles/CBMiywFBVV95cUxNUTlRQ01oYkx6STVpeUVKakNvZEljV2MybE9lazg4RWpsVV9zY3c5VHZ0dU9MNnBDSWh3ODJaR2RmVTJJRGJxaWl3UjlUZHJjSEdPNWttME1UTnhqNm10TkFmYlBVb3dTMDRhaVZFZXFPLWc1TmszYXdMNE9jbXBwamprS1l1ZEZRU2VTVlR1RnBfaDFJUlZ1Z2p2NGZNbjNWcjkxVHRVOFhCYXl4Y0hqWXBlTUltY053R1pzUndlWENNdWh1N1JiQm5iSdIB0AFBVV95cUxNZDBwamt2V3Z0N2dLeVpjdVN5TkpkS2dHOW5QMTBVU0lxMkUyakR0bl81SktnQk5rajhjVUZHM1hrQkJYVG5Ybnh5TnJCa1RncHNONFpHOFNMMGVRVExybDk4SWJoQjlrd0Y4MkFFNnNsMGNtRzZsRFRVcjRtR2N5cGFXcnRnTDktVGZkOXk4MHJVSlJMRk5jZFBsd2ItVzh3Z1N0eWdBaVJPM0hTaXRvYUp1SGtzTDZkdlZzRVFJN2xuclM3ZDlULUFINjdIM2Z0?oc=5,2026-01-30 13:27:14,,
economic_times,markets,"NSE's MD and CEO urged entrepreneurs to tap into India's capital market, 'Time has come'",,https://economictimes.indiatimes.com/markets/stocks/news/nses-md-and-ceo-urged-entrepreneurs-to-tap-into-indias-capital-market-indias-time-has-come/videoshow/127807432.cms,2026-01-30 17:49:18,Choose your reason below and click on the Report button. This will alert our moderators to take action,
economic_times,markets,Sebi opens one-year special window for transfer and dematerialisation of physical securities,"Investors holding physical securities can now breathe easy. Sebi has opened a special one-year window, from February 5, 2026, to February 4, 2027, allowing them to transfer and dematerialise shares that faced procedural or documentation issues before the April 2019 mandate. This initiative aims to resolve long-standing grievances and grant rightful access to these assets.",https://economictimes.indiatimes.com/markets/stocks/news/sebi-opens-one-year-special-window-for-transfer-and-dematerialisation-of-physical-securities/articleshow/127805646.cms,2026-01-30 16:29:19,"Investors holding physical securities can now breathe easy. Sebi has opened a special one-year window, from February 5, 2026, to February 4, 2027, allowing them to transfer and dematerialise shares that faced procedural or documentation issues before the April 2019 mandate. This initiative aims to resolve long-standing grievances and grant rightful access to these assets.
Choose your reason below and click on the Report button. This will alert our moderators to take action
Log out of your current logged-in accountand log in again using your ET Prime credentials  to enjoy all member benefits.
Trump temper on H-1B visas is forcing Indians to do these things to stay put in US
Why veterans like Reliance, L&T are on acquisition spree? Aswath Damodaran has an answer.
Huawei launches its own OS to compete with Google and Apple. But can it win beyond China?
Check the score based on the company's fundamentals, solvency, growth, risk & ownership to decide the right stocks.
Analyze the market sentiments & identify the trend reversal for strategic decisions.
Ask your stock queries & get assured replies by ET appointed, SEBI registered experts.
Read your daily newspaper in Digital View & get it delivered to your inbox everyday.",
economic_times,markets,AmEx projects upbeat 2026 profit as affluent spending holds up; shares dip,"American Express forecast annual profit largely above Wall Street expectations on Friday, underscoring resilient spending by its young and affluent customers, but a small miss on holiday-quarter profit weighed on its shares.",https://economictimes.indiatimes.com/markets/us-stocks/news/amex-projects-upbeat-2026-profit-as-affluent-spending-holds-up-shares-dip/articleshow/127805361.cms,2026-01-30 16:08:32,"American Express forecast annual profit largely above Wall Street expectations on Friday, underscoring resilient spending by its young and affluent customers, but a small miss on holiday-quarter profit weighed on its shares.
Choose your reason below and click on the Report button. This will alert our moderators to take action
Log out of your current logged-in accountand log in again using your ET Prime credentials  to enjoy all member benefits.
Trump temper on H-1B visas is forcing Indians to do these things to stay put in US
Why veterans like Reliance, L&T are on acquisition spree? Aswath Damodaran has an answer.
Huawei launches its own OS to compete with Google and Apple. But can it win beyond China?
Check the score based on the company's fundamentals, solvency, growth, risk & ownership to decide the right stocks.
Analyze the market sentiments & identify the trend reversal for strategic decisions.
Ask your stock queries & get assured replies by ET appointed, SEBI registered experts.
Read your daily newspaper in Digital View & get it delivered to your inbox everyday.",
economic_times,markets,"Bombardier shares drop 9% after Trump threatens Canada with aircraft tariffs, decertification","Bombardier shares ‍dropped 9% on Friday after U.S. ​President Donald Trump threatened to decertify the private jet maker's ⁠large-cabin planes ""and all Aircraft made in Canada"" and slap 50% import tariffs on new planes until Canada certified the latest aircraft produced by U.S. rival Gulfstream.",https://economictimes.indiatimes.com/markets/us-stocks/news/bombardier-shares-drop-9-after-trump-threatens-canada-with-aircraft-tariffs-decertification/articleshow/127805306.cms,2026-01-30 16:04:46,"Bombardier shares ‍dropped 9% on Friday after U.S. ​President Donald Trump threatened to decertify the private jet maker's ⁠large-cabin planes ""and all Aircraft made in Canada"" and slap 50% import tariffs on new planes until Canada certified the latest aircraft produced by U.S. rival Gulfstream.
Choose your reason below and click on the Report button. This will alert our moderators to take action
Log out of your current logged-in accountand log in again using your ET Prime credentials  to enjoy all member benefits.
Trump temper on H-1B visas is forcing Indians to do these things to stay put in US
Why veterans like Reliance, L&T are on acquisition spree? Aswath Damodaran has an answer.
Huawei launches its own OS to compete with Google and Apple. But can it win beyond China?
Check the score based on the company's fundamentals, solvency, growth, risk & ownership to decide the right stocks.
Analyze the market sentiments & identify the trend reversal for strategic decisions.
Ask your stock queries & get assured replies by ET appointed, SEBI registered experts.
Read your daily newspaper in Digital View & get it delivered to your inbox everyday.",
economic_times,markets,"Sebi removes letter of confirmation requirement, allows direct credit of securities to demat accounts","The Securities and Exchange Board of India, SEBI, is simplifying investment processes. A Letter of Confirmation for credit of securities will no longer be required. Instead, securities will be directly credited to investors' demat accounts. This change aims to speed up the process significantly. The new system will be effective from April 2, 2026.",https://economictimes.indiatimes.com/markets/stocks/news/sebi-eases-process-of-securities-credit-to-demat-accounts-from-april-2/articleshow/127805198.cms,2026-01-30 15:59:37,"The Securities and Exchange Board of India, SEBI, is simplifying investment processes. A Letter of Confirmation for credit of securities will no longer be required. Instead, securities will be directly credited to investors' demat accounts. This change aims to speed up the process significantly. The new system will be effective from April 2, 2026.
Choose your reason below and click on the Report button. This will alert our moderators to take action
Log out of your current logged-in accountand log in again using your ET Prime credentials  to enjoy all member benefits.
Trump temper on H-1B visas is forcing Indians to do these things to stay put in US
Why veterans like Reliance, L&T are on acquisition spree? Aswath Damodaran has an answer.
Huawei launches its own OS to compete with Google and Apple. But can it win beyond China?
Check the score based on the company's fundamentals, solvency, growth, risk & ownership to decide the right stocks.
Analyze the market sentiments & identify the trend reversal for strategic decisions.
Ask your stock queries & get assured replies by ET appointed, SEBI registered experts.
Read your daily newspaper in Digital View & get it delivered to your inbox everyday.",
economic_times,markets,"Glenmark Q3 profit rises 16% on strong India, US performance","Glenmark Pharmaceuticals posted 16% growth in December-quarter profit on strong India formulations demand, improved North America performance and margin expansion, with EBITDA surging 45% and regulatory clearance enabling manufacturing restart at its US facility.",https://economictimes.indiatimes.com/markets/stocks/earnings/glenmark-q3-profit-rises-16-on-strong-india-us-performance/articleshow/127805142.cms,2026-01-30 15:56:26,"Glenmark Pharmaceuticals posted 16% growth in December-quarter profit on strong India formulations demand, improved North America performance and margin expansion, with EBITDA surging 45% and regulatory clearance enabling manufacturing restart at its US facility.
Glenmark delivers robust Q3 earnings as India and North America drive revenue growth, margins expand sharply and US regulatory clearance supports future manufacturing and innovation-led growth.
Choose your reason below and click on the Report button. This will alert our moderators to take action
Log out of your current logged-in accountand log in again using your ET Prime credentials  to enjoy all member benefits.
Trump temper on H-1B visas is forcing Indians to do these things to stay put in US
Why veterans like Reliance, L&T are on acquisition spree? Aswath Damodaran has an answer.
Huawei launches its own OS to compete with Google and Apple. But can it win beyond China?
Check the score based on the company's fundamentals, solvency, growth, risk & ownership to decide the right stocks.
Analyze the market sentiments & identify the trend reversal for strategic decisions.
Ask your stock queries & get assured replies by ET appointed, SEBI registered experts.
Read your daily newspaper in Digital View & get it delivered to your inbox everyday.",
economic_times,markets,"SAIL Q3 profit at Rs 374 crore on higher volumes, leverage","SAIL reported a sharp rise in December-quarter profit to Rs 374 crore, driven by higher volumes, operating leverage and disciplined cost control, despite volatile input costs and competitive pricing, while total income also rose strongly year-on-year.",https://economictimes.indiatimes.com/markets/stocks/earnings/sail-q3-profit-at-rs-374-crore-on-higher-volumes-leverage/articleshow/127805059.cms,2026-01-30 15:50:08,"SAIL reported a sharp rise in December-quarter profit to Rs 374 crore, driven by higher volumes, operating leverage and disciplined cost control, despite volatile input costs and competitive pricing, while total income also rose strongly year-on-year.
Choose your reason below and click on the Report button. This will alert our moderators to take action
Log out of your current logged-in accountand log in again using your ET Prime credentials  to enjoy all member benefits.
Trump temper on H-1B visas is forcing Indians to do these things to stay put in US
Why veterans like Reliance, L&T are on acquisition spree? Aswath Damodaran has an answer.
Huawei launches its own OS to compete with Google and Apple. But can it win beyond China?
Check the score based on the company's fundamentals, solvency, growth, risk & ownership to decide the right stocks.
Analyze the market sentiments & identify the trend reversal for strategic decisions.
Ask your stock queries & get assured replies by ET appointed, SEBI registered experts.
Read your daily newspaper in Digital View & get it delivered to your inbox everyday.",
economic_times,markets,Odds of US government shutdown rise after funding deal stalls in Senate,Odds of ‍a partial U.S. government shutdown ​rose on Friday after new barriers emerged in the Senate ⁠to a deal that would ensure funding for agency operations would not be interrupted.,https://economictimes.indiatimes.com/markets/us-stocks/news/odds-of-us-government-shutdown-rise-after-funding-deal-stalls-in-senate/articleshow/127803966.cms,2026-01-30 14:38:15,"Odds of ‍a partial U.S. government shutdown ​rose on Friday after new barriers emerged in the Senate ⁠to a deal that would ensure funding for agency operations would not be interrupted.
Choose your reason below and click on the Report button. This will alert our moderators to take action
Log out of your current logged-in accountand log in again using your ET Prime credentials  to enjoy all member benefits.
Trump temper on H-1B visas is forcing Indians to do these things to stay put in US
Why veterans like Reliance, L&T are on acquisition spree? Aswath Damodaran has an answer.
Huawei launches its own OS to compete with Google and Apple. But can it win beyond China?
Check the score based on the company's fundamentals, solvency, growth, risk & ownership to decide the right stocks.
Analyze the market sentiments & identify the trend reversal for strategic decisions.
Ask your stock queries & get assured replies by ET appointed, SEBI registered experts.
Read your daily newspaper in Digital View & get it delivered to your inbox everyday.",
economic_times,markets,US stocks slide lower after Trump picks Fed critic Kevin Warsh to succeed Powell,"U.S. ‍stocks ​opened lower on ⁠Friday after President Donald Trump nominated ‌former Federal ‌Reserve Governor Kevin ‌Warsh to head the U.S. central bank, as traders mulled ​over the ​monetary policy path ‌under ‍the ‍new Fed leadership.",https://economictimes.indiatimes.com/markets/us-stocks/news/us-stocks-open-lower-after-trump-picks-fed-critic-kevin-warsh-to-succeed-powell/articleshow/127803974.cms,2026-01-30 14:35:39,"U.S. ‍stocks ​opened lower on ⁠Friday after President Donald Trump nominated ‌former Federal ‌Reserve Governor Kevin ‌Warsh to head the U.S. central bank, as traders mulled ​over the ​monetary policy path ‌under ‍the ‍new Fed leadership.
Choose your reason below and click on the Report button. This will alert our moderators to take action
Log out of your current logged-in accountand log in again using your ET Prime credentials  to enjoy all member benefits.
Trump temper on H-1B visas is forcing Indians to do these things to stay put in US
Why veterans like Reliance, L&T are on acquisition spree? Aswath Damodaran has an answer.
Huawei launches its own OS to compete with Google and Apple. But can it win beyond China?
Check the score based on the company's fundamentals, solvency, growth, risk & ownership to decide the right stocks.
Analyze the market sentiments & identify the trend reversal for strategic decisions.
Ask your stock queries & get assured replies by ET appointed, SEBI registered experts.
Read your daily newspaper in Digital View & get it delivered to your inbox everyday.",
economic_times,markets,"NTPC Q3 Results: Cons PAT jumps 8% YoY, revenue rises 2%; Rs 2.75/share dividend announced","NTPC posted over 8% growth in December-quarter profit on modest revenue gains and lower expenses, with sequential improvement in earnings. The state-run power major also declared a second interim dividend for FY26.",https://economictimes.indiatimes.com/markets/stocks/earnings/ntpc-q3-results-cons-pat-jumps-8-yoy-revenue-rises-2-rs-2-75/share-dividend-announced/articleshow/127803562.cms,2026-01-30 14:15:45,"NTPC posted over 8% growth in December-quarter profit on modest revenue gains and lower expenses, with sequential improvement in earnings. The state-run power major also declared a second interim dividend for FY26.
Choose your reason below and click on the Report button. This will alert our moderators to take action
Log out of your current logged-in accountand log in again using your ET Prime credentials  to enjoy all member benefits.
Trump temper on H-1B visas is forcing Indians to do these things to stay put in US
Why veterans like Reliance, L&T are on acquisition spree? Aswath Damodaran has an answer.
Huawei launches its own OS to compete with Google and Apple. But can it win beyond China?
Check the score based on the company's fundamentals, solvency, growth, risk & ownership to decide the right stocks.
Analyze the market sentiments & identify the trend reversal for strategic decisions.
Ask your stock queries & get assured replies by ET appointed, SEBI registered experts.
Read your daily newspaper in Digital View & get it delivered to your inbox everyday.",
economic_times,markets,Godfrey Phillips Q3 profit climbs 8.7 pc to Rs 343.3 cr,Cigarette maker Godfrey Phillips India Ltd on Friday reported an 8.7 per cent rise in its consolidated net profit to Rs 343.29 crore for the December quarter of FY26.,https://economictimes.indiatimes.com/markets/stocks/earnings/godfrey-phillips-q3-profit-climbs-8-7-pc-to-rs-343-3-cr/articleshow/127802583.cms,2026-01-30 13:26:59,"Cigarette maker Godfrey Phillips India Ltd on Friday reported an 8.7 per cent rise in its consolidated net profit to Rs 343.29 crore for the December quarter of FY26.
Choose your reason below and click on the Report button. This will alert our moderators to take action",
economic_times,markets,Meesho Q3 Results: Cons loss widens 13X YoY to Rs 491 crore but revenue jumps 32%,"Meesho reported a 13-fold jump in Q3 losses to Rs 491 crore after its December listing, even as revenue rose 32% year-on-year, driven by aggressive user acquisition, higher advertising spends and continued investments to fuel long-term growth.",https://economictimes.indiatimes.com/markets/stocks/earnings/meesho-q3-results-cons-loss-widens-13x-yoy-to-rs-491-crore-but-revenue-jumps-15/articleshow/127802298.cms,2026-01-30 13:13:02,"Meesho reported a 13-fold jump in Q3 losses to Rs 491 crore after its December listing, even as revenue rose 32% year-on-year, driven by aggressive user acquisition, higher advertising spends and continued investments to fuel long-term growth.
Newly listed Meesho posts sharply higher Q3 losses as it boosts advertising, user growth and platform investments, while revenues and transaction volumes continue to rise strongly.
Choose your reason below and click on the Report button. This will alert our moderators to take action
Log out of your current logged-in accountand log in again using your ET Prime credentials  to enjoy all member benefits.
Trump temper on H-1B visas is forcing Indians to do these things to stay put in US
Why veterans like Reliance, L&T are on acquisition spree? Aswath Damodaran has an answer.
Huawei launches its own OS to compete with Google and Apple. But can it win beyond China?
Check the score based on the company's fundamentals, solvency, growth, risk & ownership to decide the right stocks.
Analyze the market sentiments & identify the trend reversal for strategic decisions.
Ask your stock queries & get assured replies by ET appointed, SEBI registered experts.
Read your daily newspaper in Digital View & get it delivered to your inbox everyday.",
economic_times,technology,"From search to shopping carts, digital ads mint Rs 80,000 crore","Indian tech and ecommerce companies earned close to Rs 80,000 crore in ad revenue in 2024-25. Digital advertising fueled this growth as brands sought measurable results. Google and Meta lead with strong performance. Retail media platforms like Amazon and Flipkart also saw significant gains. This trend highlights a shift in advertising budgets towards data-driven digital channels.",https://economictimes.indiatimes.com/tech/technology/from-search-to-shopping-carts-digital-ads-mint-rs-80000-crore/articleshow/127808095.cms,2026-01-30 18:21:22,,
economic_times,technology,Reliance leads $50 million round in spacetech startup Digantara at $200 million valuation,"Reliance Industries has led a $50 million funding round in spacetech startup Digantara, valuing the firm at about $200 million. The Bengaluru-based company tracks satellites and space debris using its own space-based technology and plans global expansion. The funding will support overseas growth, satellite manufacturing and higher production capacity.",https://economictimes.indiatimes.com/tech/funding/reliance-leads-50-million-round-for-spacetech-startup-digantara/articleshow/127807185.cms,2026-01-30 17:46:09,,
economic_times,technology,"In a multi-test series, this is just the first innings: Union minister Ashwini Vaishnaw on AI evolution","The minister also pointed to the growing appeal of smaller models over large, frontier AI models. He cited rapid shifts in computing in the past, from mainframes to personal computers, and noted just how quickly dominant technologies can be disrupted.",https://economictimes.indiatimes.com/tech/artificial-intelligence/in-a-multi-test-series-this-is-just-the-first-innings-union-minister-ashwini-vaishnaw-on-ai-evolution/articleshow/127806619.cms,2026-01-30 17:15:32,,
economic_times,technology,ETtech Deals Digest: Startups raise $777 million in January so far; down 14% on-year,"Startups across multiple stages raised the funds through 112 deals, compared to 210 in the year-ago period.",https://economictimes.indiatimes.com/tech/funding/ettech-deals-digest-startups-raise-777-million-in-january-so-far-down-14-on-year/articleshow/127805733.cms,2026-01-30 16:36:58,,
economic_times,technology,"India EU-FTA will enable more tech sharing, collaboration: Industry","A new trade deal between India and the European Union promises more technology sharing and collaboration. This agreement is expected to boost productivity for both sides. Indian industries, especially manufacturing and labour-intensive sectors, will see a stronger outlook. The pact reinforces India's role as a global manufacturing hub and opens new avenues for technological partnership.",https://economictimes.indiatimes.com/tech/technology/india-eu-fta-will-enable-more-tech-sharing-collaboration-industry/articleshow/127805019.cms,2026-01-30 15:48:02,,
economic_times,technology,US sees India as key partner in Pax Silica AI push,"The US is positioning India as a key future partner in a new economic security framework aimed at securing global supply chains for artificial intelligence and advanced technologies, Under Secretary of State for Economic Affairs Jacob Helberg said on Friday.",https://economictimes.indiatimes.com/tech/artificial-intelligence/us-sees-india-as-key-partner-in-pax-silica-ai-push/articleshow/127804874.cms,2026-01-30 15:35:50,,
economic_times,technology,NCLT approves SaaS startup MoEngage's reverse flip plan,"MoEngage's Delaware-based holding company will be merged into its Bengaluru-based entity. The company, which enables B2C brands to engage customers through AI-powered tools, has been gaining momentum as enterprises are shifting from legacy marketing cloud platforms and consolidating multiple point solutions into a single, integrated system. About 60% of its clients are traditional enterprises, and the rest are new-age firms such as Swiggy, Ola, Mamaearth, and Policybazaar.",https://economictimes.indiatimes.com/tech/startups/nclt-approves-saas-startup-moengages-reverse-flip-plan/articleshow/127804620.cms,2026-01-30 15:16:58,,
economic_times,technology,India sovereign AI model launch at Impact Summit: Union minister Ashwini Vaishnaw,"India is set to unveil its own AI models at the upcoming India AI Impact Summit. The event, scheduled from February 16 to 20, is expected to attract global leaders and significant investment.  The summit aims to democratise AI technology and foster responsible deployment.  Over 100 countries are expected to participate, with many heads of state confirming their attendance.",https://economictimes.indiatimes.com/tech/artificial-intelligence/india-sovereign-ai-model-launch-at-impact-summit-union-minister-ashwini-vaishnaw/articleshow/127804565.cms,2026-01-30 15:13:26,,
economic_times,technology,Ola Electric says 5% of workforce to be trimmed,"This is part of the electric two-wheeler maker’s push ahead with a business turnaround plan aimed at improving service delivery and increasing automation across its front-end operations. This comes amid market share loss following customer complaints related to service and vehicle quality, and senior-level exits at the electric two-wheeler maker.",https://economictimes.indiatimes.com/tech/technology/ola-electric-says-5-of-workforce-to-be-trimmed/articleshow/127804467.cms,2026-01-30 15:04:16,,
economic_times,technology,India to expand AI training to 500 universities under AI Mission 2.0,"The Ministry of Electronics and Information Technology announced a new plan to expand artificial intelligence training to 500 universities across the country. This initiative aims to create a talent pipeline for the industry by providing specialised course curriculum and training opportunities for students. The program follows a model used in the semiconductor sector, where students at 315 universities are already designing chips.",https://economictimes.indiatimes.com/tech/artificial-intelligence/india-to-expand-ai-training-to-500-universities-under-ai-mission-2-0/articleshow/127804157.cms,2026-01-30 14:45:21,,
economic_times,technology,"Meesho's Q3 losses jump 13X on logistics network expansion, higher growth spending","Meesho’s net loss surged 13 times to Rs 491 crore for Q3, driven by the expansion of its logistics arm Valmo and customer acquisition costs. Revenue rose 31% to Rs 3,517 crore, while annual transacting users jumped 34% to 251 million. The company aims to focus on growth and improve margins despite short-term losses.",https://economictimes.indiatimes.com/tech/technology/meeshos-q3-losses-jump-13x-on-logistics-network-expansion-higher-growth-spending/articleshow/127804123.cms,2026-01-30 14:43:53,,
economic_times,technology,Zupee lays off 200 in second round of job cuts after real money gaming ban,"Online gaming startup Zupee has cut about 200 jobs in a fresh round of layoffs after India’s ban on real money gaming. The move follows earlier job cuts and leaves its workforce at roughly 350. The company is shifting focus to free-to-play games, esports and short-form drama content.",https://economictimes.indiatimes.com/tech/technology/zupee-lays-off-200-in-second-round-of-job-cuts-after-real-money-gaming-ban/articleshow/127803040.cms,2026-01-30 13:51:22,,
economic_times,technology,Meesho's Q3 losses balloon &amp; other earnings,Ecommerce firm Meesho's losses widened despite strong revenue growth. This and more in today's ETtech Top 5.,https://economictimes.indiatimes.com/tech/newsletters/tech-top-5/meeshos-q3-losses-balloon-other-earnings/articleshow/127802826.cms,2026-01-30 13:50:42,,
economic_times,technology,WaveX invites applications from startups for 'India AI Summit' next month,"WaveX has opened applications for the India AI Impact Summit 2026. Selected startups will exhibit AI products at the Bharat Mandapam. The event aims to boost India's AI ecosystem. It will focus on impact, accessibility, and safety. Policymakers, industry leaders, and investors will attend. This summit will strengthen India's position as a trusted global AI partner.",https://economictimes.indiatimes.com/tech/artificial-intelligence/wavex-invites-applications-from-startups-for-india-ai-summit-next-month/articleshow/127802758.cms,2026-01-30 13:35:19,,
economic_times,technology,Indian IT industry shifting from software to AI-driven solution: Ashwini Vaishnaw,,https://economictimes.indiatimes.com/tech/information-tech/indian-it-industry-shifting-from-software-to-ai-driven-solution-ashwini-vaishnaw/videoshow/127802716.cms,2026-01-30 13:30:46,Choose your reason below and click on the Report button. This will alert our moderators to take action,
economic_times,technology,Meesho Q3 Results: Cons loss widens 13X YoY to Rs 491 crore but revenue jumps 15%,"Meesho reported a 13-fold jump in Q3 losses to Rs 491 crore after its December listing, even as revenue rose 32% year-on-year, driven by aggressive user acquisition, higher advertising spends and continued investments to fuel long-term growth.",https://economictimes.indiatimes.com/tech/technology/meesho-q3-results-cons-loss-widens-13x-yoy-to-rs-491-crore-but-revenue-jumps-15/articleshow/127802357.cms,2026-01-30 13:13:02,,
economic_times,technology,"Paytm ups focus on consumer payments as profits stabilise, revenues grow","Addressing stock market analysts a day after the company declared its December quarter results, Paytm chief executive Vijay Shekhar Sharma said the company is working on building consumer products. The management is also working on making its stockbroking entity, Paytm Money, among the country’s top five brokers in the next three years.",https://economictimes.indiatimes.com/tech/technology/paytm-ups-focus-on-consumer-payments-as-profits-stabilise-revenues-grow/articleshow/127801945.cms,2026-01-30 13:02:44,,
economic_times,technology,Meta faces New Mexico trial over child-exploitation claims,"Meta will face a New Mexico jury over claims its apps exposed children to sexual abuse. The state says weak safeguards and addictive design let predators reach minors and harmed mental health. Meta denies wrongdoing, citing safety efforts, free speech rights, and legal protections under Section 230 of US law.",https://economictimes.indiatimes.com/tech/technology/meta-faces-new-mexico-trial-over-child-exploitation-claims/articleshow/127799438.cms,2026-01-30 11:19:23,,
economic_times,technology,LinkedIn cofounder urges tech leaders to denounce Trump,"Hoffman is the latest in a string of Silicon Valley figures to criticise the US president on his sweeping immigration crackdown in the city. Hoffman wrote that ""Silicon Valley leaders have divested themselves of the responsibility to speak out against the (Trump) administration's excesses,"" in an opinion piece in The San Francisco Standard.",https://economictimes.indiatimes.com/tech/technology/linkedin-cofounder-urges-tech-leaders-to-denounce-trump/articleshow/127798495.cms,2026-01-30 10:45:30,,
economic_times,technology,How instant UPI apps change small-value payment habits,"The rise of instant UPI apps has revolutionized small-value transactions, eliminating the struggle for exact change and streamlining checkout processes. This speed has fostered a subconscious habit of frequent, smaller digital purchases, altering consumer behavior and empowering micro-economies. The digital footprint created enhances financial literacy and formalizes the informal sector.",https://economictimes.indiatimes.com/tech/technology/how-instant-upi-apps-change-small-value-payment-habits/articleshow/127796707.cms,2026-01-30 09:45:39,,
economic_times,technology,"Cred FY25 revenue rises 16% to Rs 2,735 crore, losses narrow","Operating losses narrowed 51% on-year to Rs 298 crore, while total losses declined 11.5% to Rs 1,457 crore during the year, the Bengaluru-based company said in a statement. Founded in 2018 by Kunal Shah, Cred was initially known for its credit card bill payment platform but has since expanded into a wider range of financial services.",https://economictimes.indiatimes.com/tech/startups/cred-fy25-revenue-rises-16-to-rs-2735-crore-losses-narrow/articleshow/127796869.cms,2026-01-30 09:34:52,,
economic_times,technology,Chinese AI chipmaker Axera Semiconductor to raise $379 million via Hong Kong IPO,"The proceeds are earmarked for upgrading its technology platform and developing new products, as well as sales expansion, potential equity investments or acquisitions and working ‌capital and ‌general corporate purposes, the filing said.",https://economictimes.indiatimes.com/tech/artificial-intelligence/chinese-ai-chipmaker-axera-semiconductor-to-raise-379-million-via-hong-kong-ipo/articleshow/127796361.cms,2026-01-30 09:08:55,,
economic_times,technology,"Sandisk forecasts profit surge, secures supply deal as AI fuels storage demand","The data storage firm forecast fiscal third-quarter revenue with a midpoint of $4.6 billion and adjusted profit with a midpoint of $14 ‌per share. ‌Both were above estimates of $2.77 billion and $4.37 apiece, respectively, according to LSEG-compiled data.",https://economictimes.indiatimes.com/tech/technology/sandisk-forecasts-profit-surge-secures-supply-deal-as-ai-fuels-storage-demand/articleshow/127796282.cms,2026-01-30 09:05:36,,
economic_times,technology,"Perplexity signs $750 million AI cloud deal with Microsoft, Bloomberg News reports","The three-year deal will allow Nvidia-backed Perplexity to ‌run a range of AI models through Microsoft's Foundry program, including systems from OpenAI, Anthropic and xAI, the report said.",https://economictimes.indiatimes.com/tech/artificial-intelligence/perplexity-signs-750-million-ai-cloud-deal-with-microsoft-bloomberg-news-reports/articleshow/127796201.cms,2026-01-30 08:59:38,,
economic_times,technology,"Apple to prioritise premium iPhone launches in 2026 amid memory crunch, Nikkei Asia reports","The U.S. tech giant will focus on delivering its first-ever foldable iPhone and two non-folding models with ​upgraded cameras and larger displays for a ​flagship launch in the second half of 2026, while ‌the ‍standard iPhone 18 is now slated to ‍ship in the first half of 2027, the report ‌said.",https://economictimes.indiatimes.com/tech/technology/apple-to-prioritise-premium-iphone-launches-in-2026-amid-memory-crunch-nikkei-asia-reports/articleshow/127793931.cms,2026-01-30 07:04:26,,
economic_times,technology,"China conditionally approves DeepSeek to buy Nvidia's H200 chips, say sources","Reuters reported on Wednesday, citing sources, that ByteDance, Alibaba and Tencent had been given permission to purchase more than 400,000 H200 chips in total.",https://economictimes.indiatimes.com/tech/technology/china-conditionally-approves-deepseek-to-buy-nvidias-h200-chips-sources/articleshow/127793709.cms,2026-01-30 06:55:01,,
economic_times,technology,South Korean police to question interim CEO of Coupang in data breach probe,Interim Chief Executive Harold Rogers pledged to cooperate with all probes into the data leak.,https://economictimes.indiatimes.com/tech/technology/south-korean-police-to-question-interim-ceo-of-coupang-in-data-breach-probe/articleshow/127792399.cms,2026-01-30 05:57:14,,
economic_times,technology,Facebook India net jumps 28% in FY25,"Revenue from operations rose 25.0% to Rs 3,793 crore from Rs 3,035 crore a year earlier. Total income increased 25.2% to Rs 3,834 crore from Rs 3,064 crore. Total expenses for the year climbed 22.6% to Rs 2,881 crore, compared with Rs 2,350 crore in the previous fiscal. Employee benefit expenses jumped 36.3% to Rs 649 crore from Rs 476 crore.",https://economictimes.indiatimes.com/tech/technology/facebook-india-net-jumps-28-in-fy25/articleshow/127791268.cms,2026-01-30 04:51:41,,
economic_times,ai,Google Turns Chrome into an AI-First Browser,"In an effort to remain competitive as a new generation of AI-enabled browsers appears, Google is greatly enhancing the artificial intelligence capabilities of its Chrome browser. Chrome is reacting to the emergence of AI-first competitors from firms like OpenAI, Perplexity, and others by integrating its Gemini AI model more thoroughly into the browser and adding agentic features that may help users with challenging online activities on their own.",https://economictimes.indiatimes.com/ai/ai-insights/google-turns-chrome-into-an-ai-first-browser/articleshow/127800688.cms,2026-01-30 12:12:06,"In an effort to remain competitive as a new generation of AI-enabled browsers appears, Google is greatly enhancing the artificial intelligence capabilities of its Chrome browser. Chrome is reacting to the emergence of AI-first competitors from firms like OpenAI, Perplexity, and others by integrating its Gemini AI model more thoroughly into the browser and adding agentic features that may help users with challenging online activities on their own.
Choose your reason below and click on the Report button. This will alert our moderators to take action",
economic_times,ai,LiteRT Matters: Google’s Big Bet on On-Device AI,"Google has announced LiteRT, the universal on-device AI framework, a significant milestone in a time when artificial intelligence is quickly shifting from cloud-based servers to consumers' own devices. First presented in 2024 as the evolution of TensorFlow Lite (TFLite), LiteRT currently represents a modern, high-performance runtime meant to bring cutting-edge AI to mobile phones, desktops, online platforms, and IoT devices with performance and convenience unsurpassed by its predecessor.",https://economictimes.indiatimes.com/ai/ai-insights/litert-matters-googles-big-bet-on-on-device-ai/articleshow/127800508.cms,2026-01-30 12:05:29,"Google has announced LiteRT, the universal on-device AI framework, a significant milestone in a time when artificial intelligence is quickly shifting from cloud-based servers to consumers' own devices. First presented in 2024 as the evolution of TensorFlow Lite (TFLite), LiteRT currently represents a modern, high-performance runtime meant to bring cutting-edge AI to mobile phones, desktops, online platforms, and IoT devices with performance and convenience unsurpassed by its predecessor.
Choose your reason below and click on the Report button. This will alert our moderators to take action",
economic_times,ai,Where AI Strategy Gets Real: The ET AI Impact Forum,"Artificial intelligence (AI) is fast growing from a specialized technology pursuit into a major pillar of economic, strategic, and societal revolution. As nations and industries battle with how to harness its promise ethically and fairly, platforms for high-level discourse and strategic alignment have become crucial. An essential component of the larger AI Impact Summit ecosystem, the ET AI Impact Forum stands out as a crucial platform intended to advance conversations beyond superficial demonstrations and toward concrete, workable ideas that influence the fundamental framework of AI ecosystems.",https://economictimes.indiatimes.com/ai/ai-insights/where-ai-strategy-gets-real-the-et-ai-impact-forum/articleshow/127799374.cms,2026-01-30 11:48:11,"Artificial intelligence (AI) is fast growing from a specialized technology pursuit into a major pillar of economic, strategic, and societal revolution. As nations and industries battle with how to harness its promise ethically and fairly, platforms for high-level discourse and strategic alignment have become crucial. An essential component of the larger AI Impact Summit ecosystem, the ET AI Impact Forum stands out as a crucial platform intended to advance conversations beyond superficial demonstrations and toward concrete, workable ideas that influence the fundamental framework of AI ecosystems.
Choose your reason below and click on the Report button. This will alert our moderators to take action",
economic_times,ai,How Meta Plans to Transform Shopping and AI in 2026,"CEO Mark Zuckerberg disclosed that 2026 will see a major expansion of artificial intelligence across the company's goods and services, marking a turning point in Meta's development. During a recent investor call related to Meta's fourth-quarter earnings, Zuckerberg stressed that following a fundamental reorganization of Meta's AI program in 2025, customers would start to face new AI models and tools throughout the year.",https://economictimes.indiatimes.com/ai/ai-insights/how-meta-plans-to-transform-shopping-and-ai-in-2026/articleshow/127798573.cms,2026-01-30 11:08:34,"CEO Mark Zuckerberg disclosed that 2026 will see a major expansion of artificial intelligence across the company's goods and services, marking a turning point in Meta's development. During a recent investor call related to Meta's fourth-quarter earnings, Zuckerberg stressed that following a fundamental reorganization of Meta's AI program in 2025, customers would start to face new AI models and tools throughout the year.
Choose your reason below and click on the Report button. This will alert our moderators to take action",
economic_times,ai,Why small businesses are turning to GoDaddy Airo.ai for faster growth,"GoDaddy's Airo.ai is a new agentic AI platform in public beta that transforms conversations into completed business tasks for entrepreneurs. It coordinates specialized AI agents to build websites, manage marketing, and more, removing technical complexity and accelerating growth. Airo.ai moves beyond suggestions to execute tasks end-to-end, empowering small businesses to achieve real outcomes faster and with greater confidence.",https://economictimes.indiatimes.com/ai/ai-insights/why-small-businesses-are-turning-to-godaddy-airo-ai-for-faster-growth/articleshow/127796836.cms,2026-01-30 09:49:08,"GoDaddy's Airo.ai is a new agentic AI platform in public beta that transforms conversations into completed business tasks for entrepreneurs. It coordinates specialized AI agents to build websites, manage marketing, and more, removing technical complexity and accelerating growth. Airo.ai moves beyond suggestions to execute tasks end-to-end, empowering small businesses to achieve real outcomes faster and with greater confidence.
Choose your reason below and click on the Report button. This will alert our moderators to take action",
economic_times,industry-auto,GST rate cut-induced demand to stay unless inflation erodes purchasing power: Bajaj Auto ED,"Demand for two-wheelers is seeing a boost from GST rate cuts. Bajaj Auto's Rakesh Sharma believes this trend will continue if inflation remains low. He highlighted that a customer's monthly income of Rs 40,000 makes even small price changes significant. However, rising fuel and rental costs could diminish these gains. Rupee devaluation is also a concern for sustained demand.",https://economictimes.indiatimes.com/industry/auto/two-wheelers-three-wheelers/gst-rate-cut-induced-demand-to-stay-unless-inflation-erodes-purchasing-power-bajaj-auto-ed/articleshow/127804725.cms,2026-01-30 15:23:00,"Demand for two-wheelers is seeing a boost from GST rate cuts. Bajaj Auto's Rakesh Sharma believes this trend will continue if inflation remains low. He highlighted that a customer's monthly income of Rs 40,000 makes even small price changes significant. However, rising fuel and rental costs could diminish these gains. Rupee devaluation is also a concern for sustained demand.
Choose your reason below and click on the Report button. This will alert our moderators to take action",
economic_times,industry-auto,Maruti Suzuki onboards 5 early-stage startups to create tech solutions,"Maruti Suzuki India has partnered with five early-stage startups. These collaborations aim to develop new technology solutions across various business functions. The initiative focuses on enhancing operational efficiency, improving manufacturing precision, and strengthening workplace safety.",https://economictimes.indiatimes.com/industry/auto/auto-news/maruti-suzuki-onboards-5-early-stage-startups-to-create-tech-solutions/articleshow/127794881.cms,2026-01-30 08:00:13,"Maruti Suzuki India has partnered with five early-stage startups. These collaborations aim to develop new technology solutions across various business functions. The initiative focuses on enhancing operational efficiency, improving manufacturing precision, and strengthening workplace safety.
Choose your reason below and click on the Report button. This will alert our moderators to take action",
reuters,world,"Venezuela plans amnesty law for prisoners, vows to convert major prison center - Reuters","<a href=""https://news.google.com/rss/articles/CBMitAFBVV95cUxQZjIxYUFZbmZHUzl2MmpjWlctRWJmVXFfMXRxMlRVUFoxdjE0amFiUUo1YkgtaEo2Q2FWSWJiMTJwZXBfcVVUSFpmUXNfbElCaWljTTRTc0JPLUMtaEZGWkI3STlCZHZRaXNkRllkUkRUcjF3cFA2SnhqTC10V0o5a1BjWm9lZXRTTlBNLTBwRkhfVXN1MGZYODRZN1hpbTFGcFJjUmJJTUQxUFpDY211X2k1TGI?oc=5"" target=""_blank"">Venezuela plans amnesty law for prisoners, vows to convert major prison center</a>&nbsp;&nbsp;<font color=""#6f6f6f"">Reuters</font>",https://news.google.com/rss/articles/CBMitAFBVV95cUxQZjIxYUFZbmZHUzl2MmpjWlctRWJmVXFfMXRxMlRVUFoxdjE0amFiUUo1YkgtaEo2Q2FWSWJiMTJwZXBfcVVUSFpmUXNfbElCaWljTTRTc0JPLUMtaEZGWkI3STlCZHZRaXNkRllkUkRUcjF3cFA2SnhqTC10V0o5a1BjWm9lZXRTTlBNLTBwRkhfVXN1MGZYODRZN1hpbTFGcFJjUmJJTUQxUFpDY211X2k1TGI?oc=5,2026-01-30 22:54:10,,
reuters,world,"US to add 65,000 seasonal guest worker visas for 2026 - Reuters","<a href=""https://news.google.com/rss/articles/CBMiugFBVV95cUxNRDhFaFMxaG9JaWo0UUFBWmptZW5Zc2ZnNWVxcXVrUlVxekpHdVZzYUdqREd4NHBMdVcyR3lxUllMeEptUjY5ZDR4b3JqUWVwQU1WZzZPVUpFRkJOVW50Qy1JZkdSaXk3ZktwMFFRWWt5Y0Q2bU5oYUF4ZXlYTXZ5Tk1BUDdJQWQ1UW9YSGRvbDJxSjl3SUh1M0l0ODN3dm9ZXzZCaldELTV3U2xqV2hWZXlEb1NMb0U3Z1E?oc=5"" target=""_blank"">US to add 65,000 seasonal guest worker visas for 2026</a>&nbsp;&nbsp;<font color=""#6f6f6f"">Reuters</font>",https://news.google.com/rss/articles/CBMiugFBVV95cUxNRDhFaFMxaG9JaWo0UUFBWmptZW5Zc2ZnNWVxcXVrUlVxekpHdVZzYUdqREd4NHBMdVcyR3lxUllMeEptUjY5ZDR4b3JqUWVwQU1WZzZPVUpFRkJOVW50Qy1JZkdSaXk3ZktwMFFRWWt5Y0Q2bU5oYUF4ZXlYTXZ5Tk1BUDdJQWQ1UW9YSGRvbDJxSjl3SUh1M0l0ODN3dm9ZXzZCaldELTV3U2xqV2hWZXlEb1NMb0U3Z1E?oc=5,2026-01-30 21:56:24,,
reuters,world,"US approves more than $6.5 billion in potential military sales to Israel, Pentagon says - Reuters","<a href=""https://news.google.com/rss/articles/CBMizAFBVV95cUxOOUJvSjBseXZrUC1TTE56M0xEbkY5c18zUURCMUhnV0o4V0gydy1PMnBXTHM5TFA4SzhvbWowNTlrQXBpaWNiS2RmUTVXVGVDMnpfQTJvR3lSUG5vZEVVeFpaUmhPWHRUeFlZa3ZXbTk2dzdOZHdTZmJHOFBPMjB0RzRGcjBKOXJmLTJkSzI3aGg3V281bVB2QURqaEQ3VkZGZ1g2eEtTX0tBN2dSeXRVRndRUkUtcjFuc2pqU2drT1JYZi1KTF9GVFBOaGM?oc=5"" target=""_blank"">US approves more than $6.5 billion in potential military sales to Israel, Pentagon says</a>&nbsp;&nbsp;<font color=""#6f6f6f"">Reuters</font>",https://news.google.com/rss/articles/CBMizAFBVV95cUxOOUJvSjBseXZrUC1TTE56M0xEbkY5c18zUURCMUhnV0o4V0gydy1PMnBXTHM5TFA4SzhvbWowNTlrQXBpaWNiS2RmUTVXVGVDMnpfQTJvR3lSUG5vZEVVeFpaUmhPWHRUeFlZa3ZXbTk2dzdOZHdTZmJHOFBPMjB0RzRGcjBKOXJmLTJkSzI3aGg3V281bVB2QURqaEQ3VkZGZ1g2eEtTX0tBN2dSeXRVRndRUkUtcjFuc2pqU2drT1JYZi1KTF9GVFBOaGM?oc=5,2026-01-30 22:38:49,,
reuters,world,"More than 200 killed in coltan mine collapse in east Congo, official says - Reuters","<a href=""https://news.google.com/rss/articles/CBMitgFBVV95cUxNNmV0WmlaUkJuemh4MHNaeWhWZURuRFB2UFhnVGdGQWJqWXRZeEtwbjVDZ0NEZTV1LVhTcEVIY3RVbG5JVmQ4R19zbnpEX1pJbmZucGpYTkExQVFKVXpsZnZPeHpxbTFOWW5KY2FJSTBYcGthNi1nbDZQY0U1MjNrU1pNa2c4cy1SRnIzTUl0bTdHS2hfcGFrRUYtZE4xY0FWZE1NVTdMcDRoVUVDNjJQUDJHRlZJUQ?oc=5"" target=""_blank"">More than 200 killed in coltan mine collapse in east Congo, official says</a>&nbsp;&nbsp;<font color=""#6f6f6f"">Reuters</font>",https://news.google.com/rss/articles/CBMitgFBVV95cUxNNmV0WmlaUkJuemh4MHNaeWhWZURuRFB2UFhnVGdGQWJqWXRZeEtwbjVDZ0NEZTV1LVhTcEVIY3RVbG5JVmQ4R19zbnpEX1pJbmZucGpYTkExQVFKVXpsZnZPeHpxbTFOWW5KY2FJSTBYcGthNi1nbDZQY0U1MjNrU1pNa2c4cy1SRnIzTUl0bTdHS2hfcGFrRUYtZE4xY0FWZE1NVTdMcDRoVUVDNjJQUDJHRlZJUQ?oc=5,2026-01-30 21:06:00,,
reuters,world,"Argentina in advanced talks to become destination for US deportations, New York Times reports - Reuters","<a href=""https://news.google.com/rss/articles/CBMivwFBVV95cUxPZ0NLS2JMM2lkdm5ab0ROamwtRUh6S0VkWGhHT2g3MzE3bHBIU3hqclByUTdHODNlVlVWazJUT2tkUzM4RXFpMWM0LVNsLUJOY2tvUVZMa2pFS1JoS0ZqTFdXLWJYa2RUcjhaYUlrNThQdU54dXFCUXc0Z0NnMEdMUVB5Y3dVOW5pOC1KaWdKUjliZ3JaSWQ3TUJybDR2NnU4a0JKbnllU1pIMVVVaktrejUyeGl6c0c4LVhIWkNBZw?oc=5"" target=""_blank"">Argentina in advanced talks to become destination for US deportations, New York Times reports</a>&nbsp;&nbsp;<font color=""#6f6f6f"">Reuters</font>",https://news.google.com/rss/articles/CBMivwFBVV95cUxPZ0NLS2JMM2lkdm5ab0ROamwtRUh6S0VkWGhHT2g3MzE3bHBIU3hqclByUTdHODNlVlVWazJUT2tkUzM4RXFpMWM0LVNsLUJOY2tvUVZMa2pFS1JoS0ZqTFdXLWJYa2RUcjhaYUlrNThQdU54dXFCUXc0Z0NnMEdMUVB5Y3dVOW5pOC1KaWdKUjliZ3JaSWQ3TUJybDR2NnU4a0JKbnllU1pIMVVVaktrejUyeGl6c0c4LVhIWkNBZw?oc=5,2026-01-30 18:18:14,,
reuters,world,"Commerce Secretary Lutnick planned lunch on Epstein's island, new release shows - Reuters","<a href=""https://news.google.com/rss/articles/CBMisAFBVV95cUxPM2RFc3ZuTnZPMjczbjNXZUZPRGM5dTVtNGVLNFFMdEY0d0RwaFo2V2Q1dTNNaFBvcGU2NlBxamJXdzBwWXc5X3NVUGJyazJsWUZldDhpS0MyZmVLd2s4ZndFU1BuaFc5Y1cwZGJBX3d5dHp1eWM4WkpxbkdUbmhfOHdUYVpnRUpMaWR5b1RGZVZOZlFIei1DN2Zva0g2Zm0zR1MxLWdTdlhtc191blFKdA?oc=5"" target=""_blank"">Commerce Secretary Lutnick planned lunch on Epstein's island, new release shows</a>&nbsp;&nbsp;<font color=""#6f6f6f"">Reuters</font>",https://news.google.com/rss/articles/CBMisAFBVV95cUxPM2RFc3ZuTnZPMjczbjNXZUZPRGM5dTVtNGVLNFFMdEY0d0RwaFo2V2Q1dTNNaFBvcGU2NlBxamJXdzBwWXc5X3NVUGJyazJsWUZldDhpS0MyZmVLd2s4ZndFU1BuaFc5Y1cwZGJBX3d5dHp1eWM4WkpxbkdUbmhfOHdUYVpnRUpMaWR5b1RGZVZOZlFIei1DN2Zva0g2Zm0zR1MxLWdTdlhtc191blFKdA?oc=5,2026-01-30 16:11:41,,
reuters,world,Syria to close camps housing thousands linked to Islamic State - Reuters,"<a href=""https://news.google.com/rss/articles/CBMirwFBVV95cUxNRzZwcVBQelpMNk92X2k4anZTU1I5Ym94cUJnX1JIYlBtc19HTmhJUTBFc3hrT0ljQVlNcnI0UDdtbkoxTGl3YlpZRl8zLTZKa3Zxc090cXVwOVY3cE5wRE5CLVZ5blFCZktCQTRlRlhCSzFta0NQR2xRUlo1MXl4STh3cGFLQnI4SW9iY19qX3NwZ01NM2E4SmlXbW8waWtqSk5QTXp2Q0RkZE9wSm00?oc=5"" target=""_blank"">Syria to close camps housing thousands linked to Islamic State</a>&nbsp;&nbsp;<font color=""#6f6f6f"">Reuters</font>",https://news.google.com/rss/articles/CBMirwFBVV95cUxNRzZwcVBQelpMNk92X2k4anZTU1I5Ym94cUJnX1JIYlBtc19HTmhJUTBFc3hrT0ljQVlNcnI0UDdtbkoxTGl3YlpZRl8zLTZKa3Zxc090cXVwOVY3cE5wRE5CLVZ5blFCZktCQTRlRlhCSzFta0NQR2xRUlo1MXl4STh3cGFLQnI4SW9iY19qX3NwZ01NM2E4SmlXbW8waWtqSk5QTXp2Q0RkZE9wSm00?oc=5,2026-01-30 18:01:32,,
reuters,world,Luigi Mangione will not face death penalty after US judge dismisses murder charge - Reuters,"<a href=""https://news.google.com/rss/articles/CBMivAFBVV95cUxOdXpVZTJnRm5zbW5CWm9MTG5Oamh4SE4xOU41WVpLWXM2SkFGMkZvWWs1d2JjQndWMHRIYnpMY0dWV05XMTNSMHRfQWVFaHhJNDQxZVVSR3d2cFpaTEVmMENUYVd6Zk5nZVhIanVjdWFuUzZSNmd4X29RVWRLTEJCMTBYbGxDajBPSUUzRTJ0dnZqYXFDR1Y2WXlsNTduUTZMRmkyQV9LV1ZYTldPUk9zaFM4dnRHYWo0NEpYbQ?oc=5"" target=""_blank"">Luigi Mangione will not face death penalty after US judge dismisses murder charge</a>&nbsp;&nbsp;<font color=""#6f6f6f"">Reuters</font>",https://news.google.com/rss/articles/CBMivAFBVV95cUxOdXpVZTJnRm5zbW5CWm9MTG5Oamh4SE4xOU41WVpLWXM2SkFGMkZvWWs1d2JjQndWMHRIYnpMY0dWV05XMTNSMHRfQWVFaHhJNDQxZVVSR3d2cFpaTEVmMENUYVd6Zk5nZVhIanVjdWFuUzZSNmd4X29RVWRLTEJCMTBYbGxDajBPSUUzRTJ0dnZqYXFDR1Y2WXlsNTduUTZMRmkyQV9LV1ZYTldPUk9zaFM4dnRHYWo0NEpYbQ?oc=5,2026-01-30 15:16:49,,
reuters,world,Spanish police arrest Chinese hair salon owner accused of financing Hamas - Reuters,"<a href=""https://news.google.com/rss/articles/CBMiugFBVV95cUxOSVBRd2pMLVBQdVFmbjB5dU8yeEtOWV9RV2diZTBWaE5MUHNPby15cTNhTUZoOHpsRi1nbTByQWFJQktYR05nRGVVQ1hGaXN3WmxiR2VnazdIY2l3cXdQWUV0VE1kdDJiQlc4SnR3cjkxb1lLa29qNXhJYzR1bDBWdDdPX0NfZVlMNEs0ZlRsVXFKOFRSWnJXNGFZM25BVjJ0MjYyVHBRaHhXTkRIYmpJUjY1elAtLVZtTkE?oc=5"" target=""_blank"">Spanish police arrest Chinese hair salon owner accused of financing Hamas</a>&nbsp;&nbsp;<font color=""#6f6f6f"">Reuters</font>",https://news.google.com/rss/articles/CBMiugFBVV95cUxOSVBRd2pMLVBQdVFmbjB5dU8yeEtOWV9RV2diZTBWaE5MUHNPby15cTNhTUZoOHpsRi1nbTByQWFJQktYR05nRGVVQ1hGaXN3WmxiR2VnazdIY2l3cXdQWUV0VE1kdDJiQlc4SnR3cjkxb1lLa29qNXhJYzR1bDBWdDdPX0NfZVlMNEs0ZlRsVXFKOFRSWnJXNGFZM25BVjJ0MjYyVHBRaHhXTkRIYmpJUjY1elAtLVZtTkE?oc=5,2026-01-30 15:00:25,,
reuters,world,"US producer prices post biggest gain in five months, businesses passing on tariffs - Reuters","<a href=""https://news.google.com/rss/articles/CBMilwFBVV95cUxPZmV1TTNBOENMcTdfbEkwQ1dMTDZrZWgyaEwtTUNCSjdYeFVZX3hrNmsyUHQ1OTN6TGY2a2piX1h3RW9jOGJDOC1mWmJQQ1pHOUFhOERULTRtRWUzQlhZd29hNEx2clNtUjhPNjZMQnV0bV8tVGNoQng5Y2cxZGdRdm1LdXVwRFVINVJxOHhSdFE1RVFvdGNN?oc=5"" target=""_blank"">US producer prices post biggest gain in five months, businesses passing on tariffs</a>&nbsp;&nbsp;<font color=""#6f6f6f"">Reuters</font>",https://news.google.com/rss/articles/CBMilwFBVV95cUxPZmV1TTNBOENMcTdfbEkwQ1dMTDZrZWgyaEwtTUNCSjdYeFVZX3hrNmsyUHQ1OTN6TGY2a2piX1h3RW9jOGJDOC1mWmJQQ1pHOUFhOERULTRtRWUzQlhZd29hNEx2clNtUjhPNjZMQnV0bV8tVGNoQng5Y2cxZGdRdm1LdXVwRFVINVJxOHhSdFE1RVFvdGNN?oc=5,2026-01-30 13:55:59,,
reuters,world,Guterres warns of UN's 'imminent financial collapse' - Reuters,"<a href=""https://news.google.com/rss/articles/CBMimAFBVV95cUxQb3BkMldmU0xrb29NYk5iM1pvYlMtVG1XdEVMTWtCNXFiVHMyeXdWVTdvWXBkbkJ6b2lTWGtUcmlzdXBDM0IxUVdUN0ZrMG1IcVlSbk9XdkJHT29UcXN4TEdtQ1BXRmNMV05qeGx6RlJjNUtrRU90RjNCMGt6THdQWEFNeXVSRXJrTWQ0SGlyNGgyN0V3Q3BHVg?oc=5"" target=""_blank"">Guterres warns of UN's 'imminent financial collapse'</a>&nbsp;&nbsp;<font color=""#6f6f6f"">Reuters</font>",https://news.google.com/rss/articles/CBMimAFBVV95cUxQb3BkMldmU0xrb29NYk5iM1pvYlMtVG1XdEVMTWtCNXFiVHMyeXdWVTdvWXBkbkJ6b2lTWGtUcmlzdXBDM0IxUVdUN0ZrMG1IcVlSbk9XdkJHT29UcXN4TEdtQ1BXRmNMV05qeGx6RlJjNUtrRU90RjNCMGt6THdQWEFNeXVSRXJrTWQ0SGlyNGgyN0V3Q3BHVg?oc=5,2026-01-30 13:22:26,,
reuters,world,Ex-CNN journalist Don Lemon pleads not guilty to Minnesota protest charges - Reuters,"<a href=""https://news.google.com/rss/articles/CBMimAFBVV95cUxQNDlBdW1XUFZCX2sxLWtWaXdhdnBXQXhucHVxOGlnczBpQXFUOGpNbVBoOThYZ1FYcnVVbGRPaDk0eThuY2dmY3RyekhoWk5UYWRzb2owR2V4cjE1S0pYRXhUdVpvcHROc1M3TEZ6S2xid294NVZIaFBnOHZocVJ5bGpNNktwd0hCNXB4V0Y5X2w4eWRidkVFTw?oc=5"" target=""_blank"">Ex-CNN journalist Don Lemon pleads not guilty to Minnesota protest charges</a>&nbsp;&nbsp;<font color=""#6f6f6f"">Reuters</font>",https://news.google.com/rss/articles/CBMimAFBVV95cUxQNDlBdW1XUFZCX2sxLWtWaXdhdnBXQXhucHVxOGlnczBpQXFUOGpNbVBoOThYZ1FYcnVVbGRPaDk0eThuY2dmY3RyekhoWk5UYWRzb2owR2V4cjE1S0pYRXhUdVpvcHROc1M3TEZ6S2xid294NVZIaFBnOHZocVJ5bGpNNktwd0hCNXB4V0Y5X2w4eWRidkVFTw?oc=5,2026-01-30 13:12:38,,
reuters,world,Republican senator's threat to block Fed chief nominee escalates battle with Trump - Reuters,"<a href=""https://news.google.com/rss/articles/CBMipgFBVV95cUxOXzh5NGNyVTZlRXptT0dZTXkxaXRzLUpudVBWenJSYnVlcEN4eHBHUlA4ZFBlWDlDZGdEX3Z3Rk8yWm9UMk1pWjdIdlMwNGFTbUgtb1ViYUw2Szg0UURtcHBBNHQzcFZteW9qN0x2RHVxMjk3NEE0dU5ldVhRZ2RHRXh4eGc1MFlVdVh3N21oTk5Rd3FEMU5mTTZhdUFSY3NvdDFaYk5B?oc=5"" target=""_blank"">Republican senator's threat to block Fed chief nominee escalates battle with Trump</a>&nbsp;&nbsp;<font color=""#6f6f6f"">Reuters</font>",https://news.google.com/rss/articles/CBMipgFBVV95cUxOXzh5NGNyVTZlRXptT0dZTXkxaXRzLUpudVBWenJSYnVlcEN4eHBHUlA4ZFBlWDlDZGdEX3Z3Rk8yWm9UMk1pWjdIdlMwNGFTbUgtb1ViYUw2Szg0UURtcHBBNHQzcFZteW9qN0x2RHVxMjk3NEE0dU5ldVhRZ2RHRXh4eGc1MFlVdVh3N21oTk5Rd3FEMU5mTTZhdUFSY3NvdDFaYk5B?oc=5,2026-01-30 17:17:04,,
reuters,world,"US imposes sanctions on Iran's interior minister, businessman - Reuters","<a href=""https://news.google.com/rss/articles/CBMiuwFBVV95cUxObXBYa1JQNFJidFE1Tm9weHhVQzEwZ1EwNFFhTzZqUlFyZGxzeEhaSEJXcWFPMDAyRjBkVXdQbnpUTkFCR1U5a2U0M2NwUnY2eGw1SWNnYXJzNWF3T3ZMUzVyYVFTWENpYzl1WXpCaER6RWgxenliZ2FLZFREdlQ5RC0wUWhnSnFUYzV3TzgtMldHSTBtY1pEODRZTzVuVXdMckNxNlZub05tbU9VdmoxR2lNYUljTktfTzFB?oc=5"" target=""_blank"">US imposes sanctions on Iran's interior minister, businessman</a>&nbsp;&nbsp;<font color=""#6f6f6f"">Reuters</font>",https://news.google.com/rss/articles/CBMiuwFBVV95cUxObXBYa1JQNFJidFE1Tm9weHhVQzEwZ1EwNFFhTzZqUlFyZGxzeEhaSEJXcWFPMDAyRjBkVXdQbnpUTkFCR1U5a2U0M2NwUnY2eGw1SWNnYXJzNWF3T3ZMUzVyYVFTWENpYzl1WXpCaER6RWgxenliZ2FLZFREdlQ5RC0wUWhnSnFUYzV3TzgtMldHSTBtY1pEODRZTzVuVXdMckNxNlZub05tbU9VdmoxR2lNYUljTktfTzFB?oc=5,2026-01-30 15:22:34,,
reuters,world,Iran ready for 'fair' talks with US but not on defence capabilities - Reuters,"<a href=""https://news.google.com/rss/articles/CBMiwgFBVV95cUxPbVROWDhxaGlTdG5tUFNTR01NQy1LV3NQNzFsZzZhNVFfWS1XUkVqMDg3V2Zhalhxa0xwNnBhU1A4TV9KT21NbXdSRGc4aTdXMjhERkZ1VnlDNlFOdjI4bC10WTdnT1FMLVQ5a3lERjRsXzlmVmRoeWhZeDBxajZVZnVtY1doY2pIdVZBaDNNR1hvMmtpTEVoUW1nallpYVJzdFpKZ1hGUWhfSGc2T3E0NEt6X3J2YVMzSFllV1BIbXFaUQ?oc=5"" target=""_blank"">Iran ready for 'fair' talks with US but not on defence capabilities</a>&nbsp;&nbsp;<font color=""#6f6f6f"">Reuters</font>",https://news.google.com/rss/articles/CBMiwgFBVV95cUxPbVROWDhxaGlTdG5tUFNTR01NQy1LV3NQNzFsZzZhNVFfWS1XUkVqMDg3V2Zhalhxa0xwNnBhU1A4TV9KT21NbXdSRGc4aTdXMjhERkZ1VnlDNlFOdjI4bC10WTdnT1FMLVQ5a3lERjRsXzlmVmRoeWhZeDBxajZVZnVtY1doY2pIdVZBaDNNR1hvMmtpTEVoUW1nallpYVJzdFpKZ1hGUWhfSGc2T3E0NEt6X3J2YVMzSFllV1BIbXFaUQ?oc=5,2026-01-30 12:46:06,,
reuters,world,25 killed in Nigeria's deadliest reported Islamist attack since US Christmas strikes - Reuters,"<a href=""https://news.google.com/rss/articles/CBMiyAFBVV95cUxPYlJGTVA3Z2hna28wWTNMVGgxRW9wYWcyZHpOMkFNbDFtcVFrU215X3JORlJwTERPSFROZFc0ZVFkeURKQ0RrbldTRUJxUFdJbFo0U3JrN2RBbWtQRWlqV1VsTnVMRkVuTlMwSXZmZlZXcEgyUEx5dzJHRnFic0Vhb1NyaGd1c3htRDBRLUJNQmMyWW5zcWVvdGp1aXdQNmZRbFhLWUZiYkgxUzdPTHVlcUlvYnl1dUUtc2ZWVC04TkVZOHhzNTRSTw?oc=5"" target=""_blank"">25 killed in Nigeria's deadliest reported Islamist attack since US Christmas strikes</a>&nbsp;&nbsp;<font color=""#6f6f6f"">Reuters</font>",https://news.google.com/rss/articles/CBMiyAFBVV95cUxPYlJGTVA3Z2hna28wWTNMVGgxRW9wYWcyZHpOMkFNbDFtcVFrU215X3JORlJwTERPSFROZFc0ZVFkeURKQ0RrbldTRUJxUFdJbFo0U3JrN2RBbWtQRWlqV1VsTnVMRkVuTlMwSXZmZlZXcEgyUEx5dzJHRnFic0Vhb1NyaGd1c3htRDBRLUJNQmMyWW5zcWVvdGp1aXdQNmZRbFhLWUZiYkgxUzdPTHVlcUlvYnl1dUUtc2ZWVC04TkVZOHhzNTRSTw?oc=5,2026-01-30 15:18:57,,
reuters,world,"Exclusive: US slows transfers of Islamic State detainees to Iraq, sources say - Reuters","<a href=""https://news.google.com/rss/articles/CBMiswFBVV95cUxNendlcVUzMmhGYm95SEY3TEtGaHhYRVpQM3hhZjNRRUNXeTZ6aThkanhwRS1lTndvRkJXcXlKcVRkUXphTGVGNUF6TV8zMFhlbzU3WGg3ZVdma3hjeDB3SFdINWgzdF9TVDVRQndCYmdLUmtCTnZ3dVNyRm1vdG1kcGlqRDZfZjg3VGR3UE9pTTdsc0ZuX1FveFVzTy01aEdoMGtvR1p1dGdtUE1mQnpzQ2Yzdw?oc=5"" target=""_blank"">Exclusive: US slows transfers of Islamic State detainees to Iraq, sources say</a>&nbsp;&nbsp;<font color=""#6f6f6f"">Reuters</font>",https://news.google.com/rss/articles/CBMiswFBVV95cUxNendlcVUzMmhGYm95SEY3TEtGaHhYRVpQM3hhZjNRRUNXeTZ6aThkanhwRS1lTndvRkJXcXlKcVRkUXphTGVGNUF6TV8zMFhlbzU3WGg3ZVdma3hjeDB3SFdINWgzdF9TVDVRQndCYmdLUmtCTnZ3dVNyRm1vdG1kcGlqRDZfZjg3VGR3UE9pTTdsc0ZuX1FveFVzTy01aEdoMGtvR1p1dGdtUE1mQnpzQ2Yzdw?oc=5,2026-01-30 16:00:02,,
reuters,world,Trump nominates Kevin Warsh as next Fed chair - as it happened - Reuters,"<a href=""https://news.google.com/rss/articles/CBMiogFBVV95cUxNM1BBNHRqT1ZpNVVQMnNkWHV5THJRLUV2d29jQUZIX21xWmtDT1V6OVFza2ZuVFFTSzNhZzJ5MmttbnRuTVJ5NXc1QXg4S0FQMURiR29uVDhoSzJMWmdpWUpUMGJMcTM3Yl9wWjFzZnZ0YUFqTFUwSmgzLUNSeThTVThWMEpNMTN2Y0ZidFJ6UHR0Z2NYM2tYWmozMHFoRG9ScUE?oc=5"" target=""_blank"">Trump nominates Kevin Warsh as next Fed chair - as it happened</a>&nbsp;&nbsp;<font color=""#6f6f6f"">Reuters</font>",https://news.google.com/rss/articles/CBMiogFBVV95cUxNM1BBNHRqT1ZpNVVQMnNkWHV5THJRLUV2d29jQUZIX21xWmtDT1V6OVFza2ZuVFFTSzNhZzJ5MmttbnRuTVJ5NXc1QXg4S0FQMURiR29uVDhoSzJMWmdpWUpUMGJMcTM3Yl9wWjFzZnZ0YUFqTFUwSmgzLUNSeThTVThWMEpNMTN2Y0ZidFJ6UHR0Z2NYM2tYWmozMHFoRG9ScUE?oc=5,2026-01-30 11:58:41,,
reuters,world,Trump taps ex-Fed insider Warsh to lead world's top central bank - Reuters,"<a href=""https://news.google.com/rss/articles/CBMilAFBVV95cUxPLW5xLUlReDNXRzVNX0FoZWZobk1JZDFfT3hTZ1BfWHIyS2x2S1RjU2h5WnpGbzdIQW5LY1g4V1lJRzB5NU1jRDhxcThoc1Y3S3JlSGpyQnIzSmlUSjVTNWVmenJucEVCYWdWMlFRR1dzZ1k2OHhYNzUwNjBpR19LS3dIbXhhbUFEenhYbFp2aV9HWVBF?oc=5"" target=""_blank"">Trump taps ex-Fed insider Warsh to lead world's top central bank</a>&nbsp;&nbsp;<font color=""#6f6f6f"">Reuters</font>",https://news.google.com/rss/articles/CBMilAFBVV95cUxPLW5xLUlReDNXRzVNX0FoZWZobk1JZDFfT3hTZ1BfWHIyS2x2S1RjU2h5WnpGbzdIQW5LY1g4V1lJRzB5NU1jRDhxcThoc1Y3S3JlSGpyQnIzSmlUSjVTNWVmenJucEVCYWdWMlFRR1dzZ1k2OHhYNzUwNjBpR19LS3dIbXhhbUFEenhYbFp2aV9HWVBF?oc=5,2026-01-30 11:54:51,,
reuters,world,Thousands demonstrate in Minnesota and across US to protest ICE - Reuters,"<a href=""https://news.google.com/rss/articles/CBMiugFBVV95cUxQNHZIZERJLVlGU0szNFM1WFdDUlVLdVB3eF85ei1pTGVsTG4zWVpLa054aXljQWZjWUZpYkFxMkc5NXUxLVhxLWItVk43OHZiMkhCVnBPQW9OOUhNTmh6VkJ3eE1NWXlCVU0zSmp2bUVFNzIzZHEwdG5sVHpKODZYWDZWMndzLXZqMlE3X21lT0RGZ1ZLeFN6RzF1VmU0UkhuRDdVMkozeFRzWG9CTFZ4V2t4RXU2UDFCaVE?oc=5"" target=""_blank"">Thousands demonstrate in Minnesota and across US to protest ICE</a>&nbsp;&nbsp;<font color=""#6f6f6f"">Reuters</font>",https://news.google.com/rss/articles/CBMiugFBVV95cUxQNHZIZERJLVlGU0szNFM1WFdDUlVLdVB3eF85ei1pTGVsTG4zWVpLa054aXljQWZjWUZpYkFxMkc5NXUxLVhxLWItVk43OHZiMkhCVnBPQW9OOUhNTmh6VkJ3eE1NWXlCVU0zSmp2bUVFNzIzZHEwdG5sVHpKODZYWDZWMndzLXZqMlE3X21lT0RGZ1ZLeFN6RzF1VmU0UkhuRDdVMkozeFRzWG9CTFZ4V2t4RXU2UDFCaVE?oc=5,2026-01-30 21:48:17,,
reuters,world,"Putin envoy Dmitriev to travel to Miami, meet members of Trump administration, sources say - Reuters","<a href=""https://news.google.com/rss/articles/CBMivgFBVV95cUxNSlRFUkVmMEhMZzRQLS1aMG1LYWM3cFRPNDYwUGpJLVQ0M2ZOMmlIRThGalp2cmwxbjR0Z1h5YktvSHdDU0EzTnBMZEdBRDFSeVRfR0drRFczM2tzaWtydUNobURfNWJ2VnJaVWIzcXMteE1LeDFFTjJXVHd6YzM2cWhjc0NkSEExX19tWXMzYUJudG1HWloxaHdOa0ZvNjE2UGNyY2dYOWNudWxVS3Q2Vy1ESGpoeDFlYV9obnB3?oc=5"" target=""_blank"">Putin envoy Dmitriev to travel to Miami, meet members of Trump administration, sources say</a>&nbsp;&nbsp;<font color=""#6f6f6f"">Reuters</font>",https://news.google.com/rss/articles/CBMivgFBVV95cUxNSlRFUkVmMEhMZzRQLS1aMG1LYWM3cFRPNDYwUGpJLVQ0M2ZOMmlIRThGalp2cmwxbjR0Z1h5YktvSHdDU0EzTnBMZEdBRDFSeVRfR0drRFczM2tzaWtydUNobURfNWJ2VnJaVWIzcXMteE1LeDFFTjJXVHd6YzM2cWhjc0NkSEExX19tWXMzYUJudG1HWloxaHdOa0ZvNjE2UGNyY2dYOWNudWxVS3Q2Vy1ESGpoeDFlYV9obnB3?oc=5,2026-01-30 18:07:37,,
reuters,world,US energy assistance for Ukraine stalls as winter bites - Reuters,"<a href=""https://news.google.com/rss/articles/CBMimAFBVV95cUxQQUZzQlgzSy1DbHNnMjRheF9VRGE3WDE3M3U5VFVsVGstYmI3UzhzUElYbmFiZlpTMkF2ZlVIQUU1Nm40UkZBSG94MU5iWjFvQUkwSU1iMTctRlBoR1hndGRtMHpFQmVyaTM1UEs4WV8wRGlHMXdZZ1RJdmpkRFBsTEQ1NjlNLXRSR2lpenlRbmgwRlJDV0R6eg?oc=5"" target=""_blank"">US energy assistance for Ukraine stalls as winter bites</a>&nbsp;&nbsp;<font color=""#6f6f6f"">Reuters</font>",https://news.google.com/rss/articles/CBMimAFBVV95cUxQQUZzQlgzSy1DbHNnMjRheF9VRGE3WDE3M3U5VFVsVGstYmI3UzhzUElYbmFiZlpTMkF2ZlVIQUU1Nm40UkZBSG94MU5iWjFvQUkwSU1iMTctRlBoR1hndGRtMHpFQmVyaTM1UEs4WV8wRGlHMXdZZ1RJdmpkRFBsTEQ1NjlNLXRSR2lpenlRbmgwRlJDV0R6eg?oc=5,2026-01-30 11:03:55,,
reuters,world,Islamic State claims deadly attack on airport in Niger capital - Reuters,"<a href=""https://news.google.com/rss/articles/CBMiqAFBVV95cUxQSWozZk5reHY1MWJsVkxiQzhSc3Z2UnFfUVBpZGZNSlFvclJOYWRKN2xDR2dqdW1KQXFWdGZ2Qi0zZ3Z2c29Fa1NubXNUMENqSG9oZ0FfLUpQbTlPaUdnbEhTcWtyMWk5dVJ6bnpsT01fV2RCQ2hLVGdpUEZ2RGoteUNodk1Seko5ZHBDbGNVSEJDQWRFOEFvMHVQV2J2Wll2LURBbDhJMWM?oc=5"" target=""_blank"">Islamic State claims deadly attack on airport in Niger capital</a>&nbsp;&nbsp;<font color=""#6f6f6f"">Reuters</font>",https://news.google.com/rss/articles/CBMiqAFBVV95cUxQSWozZk5reHY1MWJsVkxiQzhSc3Z2UnFfUVBpZGZNSlFvclJOYWRKN2xDR2dqdW1KQXFWdGZ2Qi0zZ3Z2c29Fa1NubXNUMENqSG9oZ0FfLUpQbTlPaUdnbEhTcWtyMWk5dVJ6bnpsT01fV2RCQ2hLVGdpUEZ2RGoteUNodk1Seko5ZHBDbGNVSEJDQWRFOEFvMHVQV2J2Wll2LURBbDhJMWM?oc=5,2026-01-30 14:08:23,,
reuters,world,"Israel military reported to accept death toll of around 70,000 in Gaza - Reuters","<a href=""https://news.google.com/rss/articles/CBMitAFBVV95cUxQWkw3dnhhaTFOWVZtLTVpMW5tSlRNQ3M4QzRYQUo5VGhKNEljcXFENTNObldhbTZtWFY0Y2pTNk5Ca0VQaDNRWnpqSmdSbUZSUE9LOGp3MDJCbk5QS2JVR0NUSjVSZ0tHZDM1WENqdTdONEVkWTdoSV9DSWhYUzZyLWtidXFDbUQwTi16TUlmaFJ4dmc0YUotR2JNeGhodHplZHR1NUZVNHA2cjdyNTJiME9nLUc?oc=5"" target=""_blank"">Israel military reported to accept death toll of around 70,000 in Gaza</a>&nbsp;&nbsp;<font color=""#6f6f6f"">Reuters</font>",https://news.google.com/rss/articles/CBMitAFBVV95cUxQWkw3dnhhaTFOWVZtLTVpMW5tSlRNQ3M4QzRYQUo5VGhKNEljcXFENTNObldhbTZtWFY0Y2pTNk5Ca0VQaDNRWnpqSmdSbUZSUE9LOGp3MDJCbk5QS2JVR0NUSjVSZ0tHZDM1WENqdTdONEVkWTdoSV9DSWhYUzZyLWtidXFDbUQwTi16TUlmaFJ4dmc0YUotR2JNeGhodHplZHR1NUZVNHA2cjdyNTJiME9nLUc?oc=5,2026-01-30 11:01:15,,
reuters,world,Record gold prices push Italian jewellers to make leaner designs - Reuters,"<a href=""https://news.google.com/rss/articles/CBMipgFBVV95cUxQcWNvZTZDRDd4aUgyVjhCajd1RFY4S2ZPcUxaeWZUR01YU2JiTHZ6Q3RONkw3VFEtQTgwVUxkUC1OeWFNSWUyNXMzNFNfdVBRNlpUYk0xTVhWUDY4SHFvTkRSUWE0QURHdDlWclBHU0JKbmgzNERnZzlVZ29RbFpScFR2ejJuRDd4MV8wcGZlbUI4dVo0SXZULWN3SXVkbmhYUGJaOFNn?oc=5"" target=""_blank"">Record gold prices push Italian jewellers to make leaner designs</a>&nbsp;&nbsp;<font color=""#6f6f6f"">Reuters</font>",https://news.google.com/rss/articles/CBMipgFBVV95cUxQcWNvZTZDRDd4aUgyVjhCajd1RFY4S2ZPcUxaeWZUR01YU2JiTHZ6Q3RONkw3VFEtQTgwVUxkUC1OeWFNSWUyNXMzNFNfdVBRNlpUYk0xTVhWUDY4SHFvTkRSUWE0QURHdDlWclBHU0JKbmgzNERnZzlVZ29RbFpScFR2ejJuRDd4MV8wcGZlbUI4dVo0SXZULWN3SXVkbmhYUGJaOFNn?oc=5,2026-01-30 10:25:28,,
reuters,world,Iran to label EU armed forces as 'terrorists' over Guards blacklist - Reuters,"<a href=""https://news.google.com/rss/articles/CBMiswFBVV95cUxObUZuSmpyVG1wUG9vR3RzQ0ZSRk4yVGdaeGw4c1ZTLUhlVndMd3hvSUZnaTllRzhqaHB0MDZuSlFzU003bXdOMnBreXVKUE5iOWFHdG5Ja2dJZk9VWFlxVmFKZ1R1ZGRjWFppeEIwOXJkT2ZhdUFYa25oVUN6WngwYVZPWnRoaktCeDVOaTY4Xzh0b1ZYX3puSmtrS3R1QVI2ODFkOWtsZi1WNGtIYWs4a0drMA?oc=5"" target=""_blank"">Iran to label EU armed forces as 'terrorists' over Guards blacklist</a>&nbsp;&nbsp;<font color=""#6f6f6f"">Reuters</font>",https://news.google.com/rss/articles/CBMiswFBVV95cUxObUZuSmpyVG1wUG9vR3RzQ0ZSRk4yVGdaeGw4c1ZTLUhlVndMd3hvSUZnaTllRzhqaHB0MDZuSlFzU003bXdOMnBreXVKUE5iOWFHdG5Ja2dJZk9VWFlxVmFKZ1R1ZGRjWFppeEIwOXJkT2ZhdUFYa25oVUN6WngwYVZPWnRoaktCeDVOaTY4Xzh0b1ZYX3puSmtrS3R1QVI2ODFkOWtsZi1WNGtIYWs4a0drMA?oc=5,2026-01-30 12:32:57,,
reuters,world,Timberwolves call for unity after fatal ICE shootings in Minneapolis - Reuters,"<a href=""https://news.google.com/rss/articles/CBMiqgFBVV95cUxOd2pkNFpvRWFucnAtLWZRWjFkZ1NzRjBpck5qcFN2SUYzWlB5bzR4NGViLVltV3RMcGd6T1laa0FINWg1ZzFtbE1KaXBGQkM1OUNCT2ZFZnB2RHdtdi13ZmtHMnlwdGxlYmxJTXVHZjEtZFRfUEZOeWNTaklaQ21nMDN5U0c5SkQ4Mm1XcURwcDU2Tk9GS2M4bHlRdzB6cWNuN2lGQ0J0VzZQZw?oc=5"" target=""_blank"">Timberwolves call for unity after fatal ICE shootings in Minneapolis</a>&nbsp;&nbsp;<font color=""#6f6f6f"">Reuters</font>",https://news.google.com/rss/articles/CBMiqgFBVV95cUxOd2pkNFpvRWFucnAtLWZRWjFkZ1NzRjBpck5qcFN2SUYzWlB5bzR4NGViLVltV3RMcGd6T1laa0FINWg1ZzFtbE1KaXBGQkM1OUNCT2ZFZnB2RHdtdi13ZmtHMnlwdGxlYmxJTXVHZjEtZFRfUEZOeWNTaklaQ21nMDN5U0c5SkQ4Mm1XcURwcDU2Tk9GS2M4bHlRdzB6cWNuN2lGQ0J0VzZQZw?oc=5,2026-01-30 14:44:18,,
reuters,world,"Sudanese paramilitary force abducting children in Darfur, witnesses say - Reuters","<a href=""https://news.google.com/rss/articles/CBMitwFBVV95cUxQMFJUVlA2cHJSLU93X3dKcWR3ZXoxR3lSZ1haWHBTREJ6RDhnMlhYSFpPbjVYTEhVTkpfUEhxWURDTV9RVnJnMGZNeUdsUUtma3pzUVFXM1JPa25VUFJ0NjUzTzJVMktXMmFlNDE2SjZYUno4aXUtbEN3SF9uTzRFQmpCMXpuZEFtczM5VG5aZFpkMUE3MnNyd1lYZ2NOaDhjTi1HZjRqUjVIcE1hVnlkZks0ZWdqdTQ?oc=5"" target=""_blank"">Sudanese paramilitary force abducting children in Darfur, witnesses say</a>&nbsp;&nbsp;<font color=""#6f6f6f"">Reuters</font>",https://news.google.com/rss/articles/CBMitwFBVV95cUxQMFJUVlA2cHJSLU93X3dKcWR3ZXoxR3lSZ1haWHBTREJ6RDhnMlhYSFpPbjVYTEhVTkpfUEhxWURDTV9RVnJnMGZNeUdsUUtma3pzUVFXM1JPa25VUFJ0NjUzTzJVMktXMmFlNDE2SjZYUno4aXUtbEN3SF9uTzRFQmpCMXpuZEFtczM5VG5aZFpkMUE3MnNyd1lYZ2NOaDhjTi1HZjRqUjVIcE1hVnlkZks0ZWdqdTQ?oc=5,2026-01-30 10:02:44,,
reuters,world,Olympic bus fare surcharge leaves 11-year-old stranded in snow - Reuters,"<a href=""https://news.google.com/rss/articles/CBMiowFBVV95cUxQMHRvaG14U19FRXN1dnNYYVdtd1k4YjMtNmo5QlRwTWdpLUNoVWIyX1ZiVUdSTWtVbmZJb2ROUmpqdW5xdmRsSkVLZjBXa2RqeGdtUnNEUS1OektYY1AzQUJCZmxoWWQ1ZnJ2RDFWUm1mLWdrYWQ5RTNGSm9PeW90OURGTG1vOXhiNTZ5T1htT29hS1JqZlZVQ2ZwdU05M3NBdGhV?oc=5"" target=""_blank"">Olympic bus fare surcharge leaves 11-year-old stranded in snow</a>&nbsp;&nbsp;<font color=""#6f6f6f"">Reuters</font>",https://news.google.com/rss/articles/CBMiowFBVV95cUxQMHRvaG14U19FRXN1dnNYYVdtd1k4YjMtNmo5QlRwTWdpLUNoVWIyX1ZiVUdSTWtVbmZJb2ROUmpqdW5xdmRsSkVLZjBXa2RqeGdtUnNEUS1OektYY1AzQUJCZmxoWWQ1ZnJ2RDFWUm1mLWdrYWQ5RTNGSm9PeW90OURGTG1vOXhiNTZ5T1htT29hS1JqZlZVQ2ZwdU05M3NBdGhV?oc=5,2026-01-30 13:11:15,,
reuters,world,Visit by Britain's Starmer shows drawbacks of 'China pivot' in countering Trump - Reuters,"<a href=""https://news.google.com/rss/articles/CBMiugFBVV95cUxPb2NMWmhGdE00TVdnQzFpamtJZ3JwSWpWanJqZDBXaWx2Z2w1Q2FBNE05SWRYMTBxQlZSYmg1TmJYY0gyOFg5LWFXRDBDOVV5ZFNpTTQ1SDcybWZjZkY5anYxdmxMbGlnZmZiampRakJyTTFOUG5JaFdNNGNjejY3Zi1rTVVyTTRiSUMyWmdVR1IwZUhJMEZudURBYTRMRE8xNGNDNmk4aWJMOWxlX1Vod0hQWWhGV1F1T0E?oc=5"" target=""_blank"">Visit by Britain's Starmer shows drawbacks of 'China pivot' in countering Trump</a>&nbsp;&nbsp;<font color=""#6f6f6f"">Reuters</font>",https://news.google.com/rss/articles/CBMiugFBVV95cUxPb2NMWmhGdE00TVdnQzFpamtJZ3JwSWpWanJqZDBXaWx2Z2w1Q2FBNE05SWRYMTBxQlZSYmg1TmJYY0gyOFg5LWFXRDBDOVV5ZFNpTTQ1SDcybWZjZkY5anYxdmxMbGlnZmZiampRakJyTTFOUG5JaFdNNGNjejY3Zi1rTVVyTTRiSUMyWmdVR1IwZUhJMEZudURBYTRMRE8xNGNDNmk4aWJMOWxlX1Vod0hQWWhGV1F1T0E?oc=5,2026-01-30 09:52:56,,
reuters,world,"Gold falls below $5,000/oz, but set for best month since 1999 - Reuters","<a href=""https://news.google.com/rss/articles/CBMingFBVV95cUxNVG4tdDU1VHlsd0RDaVpyX3lsSzBLYS1QNXc3dllVTWJvNXVxV1JLVVh0MjNPR0pkemZpbUNkTGNLWmpfT3ZySWYtbW9UZWJfMGtqam8xdGw2X0s1aHhDVklBZjZIRnlTM1BoTHZCZFBTRUlTR0FKU2NPX0tIbWstMjFuaFJ6dnRfQWdyT2tWZ3lYNE9qNXV1RE40Q0NJdw?oc=5"" target=""_blank"">Gold falls below $5,000/oz, but set for best month since 1999</a>&nbsp;&nbsp;<font color=""#6f6f6f"">Reuters</font>",https://news.google.com/rss/articles/CBMingFBVV95cUxNVG4tdDU1VHlsd0RDaVpyX3lsSzBLYS1QNXc3dllVTWJvNXVxV1JLVVh0MjNPR0pkemZpbUNkTGNLWmpfT3ZySWYtbW9UZWJfMGtqam8xdGw2X0s1aHhDVklBZjZIRnlTM1BoTHZCZFBTRUlTR0FKU2NPX0tIbWstMjFuaFJ6dnRfQWdyT2tWZ3lYNE9qNXV1RE40Q0NJdw?oc=5,2026-01-30 09:48:17,,
reuters,world,"Syrian government, Kurds agree integration deal, US hails 'historic milestone' - Reuters","<a href=""https://news.google.com/rss/articles/CBMizAFBVV95cUxOR2FITmxIZ1V6ek02Q1UyV0dadWVxUmM2TVVJWnRZVEV5dnE2UFpHRkdvbDQtcGd6TWRadXliTFljaWY2a0tlZzJuZnE4N1pRSm5VZ2lfR2h6RnpmTzNZWXpnNEFVV0w4WWJwbC1fNFk0UkJZMm1ud3htQnBCeXNyWkROc1pLMXNaczlza2hkZFBzT0diMi0wTVMyVzVqTUQ0LTRpYmd0NHVnR3R6Rk1NLXg5cTZsdDZidm8tMnVadzZMWTJXSjFpVHpwMWg?oc=5"" target=""_blank"">Syrian government, Kurds agree integration deal, US hails 'historic milestone'</a>&nbsp;&nbsp;<font color=""#6f6f6f"">Reuters</font>",https://news.google.com/rss/articles/CBMizAFBVV95cUxOR2FITmxIZ1V6ek02Q1UyV0dadWVxUmM2TVVJWnRZVEV5dnE2UFpHRkdvbDQtcGd6TWRadXliTFljaWY2a0tlZzJuZnE4N1pRSm5VZ2lfR2h6RnpmTzNZWXpnNEFVV0w4WWJwbC1fNFk0UkJZMm1ud3htQnBCeXNyWkROc1pLMXNaczlza2hkZFBzT0diMi0wTVMyVzVqTUQ0LTRpYmd0NHVnR3R6Rk1NLXg5cTZsdDZidm8tMnVadzZMWTJXSjFpVHpwMWg?oc=5,2026-01-30 08:24:28,,
reuters,world,"India's forex reserves rise to record high of $709.41 billion, central bank data shows - Reuters","<a href=""https://news.google.com/rss/articles/CBMiwgFBVV95cUxOVTRINDktNmh5MG1kRWt5SWFWcEVaYldSeGRVR3RVTUZvVW9qTUpNOXRGYUtvdmVnWlQ5R0ZOU01TUnR1cFVIbV90LW1yYWN2TWV4Uy1VaWtmYTNqTDhnejdNWlZ2Zzl6MTF0RGNCSTZKLTFDTzBUN3VDSm9Ub3ZVRGVFY0g3Y3hVenZwbzFKUVVLekN6UmNOd3ZmcmhOanVWZll6UGRITmh3MkROVVRCUm5zcE13U0ZYOTZSeEJkS0xFdw?oc=5"" target=""_blank"">India's forex reserves rise to record high of $709.41 billion, central bank data shows</a>&nbsp;&nbsp;<font color=""#6f6f6f"">Reuters</font>",https://news.google.com/rss/articles/CBMiwgFBVV95cUxOVTRINDktNmh5MG1kRWt5SWFWcEVaYldSeGRVR3RVTUZvVW9qTUpNOXRGYUtvdmVnWlQ5R0ZOU01TUnR1cFVIbV90LW1yYWN2TWV4Uy1VaWtmYTNqTDhnejdNWlZ2Zzl6MTF0RGNCSTZKLTFDTzBUN3VDSm9Ub3ZVRGVFY0g3Y3hVenZwbzFKUVVLekN6UmNOd3ZmcmhOanVWZll6UGRITmh3MkROVVRCUm5zcE13U0ZYOTZSeEJkS0xFdw?oc=5,2026-01-30 12:11:02,,
reuters,world,"Gaza’s Rafah crossing with Egypt to reopen on Sunday, Israel says - Reuters","<a href=""https://news.google.com/rss/articles/CBMiugFBVV95cUxPTTI1QURiUHgzdUtjYVFyUnB5OVNiLWhzenVVVmRKWWRXZEh5eDEzTWpLdFpzNVViWXc5bDdLdm9XS1NlbHBpaTc5dVp4dmtKaGhTTlptVnV6ZHpGamIwYmhaYzZsLVFzTDFyd2xFcWNZclJycVRyb3l6RG4xRnpBQU91eEFyYVhHTnJkYVhxWmpkLW1COEFGSVg5ZE1GQlJiU0FrRllxTTdRUDQ2SDl6ZGRPa0JNNkJGdHc?oc=5"" target=""_blank"">Gaza’s Rafah crossing with Egypt to reopen on Sunday, Israel says</a>&nbsp;&nbsp;<font color=""#6f6f6f"">Reuters</font>",https://news.google.com/rss/articles/CBMiugFBVV95cUxPTTI1QURiUHgzdUtjYVFyUnB5OVNiLWhzenVVVmRKWWRXZEh5eDEzTWpLdFpzNVViWXc5bDdLdm9XS1NlbHBpaTc5dVp4dmtKaGhTTlptVnV6ZHpGamIwYmhaYzZsLVFzTDFyd2xFcWNZclJycVRyb3l6RG4xRnpBQU91eEFyYVhHTnJkYVhxWmpkLW1COEFGSVg5ZE1GQlJiU0FrRllxTTdRUDQ2SDl6ZGRPa0JNNkJGdHc?oc=5,2026-01-30 11:37:39,,
reuters,world,"Canada's economic growth stalled in November, could contract in fourth quarter - Reuters","<a href=""https://news.google.com/rss/articles/CBMirgFBVV95cUxNb19rUnZLaEowTk51Q21MZEVBRW40aEI1aG1CS3hQZ212bVk2WlZObFd0STJPV29HWG1pRnJxOGdRdl9ETVBUWm5MVEc3V1dOVVBkaHZiR0kxWW93dnBsOTlCb1VTVUgwRTlWXzlnZS0wa1pTYTNodDBTUkZlU0RObUVFMzc4V1hSQ2pEZFZ2a2czYmI0cmZEbWJQMHZ3RF9nQ0pobEc3Wmh1VkFJUWc?oc=5"" target=""_blank"">Canada's economic growth stalled in November, could contract in fourth quarter</a>&nbsp;&nbsp;<font color=""#6f6f6f"">Reuters</font>",https://news.google.com/rss/articles/CBMirgFBVV95cUxNb19rUnZLaEowTk51Q21MZEVBRW40aEI1aG1CS3hQZ212bVk2WlZObFd0STJPV29HWG1pRnJxOGdRdl9ETVBUWm5MVEc3V1dOVVBkaHZiR0kxWW93dnBsOTlCb1VTVUgwRTlWXzlnZS0wa1pTYTNodDBTUkZlU0RObUVFMzc4V1hSQ2pEZFZ2a2czYmI0cmZEbWJQMHZ3RF9nQ0pobEc3Wmh1VkFJUWc?oc=5,2026-01-30 13:34:30,,
reuters,world,Exclusive: China conditionally approves DeepSeek to buy Nvidia's H200 chips - sources - Reuters,"<a href=""https://news.google.com/rss/articles/CBMitwFBVV95cUxNRWRNWTVXcVEwQWlQMi0wWThOd3M2XzBsSGs0c2tCcVdBNVg3NUg5WDVOcEE2WEpVenNqaEVXa2ktZXdpVGpWdDN1WTUyelVnNWhpbDNFS2hLNWJsdGtfWG8tcVRjN2VDQjU2TkVCb0JEUVY1YW03aFMzVHhkbGhZUjJQVVJ6eFdYNEt5RURfMzdKN1otUjlSR1NIMGVDQ2Q0Q0dNMHpmc3RkSVRFQUx1M0JGOWRNMU0?oc=5"" target=""_blank"">Exclusive: China conditionally approves DeepSeek to buy Nvidia's H200 chips - sources</a>&nbsp;&nbsp;<font color=""#6f6f6f"">Reuters</font>",https://news.google.com/rss/articles/CBMitwFBVV95cUxNRWRNWTVXcVEwQWlQMi0wWThOd3M2XzBsSGs0c2tCcVdBNVg3NUg5WDVOcEE2WEpVenNqaEVXa2ktZXdpVGpWdDN1WTUyelVnNWhpbDNFS2hLNWJsdGtfWG8tcVRjN2VDQjU2TkVCb0JEUVY1YW03aFMzVHhkbGhZUjJQVVJ6eFdYNEt5RURfMzdKN1otUjlSR1NIMGVDQ2Q0Q0dNMHpmc3RkSVRFQUx1M0JGOWRNMU0?oc=5,2026-01-30 06:51:25,,
reuters,world,US envoys to Israel blocked early warning of 'Apocalyptic Wasteland' in Gaza - Reuters,"<a href=""https://news.google.com/rss/articles/CBMirwFBVV95cUxOT2NtYlMycW85QkN1TmhDNWs2QXlIZDNrNkxfcHV1TVJmRmt6bmdaWUJHRE5tYXVzQWZVMXU1SE5iWEVTVXNUd0Z4ZzduVU1FV1ZZZWFMYnh5cmV0bHJCTTl1ckdLVlpDUjFVc00xMXlMelhzTzdrbUIwbzhpVWhNaHFKYnloSFdNUXJabmJiei01QVdKLTNhRE5KQzJpTGVOblhUT2xqT3hRT3ZZMlZR?oc=5"" target=""_blank"">US envoys to Israel blocked early warning of 'Apocalyptic Wasteland' in Gaza</a>&nbsp;&nbsp;<font color=""#6f6f6f"">Reuters</font>",https://news.google.com/rss/articles/CBMirwFBVV95cUxOT2NtYlMycW85QkN1TmhDNWs2QXlIZDNrNkxfcHV1TVJmRmt6bmdaWUJHRE5tYXVzQWZVMXU1SE5iWEVTVXNUd0Z4ZzduVU1FV1ZZZWFMYnh5cmV0bHJCTTl1ckdLVlpDUjFVc00xMXlMelhzTzdrbUIwbzhpVWhNaHFKYnloSFdNUXJabmJiei01QVdKLTNhRE5KQzJpTGVOblhUT2xqT3hRT3ZZMlZR?oc=5,2026-01-30 06:01:00,,
reuters,world,Gold set for steepest daily drop since 1983; silver eyes worst day ever - Reuters,"<a href=""https://news.google.com/rss/articles/CBMinwFBVV95cUxPeDU0SWprRnpZOC1fcUhmNEU1YmhsSkVCOFV4OFFfMEp6YW4yNW9KVUVKTHZkRldrd29uMG1QLVVYZ0FWaWVRaHVoNS1SZ1FiNHpSajRYQ2NLNWJKVlRsX0RnbHljN3JKZmt0VmkycTJWeXlNTUprU2V1TnpzNzU3TTU2OUZkMGphUWRLRHNRUmVzdGEwaVJ0djZud1ZZZEU?oc=5"" target=""_blank"">Gold set for steepest daily drop since 1983; silver eyes worst day ever</a>&nbsp;&nbsp;<font color=""#6f6f6f"">Reuters</font>",https://news.google.com/rss/articles/CBMinwFBVV95cUxPeDU0SWprRnpZOC1fcUhmNEU1YmhsSkVCOFV4OFFfMEp6YW4yNW9KVUVKTHZkRldrd29uMG1QLVVYZ0FWaWVRaHVoNS1SZ1FiNHpSajRYQ2NLNWJKVlRsX0RnbHljN3JKZmt0VmkycTJWeXlNTUprU2V1TnpzNzU3TTU2OUZkMGphUWRLRHNRUmVzdGEwaVJ0djZud1ZZZEU?oc=5,2026-01-30 02:04:53,,
reuters,world,"Stocks stumble, dollar climbs after Trump taps Warsh for Fed, inflation data - Reuters","<a href=""https://news.google.com/rss/articles/CBMigwFBVV95cUxPeFgyYm9QdzVZODgyaTJHU2tjdzJtLXF1OHU1U3Jid1Q5eW1uSE5adzVxVTY3cC10QXh5WTFCUkwyOURxR3B5bFhUT1M3Y3M4RENJbkhzdFZNelBxdFlFQjEtTnJGSzBraFlrQzMxUHRHZTc3NnkzRDZIUGZJMUhmLUFSTQ?oc=5"" target=""_blank"">Stocks stumble, dollar climbs after Trump taps Warsh for Fed, inflation data</a>&nbsp;&nbsp;<font color=""#6f6f6f"">Reuters</font>",https://news.google.com/rss/articles/CBMigwFBVV95cUxPeFgyYm9QdzVZODgyaTJHU2tjdzJtLXF1OHU1U3Jid1Q5eW1uSE5adzVxVTY3cC10QXh5WTFCUkwyOURxR3B5bFhUT1M3Y3M4RENJbkhzdFZNelBxdFlFQjEtTnJGSzBraFlrQzMxUHRHZTc3NnkzRDZIUGZJMUhmLUFSTQ?oc=5,2026-01-30 01:46:00,,
reuters,world,London Metal Exchange resumes trade after one-hour delay - Reuters,"<a href=""https://news.google.com/rss/articles/CBMiowFBVV95cUxQYTE1TG92V2JQSV9UdkFQVWFLOXZlVEFNODAtVy1BOWplUE43SGg0cXRZR1ZMdDl1c3hneUNQb2tHSWZZcWc2ZFQ0VlRBS1dWZ0R4aURPZXVSdW1mNGZwZDBnT1VMamw2R3hMZ3RsUUwzWTF2amR5OU9sUXVDUEJjZ09hdi1jVTJUQ2QwbEdmN3FpMkJyYjJwREJEM3YxeUhCaEdB?oc=5"" target=""_blank"">London Metal Exchange resumes trade after one-hour delay</a>&nbsp;&nbsp;<font color=""#6f6f6f"">Reuters</font>",https://news.google.com/rss/articles/CBMiowFBVV95cUxQYTE1TG92V2JQSV9UdkFQVWFLOXZlVEFNODAtVy1BOWplUE43SGg0cXRZR1ZMdDl1c3hneUNQb2tHSWZZcWc2ZFQ0VlRBS1dWZ0R4aURPZXVSdW1mNGZwZDBnT1VMamw2R3hMZ3RsUUwzWTF2amR5OU9sUXVDUEJjZ09hdi1jVTJUQ2QwbEdmN3FpMkJyYjJwREJEM3YxeUhCaEdB?oc=5,2026-01-30 02:29:35,,
reuters,world,Dozens of faith leaders arrested in Washington protest against Trump immigration policies - Reuters,"<a href=""https://news.google.com/rss/articles/CBMiuwFBVV95cUxNeG5NWE5kTER3aExCblA5UTBxcXNkS3AwYVBhLVpmSUlCN0htcWI4NzhPR1pMRncwdXR1VUVxWHJ2ajloM2FkanlCcTJYMkI5elFPWDRFaFR2WlpBSWFYU2s5cDAyNmVJY19CX3F5cGFMc05vN3ZCODl0bW40V25VaThLWDVRMTliWENtVW1UNVlYVE1CQVN6Zk1VQk9PYmU3UUx3d1JSekJ2NF92SE0yUEdjQnJHWEZhelow?oc=5"" target=""_blank"">Dozens of faith leaders arrested in Washington protest against Trump immigration policies</a>&nbsp;&nbsp;<font color=""#6f6f6f"">Reuters</font>",https://news.google.com/rss/articles/CBMiuwFBVV95cUxNeG5NWE5kTER3aExCblA5UTBxcXNkS3AwYVBhLVpmSUlCN0htcWI4NzhPR1pMRncwdXR1VUVxWHJ2ajloM2FkanlCcTJYMkI5elFPWDRFaFR2WlpBSWFYU2s5cDAyNmVJY19CX3F5cGFMc05vN3ZCODl0bW40V25VaThLWDVRMTliWENtVW1UNVlYVE1CQVN6Zk1VQk9PYmU3UUx3d1JSekJ2NF92SE0yUEdjQnJHWEZhelow?oc=5,2026-01-30 01:12:34,,
reuters,world,"We can't ignore China, says UK's Starmer after Trump criticises trade push - Reuters","<a href=""https://news.google.com/rss/articles/CBMiqAFBVV95cUxQcVhJeDg0OG5yeG9KalJYMEhVak9oR0FRdnQ5YlAxQWZXSWFsNWFMU2pIaW1wLVNSdlp2akd0b1lSN3J5VFFLNWxJaF8xdVRpdTZGMVNzOUFPVURlRTlTN0haTVNHZ3VUM0hWRTZ4SWYwZlN6TEJIV2NtWFJPVUU3UTRIV3FvVFZtQ21zeTZIUzhEc3ZLaTg5SDFWQlhqb2Q1MUx0dkJoV2I?oc=5"" target=""_blank"">We can't ignore China, says UK's Starmer after Trump criticises trade push</a>&nbsp;&nbsp;<font color=""#6f6f6f"">Reuters</font>",https://news.google.com/rss/articles/CBMiqAFBVV95cUxQcVhJeDg0OG5yeG9KalJYMEhVak9oR0FRdnQ5YlAxQWZXSWFsNWFMU2pIaW1wLVNSdlp2akd0b1lSN3J5VFFLNWxJaF8xdVRpdTZGMVNzOUFPVURlRTlTN0haTVNHZ3VUM0hWRTZ4SWYwZlN6TEJIV2NtWFJPVUU3UTRIV3FvVFZtQ21zeTZIUzhEc3ZLaTg5SDFWQlhqb2Q1MUx0dkJoV2I?oc=5,2026-01-30 01:08:52,,
reuters,world,"Panama court quashes CK Hutchison port contracts, clouding sales plan - Reuters","<a href=""https://news.google.com/rss/articles/CBMiowFBVV95cUxQTDVuY1hLN3pxRzRFVWp0c3JackRhcm9YNmJvaUZLaU9HZUQtT2JPYjhUenNvWEQzS1JXbUM1UjVvRURyQzRQSlNtaDhMWDlLVkVqWHhUNUk4bm1aTVlrdVVqM2d3LVVLX19LSG5KdUFBcVd3TndYczBQelZORXJNNXczcDM4eWFsUzNSbFFVejBXc3NaV2NnbDJPVW5EbDRWR2tj?oc=5"" target=""_blank"">Panama court quashes CK Hutchison port contracts, clouding sales plan</a>&nbsp;&nbsp;<font color=""#6f6f6f"">Reuters</font>",https://news.google.com/rss/articles/CBMiowFBVV95cUxQTDVuY1hLN3pxRzRFVWp0c3JackRhcm9YNmJvaUZLaU9HZUQtT2JPYjhUenNvWEQzS1JXbUM1UjVvRURyQzRQSlNtaDhMWDlLVkVqWHhUNUk4bm1aTVlrdVVqM2d3LVVLX19LSG5KdUFBcVd3TndYczBQelZORXJNNXczcDM4eWFsUzNSbFFVejBXc3NaV2NnbDJPVW5EbDRWR2tj?oc=5,2026-01-30 03:13:00,,
reuters,world,Top Indonesian financial regulators quit after $80 billion market meltdown - Reuters,"<a href=""https://news.google.com/rss/articles/CBMizgFBVV95cUxNTm5LZ2c2ZnpIcXVPcnN1QmJid1RVdXFmSDBuMWZSejZ6dGk5dG5OZVJPQ2xldEctTXlSei1ieVE1WjROMW5iSXczc0kxR1pjQlF3TkRlVjR4TXF5QWl5TUozQjA1dmUtNzB5dHhCT0ZFRHEydFJTR3Rfbk9iSHlLcnRzY0NLOS1FWUxLNEppZWRzV3F4VmJJQzFIRG9vaGhCTGlnVWFEUFAza1dhb3BOLUN4VVNlZ1V2SmZsa0tvRHBhUmZ3SS1xNjlMVnVSUQ?oc=5"" target=""_blank"">Top Indonesian financial regulators quit after $80 billion market meltdown</a>&nbsp;&nbsp;<font color=""#6f6f6f"">Reuters</font>",https://news.google.com/rss/articles/CBMizgFBVV95cUxNTm5LZ2c2ZnpIcXVPcnN1QmJid1RVdXFmSDBuMWZSejZ6dGk5dG5OZVJPQ2xldEctTXlSei1ieVE1WjROMW5iSXczc0kxR1pjQlF3TkRlVjR4TXF5QWl5TUozQjA1dmUtNzB5dHhCT0ZFRHEydFJTR3Rfbk9iSHlLcnRzY0NLOS1FWUxLNEppZWRzV3F4VmJJQzFIRG9vaGhCTGlnVWFEUFAza1dhb3BOLUN4VVNlZ1V2SmZsa0tvRHBhUmZ3SS1xNjlMVnVSUQ?oc=5,2026-01-30 01:40:00,,
reuters,world,Kremlin says Putin agreed to halt strikes on Kyiv until February 1 - Reuters,"<a href=""https://news.google.com/rss/articles/CBMitAFBVV95cUxOMDlOazNaRkhJN3N1eFM0aThKNk5mLS1BcDRlcTZ1RUVlYy05Nmx1SEozV0ZvSURsQnBMU2tnSjl6cTFjVy1NNjNiX21idXhKZUNxR0ltOTlLUmU0REVBcEF2ZS1LVTFhOTRxQXZiQk42UW1PaHg0WXJEQTBfTDJncGw2QVFkNmljalhobERSaDd1Zl9hQkpuaHNQZGt3UEhGLVRkMUwzS1c5d0k1Q21KN29Kdzk?oc=5"" target=""_blank"">Kremlin says Putin agreed to halt strikes on Kyiv until February 1</a>&nbsp;&nbsp;<font color=""#6f6f6f"">Reuters</font>",https://news.google.com/rss/articles/CBMitAFBVV95cUxOMDlOazNaRkhJN3N1eFM0aThKNk5mLS1BcDRlcTZ1RUVlYy05Nmx1SEozV0ZvSURsQnBMU2tnSjl6cTFjVy1NNjNiX21idXhKZUNxR0ltOTlLUmU0REVBcEF2ZS1LVTFhOTRxQXZiQk42UW1PaHg0WXJEQTBfTDJncGw2QVFkNmljalhobERSaDd1Zl9hQkpuaHNQZGt3UEhGLVRkMUwzS1c5d0k1Q21KN29Kdzk?oc=5,2026-01-30 10:09:33,,
reuters,world,ASIA GOLD India gold premiums at decadal high; China demand undeterred by price rise - Reuters,"<a href=""https://news.google.com/rss/articles/CBMixwFBVV95cUxON2QxUHNvMXdhcTFUcEhQQlc3WUFWNEh1T0JGOHNYdlBCN2FwVThvcFlNbHdSRjNOSW1rM2xnbmVIMGJKeElpa3FNOFh6THUzdXlWTnZkdVNIT21fVmhfeHNJLTR2R1NER0lZbDhGVjhmMVFtWkNYX0xSMjc4dHRiUVJXM2hjU3cyTGluV3RlMy1VUWR3dUtlOE1XTVFzZHpUSHV6Y3FtTXFIdHZ1Q0NPbzBOMzFwUzVpWGs5eGtHdHhSbVVZUXhR?oc=5"" target=""_blank"">ASIA GOLD India gold premiums at decadal high; China demand undeterred by price rise</a>&nbsp;&nbsp;<font color=""#6f6f6f"">Reuters</font>",https://news.google.com/rss/articles/CBMixwFBVV95cUxON2QxUHNvMXdhcTFUcEhQQlc3WUFWNEh1T0JGOHNYdlBCN2FwVThvcFlNbHdSRjNOSW1rM2xnbmVIMGJKeElpa3FNOFh6THUzdXlWTnZkdVNIT21fVmhfeHNJLTR2R1NER0lZbDhGVjhmMVFtWkNYX0xSMjc4dHRiUVJXM2hjU3cyTGluV3RlMy1VUWR3dUtlOE1XTVFzZHpUSHV6Y3FtTXFIdHZ1Q0NPbzBOMzFwUzVpWGs5eGtHdHhSbVVZUXhR?oc=5,2026-01-30 07:32:00,,
reuters,world,Mexico seeks to avoid US tariffs on states shipping oil to Cuba - Reuters,"<a href=""https://news.google.com/rss/articles/CBMiugFBVV95cUxQc2ZMWUkxTDFNclhVWjdLYjNlUVAxemJfWmN0aE5NRXpmQ3BEMHpMUUtES3ZQVHNSNjRzUW1YVE9zTExYZXliaVFXU2Q2Sm4zc0tQbHc4QWpPY3FHbTliMklGSDVkSHNwc3AzbndQNFNNb2wxZUlpNERtMlhTUF84TnhnNG4tZ2dfc2FSdlhOSnpSTnJfVGF0cVc4RmFDc3dBZkd3dFU5T290RE5MZVlrdUNRQ3BqQjJVT0E?oc=5"" target=""_blank"">Mexico seeks to avoid US tariffs on states shipping oil to Cuba</a>&nbsp;&nbsp;<font color=""#6f6f6f"">Reuters</font>",https://news.google.com/rss/articles/CBMiugFBVV95cUxQc2ZMWUkxTDFNclhVWjdLYjNlUVAxemJfWmN0aE5NRXpmQ3BEMHpMUUtES3ZQVHNSNjRzUW1YVE9zTExYZXliaVFXU2Q2Sm4zc0tQbHc4QWpPY3FHbTliMklGSDVkSHNwc3AzbndQNFNNb2wxZUlpNERtMlhTUF84TnhnNG4tZ2dfc2FSdlhOSnpSTnJfVGF0cVc4RmFDc3dBZkd3dFU5T290RE5MZVlrdUNRQ3BqQjJVT0E?oc=5,2026-01-30 16:33:12,,
reuters,world,American Airlines plans to resume US flights to Venezuela after Trump moves to open airspace - Reuters,"<a href=""https://news.google.com/rss/articles/CBMiygFBVV95cUxOVV9ZbTlRWktxTUxmUE5GZFl3VDEyZDg4YlYxcXYydkxiYXQxcG51TWFwMXBKT19LNnBkRHRYMlV1TENiWlk0aHRFVlN3aUV1a3JVaVliRjR6UlVPVXphUnloLUluaWRCbUR0WGVRSl9XNEZXN3AyZjRoOHRfUVFscm5wVXYtd0d4dkp3MnRpX2hkMmhDTDBfdHl3S3p2RkpqWmR2cmwxN1dLc3BTUjk3c3ZOZ00yRDNjdFgxYmtVZ05fbUphN05aYnRn?oc=5"" target=""_blank"">American Airlines plans to resume US flights to Venezuela after Trump moves to open airspace</a>&nbsp;&nbsp;<font color=""#6f6f6f"">Reuters</font>",https://news.google.com/rss/articles/CBMiygFBVV95cUxOVV9ZbTlRWktxTUxmUE5GZFl3VDEyZDg4YlYxcXYydkxiYXQxcG51TWFwMXBKT19LNnBkRHRYMlV1TENiWlk0aHRFVlN3aUV1a3JVaVliRjR6UlVPVXphUnloLUluaWRCbUR0WGVRSl9XNEZXN3AyZjRoOHRfUVFscm5wVXYtd0d4dkp3MnRpX2hkMmhDTDBfdHl3S3p2RkpqWmR2cmwxN1dLc3BTUjk3c3ZOZ00yRDNjdFgxYmtVZ05fbUphN05aYnRn?oc=5,2026-01-30 02:48:45,,
reuters,world,"Exclusive: US missions to review aid programs for compliance with new rules on abortion, diversity and gender - Reuters","<a href=""https://news.google.com/rss/articles/CBMiugFBVV95cUxOUVltNW1WaWVsT1lvRDZKbi12WmFDalJWdHZPeUo4aFlZMVhXOVdqdFNjSzBsNHMyYWNZQlVLUTlBcV9PMlFmQ3hpT1B6cXh2Z0ZXdkJvc3JRd1lRMzVVbmNWX0VZUElXdDBjQTdGYTFIdXFvZmRwQWtKLS1WNFVUX1pYUTZXTnltUGVWRWhKeTQ3VHJjMDVsMFFOdDdoNndCa1FaSm5uUUxXVmhXSlhPaTlaTnVuRlhFTVE?oc=5"" target=""_blank"">Exclusive: US missions to review aid programs for compliance with new rules on abortion, diversity and gender</a>&nbsp;&nbsp;<font color=""#6f6f6f"">Reuters</font>",https://news.google.com/rss/articles/CBMiugFBVV95cUxOUVltNW1WaWVsT1lvRDZKbi12WmFDalJWdHZPeUo4aFlZMVhXOVdqdFNjSzBsNHMyYWNZQlVLUTlBcV9PMlFmQ3hpT1B6cXh2Z0ZXdkJvc3JRd1lRMzVVbmNWX0VZUElXdDBjQTdGYTFIdXFvZmRwQWtKLS1WNFVUX1pYUTZXTnltUGVWRWhKeTQ3VHJjMDVsMFFOdDdoNndCa1FaSm5uUUxXVmhXSlhPaTlaTnVuRlhFTVE?oc=5,2026-01-29 23:51:51,,
reuters,world,"Russia, Ukraine halt energy strikes, but differences emerge on moratorium - Reuters","<a href=""https://news.google.com/rss/articles/CBMixwFBVV95cUxQVjlZdGdMUkYxXzVZSXVXVjQyZ01Yd1YtZElyMF9zcUhGOG42Uk5CcEYxTjBrVWNkeC1FM3lVam5iVnY1SWxuRlZMU21vS2Q4Mnd2aGIxZ2FRY2VUQU5tNmtSQlRlR2tvUWVBNGJxaVZTMmNxZF9hWUFmTUZzWmhWZlgzMmNvTzBnRU5zNmxNXzZJZnF1YzNCT0NkSEdvdjM3ZEZWdDVqWTdkaEh1SUtqSENrUHVVUnc3Nk84MTNxMnkxUGhDUVA4?oc=5"" target=""_blank"">Russia, Ukraine halt energy strikes, but differences emerge on moratorium</a>&nbsp;&nbsp;<font color=""#6f6f6f"">Reuters</font>",https://news.google.com/rss/articles/CBMixwFBVV95cUxQVjlZdGdMUkYxXzVZSXVXVjQyZ01Yd1YtZElyMF9zcUhGOG42Uk5CcEYxTjBrVWNkeC1FM3lVam5iVnY1SWxuRlZMU21vS2Q4Mnd2aGIxZ2FRY2VUQU5tNmtSQlRlR2tvUWVBNGJxaVZTMmNxZF9hWUFmTUZzWmhWZlgzMmNvTzBnRU5zNmxNXzZJZnF1YzNCT0NkSEdvdjM3ZEZWdDVqWTdkaEh1SUtqSENrUHVVUnc3Nk84MTNxMnkxUGhDUVA4?oc=5,2026-01-30 08:13:09,,
reuters,world,"Trump calls rate questions on Fed nominee Warsh inappropriate, confident on cuts - Reuters","<a href=""https://news.google.com/rss/articles/CBMiugFBVV95cUxPX3liYXo3ZlA2RlJWUV82eUl2bnhsNlpEcUV4Qnl3OFdxbVFMU1Qyb2NYTlVVcjgybVA4VkNQeThNTl8wTEQ3RzNFQ1VabllMcmRObDU5dnZLWi1EemFITldEUFE1bEU4NHU3bXFMdF9jb09wcFBmeG9hQ19nZE9GbGFoWkoyU0owOFFMSXQxaElHMmtkQVA2RGNWTWtuVHRveGplQXlYSm5Ua1lnYmVUZVdxUXJaYTFxV3c?oc=5"" target=""_blank"">Trump calls rate questions on Fed nominee Warsh inappropriate, confident on cuts</a>&nbsp;&nbsp;<font color=""#6f6f6f"">Reuters</font>",https://news.google.com/rss/articles/CBMiugFBVV95cUxPX3liYXo3ZlA2RlJWUV82eUl2bnhsNlpEcUV4Qnl3OFdxbVFMU1Qyb2NYTlVVcjgybVA4VkNQeThNTl8wTEQ3RzNFQ1VabllMcmRObDU5dnZLWi1EemFITldEUFE1bEU4NHU3bXFMdF9jb09wcFBmeG9hQ19nZE9GbGFoWkoyU0owOFFMSXQxaElHMmtkQVA2RGNWTWtuVHRveGplQXlYSm5Ua1lnYmVUZVdxUXJaYTFxV3c?oc=5,2026-01-30 18:09:56,,
reuters,world,Putin praises Russian military exports despite Western pressure - Reuters,"<a href=""https://news.google.com/rss/articles/CBMiqAFBVV95cUxQSXY2dWhfWkpsR01zOENYdnBwWnNtaEJQMHNVRmFEY3lYMGNuUXRCNWF5LXBidmJDdU53akRzM2FDdEF2VUd4Ym5UcU5LR09KTjcwVml5bDVpRFV4Nm9JT3d0MWtkbjdBUFExeHNhWHNiOTBqeHNzYTlfZHVyeWt5X0pJbDZfZ3oxUmF5a3g3SUVoWkhuWTdqblp2Q0k3OXpDMk5lOGpZaVo?oc=5"" target=""_blank"">Putin praises Russian military exports despite Western pressure</a>&nbsp;&nbsp;<font color=""#6f6f6f"">Reuters</font>",https://news.google.com/rss/articles/CBMiqAFBVV95cUxQSXY2dWhfWkpsR01zOENYdnBwWnNtaEJQMHNVRmFEY3lYMGNuUXRCNWF5LXBidmJDdU53akRzM2FDdEF2VUd4Ym5UcU5LR09KTjcwVml5bDVpRFV4Nm9JT3d0MWtkbjdBUFExeHNhWHNiOTBqeHNzYTlfZHVyeWt5X0pJbDZfZ3oxUmF5a3g3SUVoWkhuWTdqblp2Q0k3OXpDMk5lOGpZaVo?oc=5,2026-01-30 23:29:01,,
reuters,world,Trump says he is planning to talk to Iran - Reuters,"<a href=""https://news.google.com/rss/articles/CBMikwFBVV95cUxPdGdPSmxNSUxydmVIbEpvYzd5VkpfMG9YaV9ybkNabDNiaEtzd2FLZjk5cVJWZWRsalJuanJRaWJnYkpIV0xocWMwaldDN1FBWnZHLXNMZS1aYVBySmdHOUV4X3h3ZVNmTFZMckNEUlA4aEZFV2ZCdHZmeUduS3JxTGJzNUF1UjljSk5iZzk5VWltNWc?oc=5"" target=""_blank"">Trump says he is planning to talk to Iran</a>&nbsp;&nbsp;<font color=""#6f6f6f"">Reuters</font>",https://news.google.com/rss/articles/CBMikwFBVV95cUxPdGdPSmxNSUxydmVIbEpvYzd5VkpfMG9YaV9ybkNabDNiaEtzd2FLZjk5cVJWZWRsalJuanJRaWJnYkpIV0xocWMwaldDN1FBWnZHLXNMZS1aYVBySmdHOUV4X3h3ZVNmTFZMckNEUlA4aEZFV2ZCdHZmeUduS3JxTGJzNUF1UjljSk5iZzk5VWltNWc?oc=5,2026-01-30 00:45:00,,
reuters,world,China to lower tariffs on whisky imports in boost to trade with UK - Reuters,"<a href=""https://news.google.com/rss/articles/CBMijAFBVV95cUxNRkZpd2tUTWVOQmRQaGpKTExVTmNpVVFjMFRaUzk0TDNlQzMxd2gwMnQ4ams1TzBQaGRncm1UaVBzQTFrQ0o2MGxjd1ZOUXV0ZEZiRUtGSEVwWm9ib1NEOGhfa0E1N3Y3WHAxQkJnd0N6dnhIdXhrczE5NzlWOXo2WTRXcmdRckJ3T3U1Rg?oc=5"" target=""_blank"">China to lower tariffs on whisky imports in boost to trade with UK</a>&nbsp;&nbsp;<font color=""#6f6f6f"">Reuters</font>",https://news.google.com/rss/articles/CBMijAFBVV95cUxNRkZpd2tUTWVOQmRQaGpKTExVTmNpVVFjMFRaUzk0TDNlQzMxd2gwMnQ4ams1TzBQaGRncm1UaVBzQTFrQ0o2MGxjd1ZOUXV0ZEZiRUtGSEVwWm9ib1NEOGhfa0E1N3Y3WHAxQkJnd0N6dnhIdXhrczE5NzlWOXo2WTRXcmdRckJ3T3U1Rg?oc=5,2026-01-30 08:25:56,,
reuters,world,US judge temporarily blocks end of Ethiopians' deportation protections - Reuters,"<a href=""https://news.google.com/rss/articles/CBMirAFBVV95cUxPSmg3a2h5OEh0UU9EclA3LXFwd0lJNnRhXzR0bWZDYjNvSG9lelk3b3Z6MUE1bmdEN010SFFNRmVYb1lJMktrcUxmOTRqcXBkNmNLakJUZDlhdnM1QmNtZjhUSU9hT1dYRjVpUVhtVDloRzBiV0MzRWNkdng5cHpid1I3ejFKZWdSNUMxUm9zSnZoQlJfcWY1eFhEVm5TRDljR29lYTktNjhMYV9W?oc=5"" target=""_blank"">US judge temporarily blocks end of Ethiopians' deportation protections</a>&nbsp;&nbsp;<font color=""#6f6f6f"">Reuters</font>",https://news.google.com/rss/articles/CBMirAFBVV95cUxPSmg3a2h5OEh0UU9EclA3LXFwd0lJNnRhXzR0bWZDYjNvSG9lelk3b3Z6MUE1bmdEN010SFFNRmVYb1lJMktrcUxmOTRqcXBkNmNLakJUZDlhdnM1QmNtZjhUSU9hT1dYRjVpUVhtVDloRzBiV0MzRWNkdng5cHpid1I3ejFKZWdSNUMxUm9zSnZoQlJfcWY1eFhEVm5TRDljR29lYTktNjhMYV9W?oc=5,2026-01-30 17:51:41,,
reuters,world,China's Labubu-maker picks London for European HQ in boost for UK - Reuters,"<a href=""https://news.google.com/rss/articles/CBMinwFBVV95cUxOY2MzdFZuOW5FZWxLNmZKZS1iWTFodHpUZXFXVlZVRjBZN0E2WjFZRXJfb3ZUdFNEbHg3SHJ6VnZ3Z0tybHJaclN2alhpQlR3OTZQRUJkVWxlNUJNc3d2X2lfb3ZubzQ3dkx1T19abER1MUJ1dUZkNkNsMG9waWFzTDVpTjk2T2dRSmtpU01XWmNkdGlvdm8wR3pmNkRNbWM?oc=5"" target=""_blank"">China's Labubu-maker picks London for European HQ in boost for UK</a>&nbsp;&nbsp;<font color=""#6f6f6f"">Reuters</font>",https://news.google.com/rss/articles/CBMinwFBVV95cUxOY2MzdFZuOW5FZWxLNmZKZS1iWTFodHpUZXFXVlZVRjBZN0E2WjFZRXJfb3ZUdFNEbHg3SHJ6VnZ3Z0tybHJaclN2alhpQlR3OTZQRUJkVWxlNUJNc3d2X2lfb3ZubzQ3dkx1T19abER1MUJ1dUZkNkNsMG9waWFzTDVpTjk2T2dRSmtpU01XWmNkdGlvdm8wR3pmNkRNbWM?oc=5,2026-01-30 22:32:16,,
reuters,world,Nobel Committee says Peace Prize winner likely revealed early by digital spying - Reuters,"<a href=""https://news.google.com/rss/articles/CBMiygFBVV95cUxNZks4RjVkRUZlSkNRVG9YbDFDMUpqZFFzal9EWjdseFNJQ2dSTVd1eTUwZGlQOFJQb0JSWllkcEV6eTFrakdtbnZKX0VDOVQ1QVhuYTJ1TjZQOUNTdzN6cE82WnBuRGhpVW9lU3BTMlJLNDV4eGJaaG83Qks4RWtpUlBud1h4TTJsYmQwakVJalhOTGtzckdGeWcwa0d0bFphdXM4M1RLVktGOU9haDhDcTZvMmcySVNBdlVJaVhxNTZTa0hlTmhHZEd3?oc=5"" target=""_blank"">Nobel Committee says Peace Prize winner likely revealed early by digital spying</a>&nbsp;&nbsp;<font color=""#6f6f6f"">Reuters</font>",https://news.google.com/rss/articles/CBMiygFBVV95cUxNZks4RjVkRUZlSkNRVG9YbDFDMUpqZFFzal9EWjdseFNJQ2dSTVd1eTUwZGlQOFJQb0JSWllkcEV6eTFrakdtbnZKX0VDOVQ1QVhuYTJ1TjZQOUNTdzN6cE82WnBuRGhpVW9lU3BTMlJLNDV4eGJaaG83Qks4RWtpUlBud1h4TTJsYmQwakVJalhOTGtzckdGeWcwa0d0bFphdXM4M1RLVktGOU9haDhDcTZvMmcySVNBdlVJaVhxNTZTa0hlTmhHZEd3?oc=5,2026-01-30 13:08:14,,
